facility_id,facility_name,address,citytown,state,zip_code,countyparish,telephone_number,measure_id,measure_name,compared_to_national,denominator,score,lower_estimate,higher_estimate,number_of_patients,number_of_patients_returned,footnote,start_date,end_date
260001,MERCY HOSPITAL JOPLIN,100 MERCY WAY,JOPLIN,MO,64804,JASPER,(417) 781-2727,EDAC_30_AMI,Hospital return days for heart attack patients,More Days Than Average per 100 Discharges,154,15,1.7,31.3,150,43,,07/01/2021,06/30/2024
260001,MERCY HOSPITAL JOPLIN,100 MERCY WAY,JOPLIN,MO,64804,JASPER,(417) 781-2727,EDAC_30_HF,Hospital return days for heart failure patients,More Days Than Average per 100 Discharges,334,23.6,11.4,37.5,281,98,,07/01/2021,06/30/2024
260001,MERCY HOSPITAL JOPLIN,100 MERCY WAY,JOPLIN,MO,64804,JASPER,(417) 781-2727,EDAC_30_PN,Hospital return days for pneumonia patients,Average Days per 100 Discharges,484,-2.8,-11.3,7.1,430,121,,07/01/2021,06/30/2024
260001,MERCY HOSPITAL JOPLIN,100 MERCY WAY,JOPLIN,MO,64804,JASPER,(417) 781-2727,Hybrid_HWR,Hybrid Hospital-Wide All-Cause Readmission Measure (HWR),No Different Than the National Rate,1988,15.3,14.3,16.5,Not Applicable,Not Applicable,,07/01/2023,06/30/2024
260001,MERCY HOSPITAL JOPLIN,100 MERCY WAY,JOPLIN,MO,64804,JASPER,(417) 781-2727,OP_32,"Rate of unplanned hospital visits after colonoscopy (per 1,000 colonoscopies)",No Different Than the National Rate,1362,16.3,12.8,20.7,Not Applicable,Not Applicable,,01/01/2022,12/31/2024
260001,MERCY HOSPITAL JOPLIN,100 MERCY WAY,JOPLIN,MO,64804,JASPER,(417) 781-2727,OP_35_ADM,Rate of inpatient admissions for patients receiving outpatient chemotherapy,No Different Than the National Rate,160,10.3,7.8,13.5,Not Applicable,Not Applicable,,01/01/2024,12/31/2024
260001,MERCY HOSPITAL JOPLIN,100 MERCY WAY,JOPLIN,MO,64804,JASPER,(417) 781-2727,OP_35_ED,Rate of emergency department (ED) visits for patients receiving outpatient chemotherapy,No Different Than the National Rate,160,6.1,4.3,8.7,Not Applicable,Not Applicable,,01/01/2024,12/31/2024
260001,MERCY HOSPITAL JOPLIN,100 MERCY WAY,JOPLIN,MO,64804,JASPER,(417) 781-2727,OP_36,Ratio of unplanned hospital visits after hospital outpatient surgery,No Different than expected,372,1,0.7,1.3,Not Applicable,Not Applicable,,01/01/2024,12/31/2024
260001,MERCY HOSPITAL JOPLIN,100 MERCY WAY,JOPLIN,MO,64804,JASPER,(417) 781-2727,READM_30_AMI,Acute Myocardial Infarction (AMI) 30-Day Readmission Rate,No Different Than the National Rate,154,14,11.4,17.2,Not Applicable,Not Applicable,,07/01/2021,06/30/2024
260001,MERCY HOSPITAL JOPLIN,100 MERCY WAY,JOPLIN,MO,64804,JASPER,(417) 781-2727,READM_30_CABG,Rate of readmission for CABG,No Different Than the National Rate,61,12,8.7,16.4,Not Applicable,Not Applicable,,07/01/2021,06/30/2024
260001,MERCY HOSPITAL JOPLIN,100 MERCY WAY,JOPLIN,MO,64804,JASPER,(417) 781-2727,READM_30_COPD,Rate of readmission for chronic obstructive pulmonary disease (COPD) patients,No Different Than the National Rate,128,17.4,14.6,20.9,Not Applicable,Not Applicable,,07/01/2021,06/30/2024
260001,MERCY HOSPITAL JOPLIN,100 MERCY WAY,JOPLIN,MO,64804,JASPER,(417) 781-2727,READM_30_HF,Heart failure (HF) 30-Day Readmission Rate,No Different Than the National Rate,334,20.7,18.0,23.7,Not Applicable,Not Applicable,,07/01/2021,06/30/2024
260001,MERCY HOSPITAL JOPLIN,100 MERCY WAY,JOPLIN,MO,64804,JASPER,(417) 781-2727,READM_30_HIP_KNEE,Rate of readmission after hip/knee replacement,Number of Cases Too Small,Not Available,Not Available,Not Available,Not Available,Not Applicable,Not Applicable,1,07/01/2021,06/30/2024
260001,MERCY HOSPITAL JOPLIN,100 MERCY WAY,JOPLIN,MO,64804,JASPER,(417) 781-2727,READM_30_PN,Pneumonia (PN) 30-Day Readmission Rate,No Different Than the National Rate,484,16.8,14.6,19.5,Not Applicable,Not Applicable,,07/01/2021,06/30/2024
260005,SSM ST JOSEPH HEALTH CENTER,300 1ST CAPITOL DR,SAINT CHARLES,MO,63301,ST. CHARLES,(636) 947-5000,EDAC_30_AMI,Hospital return days for heart attack patients,Average Days per 100 Discharges,76,-7.5,-25.6,14.5,75,24,,07/01/2021,06/30/2024
260005,SSM ST JOSEPH HEALTH CENTER,300 1ST CAPITOL DR,SAINT CHARLES,MO,63301,ST. CHARLES,(636) 947-5000,EDAC_30_HF,Hospital return days for heart failure patients,More Days Than Average per 100 Discharges,285,13.3,0.1,27.9,230,96,,07/01/2021,06/30/2024
260005,SSM ST JOSEPH HEALTH CENTER,300 1ST CAPITOL DR,SAINT CHARLES,MO,63301,ST. CHARLES,(636) 947-5000,EDAC_30_PN,Hospital return days for pneumonia patients,More Days Than Average per 100 Discharges,205,36.9,21.7,54,184,63,,07/01/2021,06/30/2024
260005,SSM ST JOSEPH HEALTH CENTER,300 1ST CAPITOL DR,SAINT CHARLES,MO,63301,ST. CHARLES,(636) 947-5000,Hybrid_HWR,Hybrid Hospital-Wide All-Cause Readmission Measure (HWR),No Different Than the National Rate,1087,15.1,13.8,16.4,Not Applicable,Not Applicable,,07/01/2023,06/30/2024
260005,SSM ST JOSEPH HEALTH CENTER,300 1ST CAPITOL DR,SAINT CHARLES,MO,63301,ST. CHARLES,(636) 947-5000,OP_32,"Rate of unplanned hospital visits after colonoscopy (per 1,000 colonoscopies)",No Different Than the National Rate,666,12.5,9.5,16.5,Not Applicable,Not Applicable,,01/01/2022,12/31/2024
260005,SSM ST JOSEPH HEALTH CENTER,300 1ST CAPITOL DR,SAINT CHARLES,MO,63301,ST. CHARLES,(636) 947-5000,OP_35_ADM,Rate of inpatient admissions for patients receiving outpatient chemotherapy,Number of Cases Too Small,Not Available,Not Available,Not Available,Not Available,Not Applicable,Not Applicable,1,01/01/2024,12/31/2024
260005,SSM ST JOSEPH HEALTH CENTER,300 1ST CAPITOL DR,SAINT CHARLES,MO,63301,ST. CHARLES,(636) 947-5000,OP_35_ED,Rate of emergency department (ED) visits for patients receiving outpatient chemotherapy,Number of Cases Too Small,Not Available,Not Available,Not Available,Not Available,Not Applicable,Not Applicable,1,01/01/2024,12/31/2024
260005,SSM ST JOSEPH HEALTH CENTER,300 1ST CAPITOL DR,SAINT CHARLES,MO,63301,ST. CHARLES,(636) 947-5000,OP_36,Ratio of unplanned hospital visits after hospital outpatient surgery,No Different than expected,400,1,0.8,1.3,Not Applicable,Not Applicable,,01/01/2024,12/31/2024
260005,SSM ST JOSEPH HEALTH CENTER,300 1ST CAPITOL DR,SAINT CHARLES,MO,63301,ST. CHARLES,(636) 947-5000,READM_30_AMI,Acute Myocardial Infarction (AMI) 30-Day Readmission Rate,No Different Than the National Rate,76,13.5,10.8,16.6,Not Applicable,Not Applicable,,07/01/2021,06/30/2024
260005,SSM ST JOSEPH HEALTH CENTER,300 1ST CAPITOL DR,SAINT CHARLES,MO,63301,ST. CHARLES,(636) 947-5000,READM_30_CABG,Rate of readmission for CABG,Not Available,Not Available,Not Available,Not Available,Not Available,Not Applicable,Not Applicable,5,07/01/2021,06/30/2024
260005,SSM ST JOSEPH HEALTH CENTER,300 1ST CAPITOL DR,SAINT CHARLES,MO,63301,ST. CHARLES,(636) 947-5000,READM_30_COPD,Rate of readmission for chronic obstructive pulmonary disease (COPD) patients,No Different Than the National Rate,99,19.9,16.6,23.4,Not Applicable,Not Applicable,,07/01/2021,06/30/2024
260005,SSM ST JOSEPH HEALTH CENTER,300 1ST CAPITOL DR,SAINT CHARLES,MO,63301,ST. CHARLES,(636) 947-5000,READM_30_HF,Heart failure (HF) 30-Day Readmission Rate,No Different Than the National Rate,285,19.9,17.0,23.1,Not Applicable,Not Applicable,,07/01/2021,06/30/2024
260005,SSM ST JOSEPH HEALTH CENTER,300 1ST CAPITOL DR,SAINT CHARLES,MO,63301,ST. CHARLES,(636) 947-5000,READM_30_HIP_KNEE,Rate of readmission after hip/knee replacement,Number of Cases Too Small,Not Available,Not Available,Not Available,Not Available,Not Applicable,Not Applicable,1,07/01/2021,06/30/2024
260005,SSM ST JOSEPH HEALTH CENTER,300 1ST CAPITOL DR,SAINT CHARLES,MO,63301,ST. CHARLES,(636) 947-5000,READM_30_PN,Pneumonia (PN) 30-Day Readmission Rate,No Different Than the National Rate,205,16.8,14.1,20.1,Not Applicable,Not Applicable,,07/01/2021,06/30/2024
260006,MOSAIC LIFE CARE AT ST JOSEPH,5325 FARAON STREET,SAINT JOSEPH,MO,64506,BUCHANAN,(816) 271-6000,EDAC_30_AMI,Hospital return days for heart attack patients,Average Days per 100 Discharges,285,9.8,-1.4,21.6,280,81,,07/01/2021,06/30/2024
260006,MOSAIC LIFE CARE AT ST JOSEPH,5325 FARAON STREET,SAINT JOSEPH,MO,64506,BUCHANAN,(816) 271-6000,EDAC_30_HF,Hospital return days for heart failure patients,Average Days per 100 Discharges,634,3.9,-5.4,13.7,505,190,,07/01/2021,06/30/2024
260006,MOSAIC LIFE CARE AT ST JOSEPH,5325 FARAON STREET,SAINT JOSEPH,MO,64506,BUCHANAN,(816) 271-6000,EDAC_30_PN,Hospital return days for pneumonia patients,Average Days per 100 Discharges,1194,-4.9,-10.9,1.7,981,269,,07/01/2021,06/30/2024
260006,MOSAIC LIFE CARE AT ST JOSEPH,5325 FARAON STREET,SAINT JOSEPH,MO,64506,BUCHANAN,(816) 271-6000,Hybrid_HWR,Hybrid Hospital-Wide All-Cause Readmission Measure (HWR),No Different Than the National Rate,3813,15.5,14.7,16.4,Not Applicable,Not Applicable,,07/01/2023,06/30/2024
260006,MOSAIC LIFE CARE AT ST JOSEPH,5325 FARAON STREET,SAINT JOSEPH,MO,64506,BUCHANAN,(816) 271-6000,OP_32,"Rate of unplanned hospital visits after colonoscopy (per 1,000 colonoscopies)",No Different Than the National Rate,1291,11.6,9,14.8,Not Applicable,Not Applicable,,01/01/2022,12/31/2024
260006,MOSAIC LIFE CARE AT ST JOSEPH,5325 FARAON STREET,SAINT JOSEPH,MO,64506,BUCHANAN,(816) 271-6000,OP_35_ADM,Rate of inpatient admissions for patients receiving outpatient chemotherapy,Worse Than the National Rate,394,14.9,12.4,17.6,Not Applicable,Not Applicable,,01/01/2024,12/31/2024
260006,MOSAIC LIFE CARE AT ST JOSEPH,5325 FARAON STREET,SAINT JOSEPH,MO,64506,BUCHANAN,(816) 271-6000,OP_35_ED,Rate of emergency department (ED) visits for patients receiving outpatient chemotherapy,Better Than the National Rate,394,3.7,2.6,5,Not Applicable,Not Applicable,,01/01/2024,12/31/2024
260006,MOSAIC LIFE CARE AT ST JOSEPH,5325 FARAON STREET,SAINT JOSEPH,MO,64506,BUCHANAN,(816) 271-6000,OP_36,Ratio of unplanned hospital visits after hospital outpatient surgery,No Different than expected,1079,1.1,0.9,1.3,Not Applicable,Not Applicable,,01/01/2024,12/31/2024
260006,MOSAIC LIFE CARE AT ST JOSEPH,5325 FARAON STREET,SAINT JOSEPH,MO,64506,BUCHANAN,(816) 271-6000,READM_30_AMI,Acute Myocardial Infarction (AMI) 30-Day Readmission Rate,No Different Than the National Rate,285,13.8,11.4,16.3,Not Applicable,Not Applicable,,07/01/2021,06/30/2024
260006,MOSAIC LIFE CARE AT ST JOSEPH,5325 FARAON STREET,SAINT JOSEPH,MO,64506,BUCHANAN,(816) 271-6000,READM_30_CABG,Rate of readmission for CABG,No Different Than the National Rate,171,10.1,7.6,13.1,Not Applicable,Not Applicable,,07/01/2021,06/30/2024
260006,MOSAIC LIFE CARE AT ST JOSEPH,5325 FARAON STREET,SAINT JOSEPH,MO,64506,BUCHANAN,(816) 271-6000,READM_30_COPD,Rate of readmission for chronic obstructive pulmonary disease (COPD) patients,No Different Than the National Rate,337,16.6,14.2,19.4,Not Applicable,Not Applicable,,07/01/2021,06/30/2024
260006,MOSAIC LIFE CARE AT ST JOSEPH,5325 FARAON STREET,SAINT JOSEPH,MO,64506,BUCHANAN,(816) 271-6000,READM_30_HF,Heart failure (HF) 30-Day Readmission Rate,No Different Than the National Rate,634,20.7,18.3,23.2,Not Applicable,Not Applicable,,07/01/2021,06/30/2024
260006,MOSAIC LIFE CARE AT ST JOSEPH,5325 FARAON STREET,SAINT JOSEPH,MO,64506,BUCHANAN,(816) 271-6000,READM_30_HIP_KNEE,Rate of readmission after hip/knee replacement,Number of Cases Too Small,Not Available,Not Available,Not Available,Not Available,Not Applicable,Not Applicable,1,07/01/2021,06/30/2024
260006,MOSAIC LIFE CARE AT ST JOSEPH,5325 FARAON STREET,SAINT JOSEPH,MO,64506,BUCHANAN,(816) 271-6000,READM_30_PN,Pneumonia (PN) 30-Day Readmission Rate,No Different Than the National Rate,1194,14.8,13.3,16.6,Not Applicable,Not Applicable,,07/01/2021,06/30/2024
260009,BOTHWELL REGIONAL HEALTH CENTER,601 E 14TH ST,SEDALIA,MO,65301,PETTIS,(660) 826-8833,EDAC_30_AMI,Hospital return days for heart attack patients,Number of Cases Too Small,Not Available,Not Available,Not Available,Not Available,Not Available,Not Available,1,07/01/2021,06/30/2024
260009,BOTHWELL REGIONAL HEALTH CENTER,601 E 14TH ST,SEDALIA,MO,65301,PETTIS,(660) 826-8833,EDAC_30_HF,Hospital return days for heart failure patients,More Days Than Average per 100 Discharges,208,17.4,1.9,34.3,162,60,,07/01/2021,06/30/2024
260009,BOTHWELL REGIONAL HEALTH CENTER,601 E 14TH ST,SEDALIA,MO,65301,PETTIS,(660) 826-8833,EDAC_30_PN,Hospital return days for pneumonia patients,Fewer Days Than Average per 100 Discharges,216,-17.7,-28.4,-5.4,197,38,,07/01/2021,06/30/2024
260009,BOTHWELL REGIONAL HEALTH CENTER,601 E 14TH ST,SEDALIA,MO,65301,PETTIS,(660) 826-8833,Hybrid_HWR,Hybrid Hospital-Wide All-Cause Readmission Measure (HWR),No Different Than the National Rate,706,14.6,13.3,16.2,Not Applicable,Not Applicable,,07/01/2023,06/30/2024
260009,BOTHWELL REGIONAL HEALTH CENTER,601 E 14TH ST,SEDALIA,MO,65301,PETTIS,(660) 826-8833,OP_32,"Rate of unplanned hospital visits after colonoscopy (per 1,000 colonoscopies)",No Different Than the National Rate,83,13.6,9.9,18.5,Not Applicable,Not Applicable,,01/01/2022,12/31/2024
260009,BOTHWELL REGIONAL HEALTH CENTER,601 E 14TH ST,SEDALIA,MO,65301,PETTIS,(660) 826-8833,OP_35_ADM,Rate of inpatient admissions for patients receiving outpatient chemotherapy,No Different Than the National Rate,75,11.2,8.1,15.2,Not Applicable,Not Applicable,,01/01/2024,12/31/2024
260009,BOTHWELL REGIONAL HEALTH CENTER,601 E 14TH ST,SEDALIA,MO,65301,PETTIS,(660) 826-8833,OP_35_ED,Rate of emergency department (ED) visits for patients receiving outpatient chemotherapy,No Different Than the National Rate,75,5,3.3,7.6,Not Applicable,Not Applicable,,01/01/2024,12/31/2024
260009,BOTHWELL REGIONAL HEALTH CENTER,601 E 14TH ST,SEDALIA,MO,65301,PETTIS,(660) 826-8833,OP_36,Ratio of unplanned hospital visits after hospital outpatient surgery,No Different than expected,219,1,0.7,1.4,Not Applicable,Not Applicable,,01/01/2024,12/31/2024
260009,BOTHWELL REGIONAL HEALTH CENTER,601 E 14TH ST,SEDALIA,MO,65301,PETTIS,(660) 826-8833,READM_30_AMI,Acute Myocardial Infarction (AMI) 30-Day Readmission Rate,Number of Cases Too Small,Not Available,Not Available,Not Available,Not Available,Not Applicable,Not Applicable,1,07/01/2021,06/30/2024
260009,BOTHWELL REGIONAL HEALTH CENTER,601 E 14TH ST,SEDALIA,MO,65301,PETTIS,(660) 826-8833,READM_30_CABG,Rate of readmission for CABG,Not Available,Not Available,Not Available,Not Available,Not Available,Not Applicable,Not Applicable,5,07/01/2021,06/30/2024
260009,BOTHWELL REGIONAL HEALTH CENTER,601 E 14TH ST,SEDALIA,MO,65301,PETTIS,(660) 826-8833,READM_30_COPD,Rate of readmission for chronic obstructive pulmonary disease (COPD) patients,No Different Than the National Rate,142,19.4,16.1,23.1,Not Applicable,Not Applicable,,07/01/2021,06/30/2024
260009,BOTHWELL REGIONAL HEALTH CENTER,601 E 14TH ST,SEDALIA,MO,65301,PETTIS,(660) 826-8833,READM_30_HF,Heart failure (HF) 30-Day Readmission Rate,No Different Than the National Rate,208,20.8,17.5,24.3,Not Applicable,Not Applicable,,07/01/2021,06/30/2024
260009,BOTHWELL REGIONAL HEALTH CENTER,601 E 14TH ST,SEDALIA,MO,65301,PETTIS,(660) 826-8833,READM_30_HIP_KNEE,Rate of readmission after hip/knee replacement,Number of Cases Too Small,Not Available,Not Available,Not Available,Not Available,Not Applicable,Not Applicable,1,07/01/2021,06/30/2024
260009,BOTHWELL REGIONAL HEALTH CENTER,601 E 14TH ST,SEDALIA,MO,65301,PETTIS,(660) 826-8833,READM_30_PN,Pneumonia (PN) 30-Day Readmission Rate,No Different Than the National Rate,216,14.6,12.3,17.4,Not Applicable,Not Applicable,,07/01/2021,06/30/2024
260011,SSM HEALTH ST. MARY'S HOSPITAL - JEFFERSON CITY,2505 MISSION DRIVE,JEFFERSON CITY,MO,65109,COLE,(573) 681-3000,EDAC_30_AMI,Hospital return days for heart attack patients,Average Days per 100 Discharges,56,19.2,-2.1,46.1,53,16,,07/01/2021,06/30/2024
260011,SSM HEALTH ST. MARY'S HOSPITAL - JEFFERSON CITY,2505 MISSION DRIVE,JEFFERSON CITY,MO,65109,COLE,(573) 681-3000,EDAC_30_HF,Hospital return days for heart failure patients,More Days Than Average per 100 Discharges,142,47.6,27.7,69.2,118,51,,07/01/2021,06/30/2024
260011,SSM HEALTH ST. MARY'S HOSPITAL - JEFFERSON CITY,2505 MISSION DRIVE,JEFFERSON CITY,MO,65109,COLE,(573) 681-3000,EDAC_30_PN,Hospital return days for pneumonia patients,Average Days per 100 Discharges,295,-2.1,-12.5,9.2,250,62,,07/01/2021,06/30/2024
260011,SSM HEALTH ST. MARY'S HOSPITAL - JEFFERSON CITY,2505 MISSION DRIVE,JEFFERSON CITY,MO,65109,COLE,(573) 681-3000,Hybrid_HWR,Hybrid Hospital-Wide All-Cause Readmission Measure (HWR),No Different Than the National Rate,907,14.7,13.4,16.1,Not Applicable,Not Applicable,,07/01/2023,06/30/2024
260011,SSM HEALTH ST. MARY'S HOSPITAL - JEFFERSON CITY,2505 MISSION DRIVE,JEFFERSON CITY,MO,65109,COLE,(573) 681-3000,OP_32,"Rate of unplanned hospital visits after colonoscopy (per 1,000 colonoscopies)",No Different Than the National Rate,496,13.9,10.5,18.6,Not Applicable,Not Applicable,,01/01/2022,12/31/2024
260011,SSM HEALTH ST. MARY'S HOSPITAL - JEFFERSON CITY,2505 MISSION DRIVE,JEFFERSON CITY,MO,65109,COLE,(573) 681-3000,OP_35_ADM,Rate of inpatient admissions for patients receiving outpatient chemotherapy,Number of Cases Too Small,Not Available,Not Available,Not Available,Not Available,Not Applicable,Not Applicable,1,01/01/2024,12/31/2024
260011,SSM HEALTH ST. MARY'S HOSPITAL - JEFFERSON CITY,2505 MISSION DRIVE,JEFFERSON CITY,MO,65109,COLE,(573) 681-3000,OP_35_ED,Rate of emergency department (ED) visits for patients receiving outpatient chemotherapy,Number of Cases Too Small,Not Available,Not Available,Not Available,Not Available,Not Applicable,Not Applicable,1,01/01/2024,12/31/2024
260011,SSM HEALTH ST. MARY'S HOSPITAL - JEFFERSON CITY,2505 MISSION DRIVE,JEFFERSON CITY,MO,65109,COLE,(573) 681-3000,OP_36,Ratio of unplanned hospital visits after hospital outpatient surgery,No Different than expected,272,1,0.7,1.3,Not Applicable,Not Applicable,,01/01/2024,12/31/2024
260011,SSM HEALTH ST. MARY'S HOSPITAL - JEFFERSON CITY,2505 MISSION DRIVE,JEFFERSON CITY,MO,65109,COLE,(573) 681-3000,READM_30_AMI,Acute Myocardial Infarction (AMI) 30-Day Readmission Rate,No Different Than the National Rate,56,13.8,10.8,17.3,Not Applicable,Not Applicable,,07/01/2021,06/30/2024
260011,SSM HEALTH ST. MARY'S HOSPITAL - JEFFERSON CITY,2505 MISSION DRIVE,JEFFERSON CITY,MO,65109,COLE,(573) 681-3000,READM_30_CABG,Rate of readmission for CABG,Number of Cases Too Small,Not Available,Not Available,Not Available,Not Available,Not Applicable,Not Applicable,1,07/01/2021,06/30/2024
260011,SSM HEALTH ST. MARY'S HOSPITAL - JEFFERSON CITY,2505 MISSION DRIVE,JEFFERSON CITY,MO,65109,COLE,(573) 681-3000,READM_30_COPD,Rate of readmission for chronic obstructive pulmonary disease (COPD) patients,No Different Than the National Rate,112,19.6,16.2,23.5,Not Applicable,Not Applicable,,07/01/2021,06/30/2024
260011,SSM HEALTH ST. MARY'S HOSPITAL - JEFFERSON CITY,2505 MISSION DRIVE,JEFFERSON CITY,MO,65109,COLE,(573) 681-3000,READM_30_HF,Heart failure (HF) 30-Day Readmission Rate,No Different Than the National Rate,142,22,18.5,26.2,Not Applicable,Not Applicable,,07/01/2021,06/30/2024
260011,SSM HEALTH ST. MARY'S HOSPITAL - JEFFERSON CITY,2505 MISSION DRIVE,JEFFERSON CITY,MO,65109,COLE,(573) 681-3000,READM_30_HIP_KNEE,Rate of readmission after hip/knee replacement,No Different Than the National Rate,33,4.2,2.5,7.0,Not Applicable,Not Applicable,,07/01/2021,06/30/2024
260011,SSM HEALTH ST. MARY'S HOSPITAL - JEFFERSON CITY,2505 MISSION DRIVE,JEFFERSON CITY,MO,65109,COLE,(573) 681-3000,READM_30_PN,Pneumonia (PN) 30-Day Readmission Rate,No Different Than the National Rate,295,15.3,12.8,18.2,Not Applicable,Not Applicable,,07/01/2021,06/30/2024
260017,PHELPS COUNTY REGIONAL MEDICAL CENTER,1000 W 10TH ST,ROLLA,MO,65401,PHELPS,(573) 458-8899,EDAC_30_AMI,Hospital return days for heart attack patients,Average Days per 100 Discharges,90,-0.7,-19.1,21.4,83,25,,07/01/2021,06/30/2024
260017,PHELPS COUNTY REGIONAL MEDICAL CENTER,1000 W 10TH ST,ROLLA,MO,65401,PHELPS,(573) 458-8899,EDAC_30_HF,Hospital return days for heart failure patients,More Days Than Average per 100 Discharges,337,26.1,12.7,40.1,277,110,,07/01/2021,06/30/2024
260017,PHELPS COUNTY REGIONAL MEDICAL CENTER,1000 W 10TH ST,ROLLA,MO,65401,PHELPS,(573) 458-8899,EDAC_30_PN,Hospital return days for pneumonia patients,More Days Than Average per 100 Discharges,311,36,23.4,50.1,271,89,,07/01/2021,06/30/2024
260017,PHELPS COUNTY REGIONAL MEDICAL CENTER,1000 W 10TH ST,ROLLA,MO,65401,PHELPS,(573) 458-8899,Hybrid_HWR,Hybrid Hospital-Wide All-Cause Readmission Measure (HWR),No Different Than the National Rate,1137,16.2,14.9,17.5,Not Applicable,Not Applicable,,07/01/2023,06/30/2024
260017,PHELPS COUNTY REGIONAL MEDICAL CENTER,1000 W 10TH ST,ROLLA,MO,65401,PHELPS,(573) 458-8899,OP_32,"Rate of unplanned hospital visits after colonoscopy (per 1,000 colonoscopies)",No Different Than the National Rate,886,12.9,9.8,17.1,Not Applicable,Not Applicable,,01/01/2022,12/31/2024
260017,PHELPS COUNTY REGIONAL MEDICAL CENTER,1000 W 10TH ST,ROLLA,MO,65401,PHELPS,(573) 458-8899,OP_35_ADM,Rate of inpatient admissions for patients receiving outpatient chemotherapy,No Different Than the National Rate,130,11.7,8.5,15.4,Not Applicable,Not Applicable,,01/01/2024,12/31/2024
260017,PHELPS COUNTY REGIONAL MEDICAL CENTER,1000 W 10TH ST,ROLLA,MO,65401,PHELPS,(573) 458-8899,OP_35_ED,Rate of emergency department (ED) visits for patients receiving outpatient chemotherapy,No Different Than the National Rate,130,5.8,3.8,8.4,Not Applicable,Not Applicable,,01/01/2024,12/31/2024
260017,PHELPS COUNTY REGIONAL MEDICAL CENTER,1000 W 10TH ST,ROLLA,MO,65401,PHELPS,(573) 458-8899,OP_36,Ratio of unplanned hospital visits after hospital outpatient surgery,No Different than expected,362,0.9,0.7,1.3,Not Applicable,Not Applicable,,01/01/2024,12/31/2024
260017,PHELPS COUNTY REGIONAL MEDICAL CENTER,1000 W 10TH ST,ROLLA,MO,65401,PHELPS,(573) 458-8899,READM_30_AMI,Acute Myocardial Infarction (AMI) 30-Day Readmission Rate,No Different Than the National Rate,90,13.7,11.1,16.8,Not Applicable,Not Applicable,,07/01/2021,06/30/2024
260017,PHELPS COUNTY REGIONAL MEDICAL CENTER,1000 W 10TH ST,ROLLA,MO,65401,PHELPS,(573) 458-8899,READM_30_CABG,Rate of readmission for CABG,Not Available,Not Available,Not Available,Not Available,Not Available,Not Applicable,Not Applicable,5,07/01/2021,06/30/2024
260017,PHELPS COUNTY REGIONAL MEDICAL CENTER,1000 W 10TH ST,ROLLA,MO,65401,PHELPS,(573) 458-8899,READM_30_COPD,Rate of readmission for chronic obstructive pulmonary disease (COPD) patients,No Different Than the National Rate,130,18.8,15.6,22.2,Not Applicable,Not Applicable,,07/01/2021,06/30/2024
260017,PHELPS COUNTY REGIONAL MEDICAL CENTER,1000 W 10TH ST,ROLLA,MO,65401,PHELPS,(573) 458-8899,READM_30_HF,Heart failure (HF) 30-Day Readmission Rate,No Different Than the National Rate,337,21.9,19.0,25.0,Not Applicable,Not Applicable,,07/01/2021,06/30/2024
260017,PHELPS COUNTY REGIONAL MEDICAL CENTER,1000 W 10TH ST,ROLLA,MO,65401,PHELPS,(573) 458-8899,READM_30_HIP_KNEE,Rate of readmission after hip/knee replacement,No Different Than the National Rate,71,5.1,3.2,8.0,Not Applicable,Not Applicable,,07/01/2021,06/30/2024
260017,PHELPS COUNTY REGIONAL MEDICAL CENTER,1000 W 10TH ST,ROLLA,MO,65401,PHELPS,(573) 458-8899,READM_30_PN,Pneumonia (PN) 30-Day Readmission Rate,No Different Than the National Rate,311,17.9,15.3,20.9,Not Applicable,Not Applicable,,07/01/2021,06/30/2024
260020,MERCY HOSPITAL ST LOUIS,615 NEW BALLAS ROAD,SAINT LOUIS,MO,63141,ST. LOUIS,(314) 251-6000,EDAC_30_AMI,Hospital return days for heart attack patients,Average Days per 100 Discharges,195,6.4,-6.1,21.8,193,41,,07/01/2021,06/30/2024
260020,MERCY HOSPITAL ST LOUIS,615 NEW BALLAS ROAD,SAINT LOUIS,MO,63141,ST. LOUIS,(314) 251-6000,EDAC_30_HF,Hospital return days for heart failure patients,Average Days per 100 Discharges,905,3.8,-3.9,12.2,735,202,,07/01/2021,06/30/2024
260020,MERCY HOSPITAL ST LOUIS,615 NEW BALLAS ROAD,SAINT LOUIS,MO,63141,ST. LOUIS,(314) 251-6000,EDAC_30_PN,Hospital return days for pneumonia patients,More Days Than Average per 100 Discharges,688,47.7,38.3,57.5,614,166,,07/01/2021,06/30/2024
260020,MERCY HOSPITAL ST LOUIS,615 NEW BALLAS ROAD,SAINT LOUIS,MO,63141,ST. LOUIS,(314) 251-6000,Hybrid_HWR,Hybrid Hospital-Wide All-Cause Readmission Measure (HWR),No Different Than the National Rate,5270,15.1,14.3,16.0,Not Applicable,Not Applicable,,07/01/2023,06/30/2024
260020,MERCY HOSPITAL ST LOUIS,615 NEW BALLAS ROAD,SAINT LOUIS,MO,63141,ST. LOUIS,(314) 251-6000,OP_32,"Rate of unplanned hospital visits after colonoscopy (per 1,000 colonoscopies)",No Different Than the National Rate,5582,11.4,9.3,14,Not Applicable,Not Applicable,,01/01/2022,12/31/2024
260020,MERCY HOSPITAL ST LOUIS,615 NEW BALLAS ROAD,SAINT LOUIS,MO,63141,ST. LOUIS,(314) 251-6000,OP_35_ADM,Rate of inpatient admissions for patients receiving outpatient chemotherapy,No Different Than the National Rate,632,11.9,9.9,14.2,Not Applicable,Not Applicable,,01/01/2024,12/31/2024
260020,MERCY HOSPITAL ST LOUIS,615 NEW BALLAS ROAD,SAINT LOUIS,MO,63141,ST. LOUIS,(314) 251-6000,OP_35_ED,Rate of emergency department (ED) visits for patients receiving outpatient chemotherapy,No Different Than the National Rate,632,4.5,3.4,6,Not Applicable,Not Applicable,,01/01/2024,12/31/2024
260020,MERCY HOSPITAL ST LOUIS,615 NEW BALLAS ROAD,SAINT LOUIS,MO,63141,ST. LOUIS,(314) 251-6000,OP_36,Ratio of unplanned hospital visits after hospital outpatient surgery,No Different than expected,1529,0.9,0.7,1.1,Not Applicable,Not Applicable,,01/01/2024,12/31/2024
260020,MERCY HOSPITAL ST LOUIS,615 NEW BALLAS ROAD,SAINT LOUIS,MO,63141,ST. LOUIS,(314) 251-6000,READM_30_AMI,Acute Myocardial Infarction (AMI) 30-Day Readmission Rate,No Different Than the National Rate,195,14.3,11.8,17.4,Not Applicable,Not Applicable,,07/01/2021,06/30/2024
260020,MERCY HOSPITAL ST LOUIS,615 NEW BALLAS ROAD,SAINT LOUIS,MO,63141,ST. LOUIS,(314) 251-6000,READM_30_CABG,Rate of readmission for CABG,No Different Than the National Rate,175,13.5,10.6,17.3,Not Applicable,Not Applicable,,07/01/2021,06/30/2024
260020,MERCY HOSPITAL ST LOUIS,615 NEW BALLAS ROAD,SAINT LOUIS,MO,63141,ST. LOUIS,(314) 251-6000,READM_30_COPD,Rate of readmission for chronic obstructive pulmonary disease (COPD) patients,No Different Than the National Rate,143,18.6,15.5,22.1,Not Applicable,Not Applicable,,07/01/2021,06/30/2024
260020,MERCY HOSPITAL ST LOUIS,615 NEW BALLAS ROAD,SAINT LOUIS,MO,63141,ST. LOUIS,(314) 251-6000,READM_30_HF,Heart failure (HF) 30-Day Readmission Rate,No Different Than the National Rate,905,19.4,17.4,21.8,Not Applicable,Not Applicable,,07/01/2021,06/30/2024
260020,MERCY HOSPITAL ST LOUIS,615 NEW BALLAS ROAD,SAINT LOUIS,MO,63141,ST. LOUIS,(314) 251-6000,READM_30_HIP_KNEE,Rate of readmission after hip/knee replacement,No Different Than the National Rate,171,5.7,3.8,8.3,Not Applicable,Not Applicable,,07/01/2021,06/30/2024
260020,MERCY HOSPITAL ST LOUIS,615 NEW BALLAS ROAD,SAINT LOUIS,MO,63141,ST. LOUIS,(314) 251-6000,READM_30_PN,Pneumonia (PN) 30-Day Readmission Rate,Worse Than the National Rate,688,18.8,16.7,21.2,Not Applicable,Not Applicable,,07/01/2021,06/30/2024
260022,NORTHEAST REGIONAL MEDICAL CENTER,315 S OSTEOPATHY,KIRKSVILLE,MO,63501,ADAIR,(660) 785-1000,EDAC_30_AMI,Hospital return days for heart attack patients,Number of Cases Too Small,Not Available,Not Available,Not Available,Not Available,Not Available,Not Available,1,07/01/2021,06/30/2024
260022,NORTHEAST REGIONAL MEDICAL CENTER,315 S OSTEOPATHY,KIRKSVILLE,MO,63501,ADAIR,(660) 785-1000,EDAC_30_HF,Hospital return days for heart failure patients,Average Days per 100 Discharges,90,2.3,-17.8,28,81,26,,07/01/2021,06/30/2024
260022,NORTHEAST REGIONAL MEDICAL CENTER,315 S OSTEOPATHY,KIRKSVILLE,MO,63501,ADAIR,(660) 785-1000,EDAC_30_PN,Hospital return days for pneumonia patients,More Days Than Average per 100 Discharges,128,20,1.2,41.3,115,30,,07/01/2021,06/30/2024
260022,NORTHEAST REGIONAL MEDICAL CENTER,315 S OSTEOPATHY,KIRKSVILLE,MO,63501,ADAIR,(660) 785-1000,Hybrid_HWR,Hybrid Hospital-Wide All-Cause Readmission Measure (HWR),No Different Than the National Rate,497,14.6,13.1,16.3,Not Applicable,Not Applicable,,07/01/2023,06/30/2024
260022,NORTHEAST REGIONAL MEDICAL CENTER,315 S OSTEOPATHY,KIRKSVILLE,MO,63501,ADAIR,(660) 785-1000,OP_32,"Rate of unplanned hospital visits after colonoscopy (per 1,000 colonoscopies)",No Different Than the National Rate,344,15,11.2,19.8,Not Applicable,Not Applicable,,01/01/2022,12/31/2024
260022,NORTHEAST REGIONAL MEDICAL CENTER,315 S OSTEOPATHY,KIRKSVILLE,MO,63501,ADAIR,(660) 785-1000,OP_35_ADM,Rate of inpatient admissions for patients receiving outpatient chemotherapy,Number of Cases Too Small,Not Available,Not Available,Not Available,Not Available,Not Applicable,Not Applicable,1,01/01/2024,12/31/2024
260022,NORTHEAST REGIONAL MEDICAL CENTER,315 S OSTEOPATHY,KIRKSVILLE,MO,63501,ADAIR,(660) 785-1000,OP_35_ED,Rate of emergency department (ED) visits for patients receiving outpatient chemotherapy,Number of Cases Too Small,Not Available,Not Available,Not Available,Not Available,Not Applicable,Not Applicable,1,01/01/2024,12/31/2024
260022,NORTHEAST REGIONAL MEDICAL CENTER,315 S OSTEOPATHY,KIRKSVILLE,MO,63501,ADAIR,(660) 785-1000,OP_36,Ratio of unplanned hospital visits after hospital outpatient surgery,No Different than expected,115,0.9,0.6,1.3,Not Applicable,Not Applicable,,01/01/2024,12/31/2024
260022,NORTHEAST REGIONAL MEDICAL CENTER,315 S OSTEOPATHY,KIRKSVILLE,MO,63501,ADAIR,(660) 785-1000,READM_30_AMI,Acute Myocardial Infarction (AMI) 30-Day Readmission Rate,No Different Than the National Rate,44,13.9,11.1,17.3,Not Applicable,Not Applicable,,07/01/2021,06/30/2024
260022,NORTHEAST REGIONAL MEDICAL CENTER,315 S OSTEOPATHY,KIRKSVILLE,MO,63501,ADAIR,(660) 785-1000,READM_30_CABG,Rate of readmission for CABG,Not Available,Not Available,Not Available,Not Available,Not Available,Not Applicable,Not Applicable,5,07/01/2021,06/30/2024
260022,NORTHEAST REGIONAL MEDICAL CENTER,315 S OSTEOPATHY,KIRKSVILLE,MO,63501,ADAIR,(660) 785-1000,READM_30_COPD,Rate of readmission for chronic obstructive pulmonary disease (COPD) patients,No Different Than the National Rate,32,18.7,15.3,22.6,Not Applicable,Not Applicable,,07/01/2021,06/30/2024
260022,NORTHEAST REGIONAL MEDICAL CENTER,315 S OSTEOPATHY,KIRKSVILLE,MO,63501,ADAIR,(660) 785-1000,READM_30_HF,Heart failure (HF) 30-Day Readmission Rate,No Different Than the National Rate,90,20.2,16.9,24.1,Not Applicable,Not Applicable,,07/01/2021,06/30/2024
260022,NORTHEAST REGIONAL MEDICAL CENTER,315 S OSTEOPATHY,KIRKSVILLE,MO,63501,ADAIR,(660) 785-1000,READM_30_HIP_KNEE,Rate of readmission after hip/knee replacement,Number of Cases Too Small,Not Available,Not Available,Not Available,Not Available,Not Applicable,Not Applicable,1,07/01/2021,06/30/2024
260022,NORTHEAST REGIONAL MEDICAL CENTER,315 S OSTEOPATHY,KIRKSVILLE,MO,63501,ADAIR,(660) 785-1000,READM_30_PN,Pneumonia (PN) 30-Day Readmission Rate,No Different Than the National Rate,128,15.3,12.6,18.3,Not Applicable,Not Applicable,,07/01/2021,06/30/2024
260023,MERCY HOSPITAL JEFFERSON,1400 US HIGHWAY 61,CRYSTAL CITY,MO,63019,JEFFERSON,(636) 933-1000,EDAC_30_AMI,Hospital return days for heart attack patients,More Days Than Average per 100 Discharges,137,37.3,20,56.4,135,42,,07/01/2021,06/30/2024
260023,MERCY HOSPITAL JEFFERSON,1400 US HIGHWAY 61,CRYSTAL CITY,MO,63019,JEFFERSON,(636) 933-1000,EDAC_30_HF,Hospital return days for heart failure patients,Average Days per 100 Discharges,297,7.4,-5.7,22.1,253,90,,07/01/2021,06/30/2024
260023,MERCY HOSPITAL JEFFERSON,1400 US HIGHWAY 61,CRYSTAL CITY,MO,63019,JEFFERSON,(636) 933-1000,EDAC_30_PN,Hospital return days for pneumonia patients,Fewer Days Than Average per 100 Discharges,339,-22.4,-32.3,-11.1,303,77,,07/01/2021,06/30/2024
260023,MERCY HOSPITAL JEFFERSON,1400 US HIGHWAY 61,CRYSTAL CITY,MO,63019,JEFFERSON,(636) 933-1000,Hybrid_HWR,Hybrid Hospital-Wide All-Cause Readmission Measure (HWR),No Different Than the National Rate,1344,14.9,13.7,16.1,Not Applicable,Not Applicable,,07/01/2023,06/30/2024
260023,MERCY HOSPITAL JEFFERSON,1400 US HIGHWAY 61,CRYSTAL CITY,MO,63019,JEFFERSON,(636) 933-1000,OP_32,"Rate of unplanned hospital visits after colonoscopy (per 1,000 colonoscopies)",No Different Than the National Rate,494,14,10.7,18.3,Not Applicable,Not Applicable,,01/01/2022,12/31/2024
260023,MERCY HOSPITAL JEFFERSON,1400 US HIGHWAY 61,CRYSTAL CITY,MO,63019,JEFFERSON,(636) 933-1000,OP_35_ADM,Rate of inpatient admissions for patients receiving outpatient chemotherapy,No Different Than the National Rate,104,10.5,7.5,14.6,Not Applicable,Not Applicable,,01/01/2024,12/31/2024
260023,MERCY HOSPITAL JEFFERSON,1400 US HIGHWAY 61,CRYSTAL CITY,MO,63019,JEFFERSON,(636) 933-1000,OP_35_ED,Rate of emergency department (ED) visits for patients receiving outpatient chemotherapy,No Different Than the National Rate,104,5.1,3.4,7.6,Not Applicable,Not Applicable,,01/01/2024,12/31/2024
260023,MERCY HOSPITAL JEFFERSON,1400 US HIGHWAY 61,CRYSTAL CITY,MO,63019,JEFFERSON,(636) 933-1000,OP_36,Ratio of unplanned hospital visits after hospital outpatient surgery,No Different than expected,233,0.9,0.7,1.2,Not Applicable,Not Applicable,,01/01/2024,12/31/2024
260023,MERCY HOSPITAL JEFFERSON,1400 US HIGHWAY 61,CRYSTAL CITY,MO,63019,JEFFERSON,(636) 933-1000,READM_30_AMI,Acute Myocardial Infarction (AMI) 30-Day Readmission Rate,No Different Than the National Rate,137,14.7,12.1,17.7,Not Applicable,Not Applicable,,07/01/2021,06/30/2024
260023,MERCY HOSPITAL JEFFERSON,1400 US HIGHWAY 61,CRYSTAL CITY,MO,63019,JEFFERSON,(636) 933-1000,READM_30_CABG,Rate of readmission for CABG,Not Available,Not Available,Not Available,Not Available,Not Available,Not Applicable,Not Applicable,5,07/01/2021,06/30/2024
260023,MERCY HOSPITAL JEFFERSON,1400 US HIGHWAY 61,CRYSTAL CITY,MO,63019,JEFFERSON,(636) 933-1000,READM_30_COPD,Rate of readmission for chronic obstructive pulmonary disease (COPD) patients,No Different Than the National Rate,123,18,15.0,21.5,Not Applicable,Not Applicable,,07/01/2021,06/30/2024
260023,MERCY HOSPITAL JEFFERSON,1400 US HIGHWAY 61,CRYSTAL CITY,MO,63019,JEFFERSON,(636) 933-1000,READM_30_HF,Heart failure (HF) 30-Day Readmission Rate,No Different Than the National Rate,297,22.1,19.2,25.5,Not Applicable,Not Applicable,,07/01/2021,06/30/2024
260023,MERCY HOSPITAL JEFFERSON,1400 US HIGHWAY 61,CRYSTAL CITY,MO,63019,JEFFERSON,(636) 933-1000,READM_30_HIP_KNEE,Rate of readmission after hip/knee replacement,No Different Than the National Rate,79,4.8,2.9,7.6,Not Applicable,Not Applicable,,07/01/2021,06/30/2024
260023,MERCY HOSPITAL JEFFERSON,1400 US HIGHWAY 61,CRYSTAL CITY,MO,63019,JEFFERSON,(636) 933-1000,READM_30_PN,Pneumonia (PN) 30-Day Readmission Rate,No Different Than the National Rate,339,14.8,12.6,17.3,Not Applicable,Not Applicable,,07/01/2021,06/30/2024
260024,TEXAS COUNTY MEMORIAL HOSPITAL,1333 SAM HOUSTON BOULEVARD,HOUSTON,MO,65483,TEXAS,(417) 967-3311,EDAC_30_AMI,Hospital return days for heart attack patients,Number of Cases Too Small,Not Available,Not Available,Not Available,Not Available,Not Available,Not Available,1,07/01/2021,06/30/2024
260024,TEXAS COUNTY MEMORIAL HOSPITAL,1333 SAM HOUSTON BOULEVARD,HOUSTON,MO,65483,TEXAS,(417) 967-3311,EDAC_30_HF,Hospital return days for heart failure patients,Average Days per 100 Discharges,45,7,-16.9,36,42,8,,07/01/2021,06/30/2024
260024,TEXAS COUNTY MEMORIAL HOSPITAL,1333 SAM HOUSTON BOULEVARD,HOUSTON,MO,65483,TEXAS,(417) 967-3311,EDAC_30_PN,Hospital return days for pneumonia patients,Average Days per 100 Discharges,104,-0.2,-14.2,17.1,96,20,,07/01/2021,06/30/2024
260024,TEXAS COUNTY MEMORIAL HOSPITAL,1333 SAM HOUSTON BOULEVARD,HOUSTON,MO,65483,TEXAS,(417) 967-3311,Hybrid_HWR,Hybrid Hospital-Wide All-Cause Readmission Measure (HWR),No Different Than the National Rate,191,15.7,13.9,17.8,Not Applicable,Not Applicable,,07/01/2023,06/30/2024
260024,TEXAS COUNTY MEMORIAL HOSPITAL,1333 SAM HOUSTON BOULEVARD,HOUSTON,MO,65483,TEXAS,(417) 967-3311,OP_32,"Rate of unplanned hospital visits after colonoscopy (per 1,000 colonoscopies)",No Different Than the National Rate,168,13,9.6,17.7,Not Applicable,Not Applicable,,01/01/2022,12/31/2024
260024,TEXAS COUNTY MEMORIAL HOSPITAL,1333 SAM HOUSTON BOULEVARD,HOUSTON,MO,65483,TEXAS,(417) 967-3311,OP_35_ADM,Rate of inpatient admissions for patients receiving outpatient chemotherapy,Number of Cases Too Small,Not Available,Not Available,Not Available,Not Available,Not Applicable,Not Applicable,1,01/01/2024,12/31/2024
260024,TEXAS COUNTY MEMORIAL HOSPITAL,1333 SAM HOUSTON BOULEVARD,HOUSTON,MO,65483,TEXAS,(417) 967-3311,OP_35_ED,Rate of emergency department (ED) visits for patients receiving outpatient chemotherapy,Number of Cases Too Small,Not Available,Not Available,Not Available,Not Available,Not Applicable,Not Applicable,1,01/01/2024,12/31/2024
260024,TEXAS COUNTY MEMORIAL HOSPITAL,1333 SAM HOUSTON BOULEVARD,HOUSTON,MO,65483,TEXAS,(417) 967-3311,OP_36,Ratio of unplanned hospital visits after hospital outpatient surgery,Number of cases too small,Not Available,Not Available,Not Available,Not Available,Not Applicable,Not Applicable,1,01/01/2024,12/31/2024
260024,TEXAS COUNTY MEMORIAL HOSPITAL,1333 SAM HOUSTON BOULEVARD,HOUSTON,MO,65483,TEXAS,(417) 967-3311,READM_30_AMI,Acute Myocardial Infarction (AMI) 30-Day Readmission Rate,Number of Cases Too Small,Not Available,Not Available,Not Available,Not Available,Not Applicable,Not Applicable,1,07/01/2021,06/30/2024
260024,TEXAS COUNTY MEMORIAL HOSPITAL,1333 SAM HOUSTON BOULEVARD,HOUSTON,MO,65483,TEXAS,(417) 967-3311,READM_30_CABG,Rate of readmission for CABG,Not Available,Not Available,Not Available,Not Available,Not Available,Not Applicable,Not Applicable,5,07/01/2021,06/30/2024
260024,TEXAS COUNTY MEMORIAL HOSPITAL,1333 SAM HOUSTON BOULEVARD,HOUSTON,MO,65483,TEXAS,(417) 967-3311,READM_30_COPD,Rate of readmission for chronic obstructive pulmonary disease (COPD) patients,No Different Than the National Rate,36,18,14.6,22.0,Not Applicable,Not Applicable,,07/01/2021,06/30/2024
260024,TEXAS COUNTY MEMORIAL HOSPITAL,1333 SAM HOUSTON BOULEVARD,HOUSTON,MO,65483,TEXAS,(417) 967-3311,READM_30_HF,Heart failure (HF) 30-Day Readmission Rate,No Different Than the National Rate,45,20,16.3,24.3,Not Applicable,Not Applicable,,07/01/2021,06/30/2024
260024,TEXAS COUNTY MEMORIAL HOSPITAL,1333 SAM HOUSTON BOULEVARD,HOUSTON,MO,65483,TEXAS,(417) 967-3311,READM_30_HIP_KNEE,Rate of readmission after hip/knee replacement,Not Available,Not Available,Not Available,Not Available,Not Available,Not Applicable,Not Applicable,5,07/01/2021,06/30/2024
260024,TEXAS COUNTY MEMORIAL HOSPITAL,1333 SAM HOUSTON BOULEVARD,HOUSTON,MO,65483,TEXAS,(417) 967-3311,READM_30_PN,Pneumonia (PN) 30-Day Readmission Rate,No Different Than the National Rate,104,15.4,12.5,18.9,Not Applicable,Not Applicable,,07/01/2021,06/30/2024
260025,HANNIBAL REGIONAL HOSPITAL,6000 HOSPITAL DR,HANNIBAL,MO,63401,MARION,(573) 248-1300,EDAC_30_AMI,Hospital return days for heart attack patients,Fewer Days Than Average per 100 Discharges,68,-21.8,-38.7,-0.6,68,13,,07/01/2021,06/30/2024
260025,HANNIBAL REGIONAL HOSPITAL,6000 HOSPITAL DR,HANNIBAL,MO,63401,MARION,(573) 248-1300,EDAC_30_HF,Hospital return days for heart failure patients,More Days Than Average per 100 Discharges,292,34.2,20.3,49.6,232,90,,07/01/2021,06/30/2024
260025,HANNIBAL REGIONAL HOSPITAL,6000 HOSPITAL DR,HANNIBAL,MO,63401,MARION,(573) 248-1300,EDAC_30_PN,Hospital return days for pneumonia patients,More Days Than Average per 100 Discharges,461,31.1,20.7,42.4,392,125,,07/01/2021,06/30/2024
260025,HANNIBAL REGIONAL HOSPITAL,6000 HOSPITAL DR,HANNIBAL,MO,63401,MARION,(573) 248-1300,Hybrid_HWR,Hybrid Hospital-Wide All-Cause Readmission Measure (HWR),Worse Than the National Rate,1386,16.7,15.4,18.0,Not Applicable,Not Applicable,,07/01/2023,06/30/2024
260025,HANNIBAL REGIONAL HOSPITAL,6000 HOSPITAL DR,HANNIBAL,MO,63401,MARION,(573) 248-1300,OP_32,"Rate of unplanned hospital visits after colonoscopy (per 1,000 colonoscopies)",No Different Than the National Rate,396,11.8,8.8,15.8,Not Applicable,Not Applicable,,01/01/2022,12/31/2024
260025,HANNIBAL REGIONAL HOSPITAL,6000 HOSPITAL DR,HANNIBAL,MO,63401,MARION,(573) 248-1300,OP_35_ADM,Rate of inpatient admissions for patients receiving outpatient chemotherapy,No Different Than the National Rate,46,10.9,7.3,15.5,Not Applicable,Not Applicable,,01/01/2024,12/31/2024
260025,HANNIBAL REGIONAL HOSPITAL,6000 HOSPITAL DR,HANNIBAL,MO,63401,MARION,(573) 248-1300,OP_35_ED,Rate of emergency department (ED) visits for patients receiving outpatient chemotherapy,No Different Than the National Rate,46,5.3,3.3,8.2,Not Applicable,Not Applicable,,01/01/2024,12/31/2024
260025,HANNIBAL REGIONAL HOSPITAL,6000 HOSPITAL DR,HANNIBAL,MO,63401,MARION,(573) 248-1300,OP_36,Ratio of unplanned hospital visits after hospital outpatient surgery,No Different than expected,268,1,0.7,1.3,Not Applicable,Not Applicable,,01/01/2024,12/31/2024
260025,HANNIBAL REGIONAL HOSPITAL,6000 HOSPITAL DR,HANNIBAL,MO,63401,MARION,(573) 248-1300,READM_30_AMI,Acute Myocardial Infarction (AMI) 30-Day Readmission Rate,No Different Than the National Rate,68,12.9,10.3,15.9,Not Applicable,Not Applicable,,07/01/2021,06/30/2024
260025,HANNIBAL REGIONAL HOSPITAL,6000 HOSPITAL DR,HANNIBAL,MO,63401,MARION,(573) 248-1300,READM_30_CABG,Rate of readmission for CABG,Number of Cases Too Small,Not Available,Not Available,Not Available,Not Available,Not Applicable,Not Applicable,1,07/01/2021,06/30/2024
260025,HANNIBAL REGIONAL HOSPITAL,6000 HOSPITAL DR,HANNIBAL,MO,63401,MARION,(573) 248-1300,READM_30_COPD,Rate of readmission for chronic obstructive pulmonary disease (COPD) patients,No Different Than the National Rate,253,20.6,17.7,24.0,Not Applicable,Not Applicable,,07/01/2021,06/30/2024
260025,HANNIBAL REGIONAL HOSPITAL,6000 HOSPITAL DR,HANNIBAL,MO,63401,MARION,(573) 248-1300,READM_30_HF,Heart failure (HF) 30-Day Readmission Rate,No Different Than the National Rate,292,22.6,19.5,25.9,Not Applicable,Not Applicable,,07/01/2021,06/30/2024
260025,HANNIBAL REGIONAL HOSPITAL,6000 HOSPITAL DR,HANNIBAL,MO,63401,MARION,(573) 248-1300,READM_30_HIP_KNEE,Rate of readmission after hip/knee replacement,No Different Than the National Rate,57,5.8,3.7,8.7,Not Applicable,Not Applicable,,07/01/2021,06/30/2024
260025,HANNIBAL REGIONAL HOSPITAL,6000 HOSPITAL DR,HANNIBAL,MO,63401,MARION,(573) 248-1300,READM_30_PN,Pneumonia (PN) 30-Day Readmission Rate,No Different Than the National Rate,461,17.6,15.4,20.2,Not Applicable,Not Applicable,,07/01/2021,06/30/2024
260027,RESEARCH MEDICAL CENTER,2316 E MEYER BLVD,KANSAS CITY,MO,64132,JACKSON,(816) 276-4000,EDAC_30_AMI,Hospital return days for heart attack patients,Average Days per 100 Discharges,94,19.7,-0.3,43.2,92,29,,07/01/2021,06/30/2024
260027,RESEARCH MEDICAL CENTER,2316 E MEYER BLVD,KANSAS CITY,MO,64132,JACKSON,(816) 276-4000,EDAC_30_HF,Hospital return days for heart failure patients,More Days Than Average per 100 Discharges,164,24,5.8,43.5,139,46,,07/01/2021,06/30/2024
260027,RESEARCH MEDICAL CENTER,2316 E MEYER BLVD,KANSAS CITY,MO,64132,JACKSON,(816) 276-4000,EDAC_30_PN,Hospital return days for pneumonia patients,More Days Than Average per 100 Discharges,156,51,32.4,72.4,148,49,,07/01/2021,06/30/2024
260027,RESEARCH MEDICAL CENTER,2316 E MEYER BLVD,KANSAS CITY,MO,64132,JACKSON,(816) 276-4000,Hybrid_HWR,Hybrid Hospital-Wide All-Cause Readmission Measure (HWR),No Different Than the National Rate,1639,15.9,14.7,17.1,Not Applicable,Not Applicable,,07/01/2023,06/30/2024
260027,RESEARCH MEDICAL CENTER,2316 E MEYER BLVD,KANSAS CITY,MO,64132,JACKSON,(816) 276-4000,OP_32,"Rate of unplanned hospital visits after colonoscopy (per 1,000 colonoscopies)",No Different Than the National Rate,281,13.5,10,18.1,Not Applicable,Not Applicable,,01/01/2022,12/31/2024
260027,RESEARCH MEDICAL CENTER,2316 E MEYER BLVD,KANSAS CITY,MO,64132,JACKSON,(816) 276-4000,OP_35_ADM,Rate of inpatient admissions for patients receiving outpatient chemotherapy,No Different Than the National Rate,98,10.2,7.6,13.6,Not Applicable,Not Applicable,,01/01/2024,12/31/2024
260027,RESEARCH MEDICAL CENTER,2316 E MEYER BLVD,KANSAS CITY,MO,64132,JACKSON,(816) 276-4000,OP_35_ED,Rate of emergency department (ED) visits for patients receiving outpatient chemotherapy,No Different Than the National Rate,98,4.8,3.2,7.2,Not Applicable,Not Applicable,,01/01/2024,12/31/2024
260027,RESEARCH MEDICAL CENTER,2316 E MEYER BLVD,KANSAS CITY,MO,64132,JACKSON,(816) 276-4000,OP_36,Ratio of unplanned hospital visits after hospital outpatient surgery,No Different than expected,163,1.1,0.8,1.6,Not Applicable,Not Applicable,,01/01/2024,12/31/2024
260027,RESEARCH MEDICAL CENTER,2316 E MEYER BLVD,KANSAS CITY,MO,64132,JACKSON,(816) 276-4000,READM_30_AMI,Acute Myocardial Infarction (AMI) 30-Day Readmission Rate,No Different Than the National Rate,94,14.1,11.5,17.2,Not Applicable,Not Applicable,,07/01/2021,06/30/2024
260027,RESEARCH MEDICAL CENTER,2316 E MEYER BLVD,KANSAS CITY,MO,64132,JACKSON,(816) 276-4000,READM_30_CABG,Rate of readmission for CABG,No Different Than the National Rate,34,11.6,8.3,15.5,Not Applicable,Not Applicable,,07/01/2021,06/30/2024
260027,RESEARCH MEDICAL CENTER,2316 E MEYER BLVD,KANSAS CITY,MO,64132,JACKSON,(816) 276-4000,READM_30_COPD,Rate of readmission for chronic obstructive pulmonary disease (COPD) patients,No Different Than the National Rate,52,18.1,15.0,21.8,Not Applicable,Not Applicable,,07/01/2021,06/30/2024
260027,RESEARCH MEDICAL CENTER,2316 E MEYER BLVD,KANSAS CITY,MO,64132,JACKSON,(816) 276-4000,READM_30_HF,Heart failure (HF) 30-Day Readmission Rate,No Different Than the National Rate,164,19.1,16.1,22.3,Not Applicable,Not Applicable,,07/01/2021,06/30/2024
260027,RESEARCH MEDICAL CENTER,2316 E MEYER BLVD,KANSAS CITY,MO,64132,JACKSON,(816) 276-4000,READM_30_HIP_KNEE,Rate of readmission after hip/knee replacement,Number of Cases Too Small,Not Available,Not Available,Not Available,Not Available,Not Applicable,Not Applicable,1,07/01/2021,06/30/2024
260027,RESEARCH MEDICAL CENTER,2316 E MEYER BLVD,KANSAS CITY,MO,64132,JACKSON,(816) 276-4000,READM_30_PN,Pneumonia (PN) 30-Day Readmission Rate,No Different Than the National Rate,156,16.7,14.0,19.9,Not Applicable,Not Applicable,,07/01/2021,06/30/2024
26002F,General Leonard Wood ACH (FT Leonard Wood),4430 Missouri Ave,Fort Leonard Wood,MO,65473,PULASKI,(573) 596-0035,EDAC_30_AMI,Hospital return days for heart attack patients,Not Available,Not Available,Not Available,Not Available,Not Available,Not Available,Not Available,5,07/01/2021,06/30/2024
26002F,General Leonard Wood ACH (FT Leonard Wood),4430 Missouri Ave,Fort Leonard Wood,MO,65473,PULASKI,(573) 596-0035,EDAC_30_HF,Hospital return days for heart failure patients,Not Available,Not Available,Not Available,Not Available,Not Available,Not Available,Not Available,5,07/01/2021,06/30/2024
26002F,General Leonard Wood ACH (FT Leonard Wood),4430 Missouri Ave,Fort Leonard Wood,MO,65473,PULASKI,(573) 596-0035,EDAC_30_PN,Hospital return days for pneumonia patients,Not Available,Not Available,Not Available,Not Available,Not Available,Not Available,Not Available,5,07/01/2021,06/30/2024
26002F,General Leonard Wood ACH (FT Leonard Wood),4430 Missouri Ave,Fort Leonard Wood,MO,65473,PULASKI,(573) 596-0035,Hybrid_HWR,Hybrid Hospital-Wide All-Cause Readmission Measure (HWR),Not Available,Not Available,Not Available,Not Available,Not Available,Not Applicable,Not Applicable,5,07/01/2023,06/30/2024
26002F,General Leonard Wood ACH (FT Leonard Wood),4430 Missouri Ave,Fort Leonard Wood,MO,65473,PULASKI,(573) 596-0035,OP_32,"Rate of unplanned hospital visits after colonoscopy (per 1,000 colonoscopies)",Not Available,Not Available,Not Available,Not Available,Not Available,Not Applicable,Not Applicable,5,01/01/2022,12/31/2024
26002F,General Leonard Wood ACH (FT Leonard Wood),4430 Missouri Ave,Fort Leonard Wood,MO,65473,PULASKI,(573) 596-0035,OP_35_ADM,Rate of inpatient admissions for patients receiving outpatient chemotherapy,Not Available,Not Available,Not Available,Not Available,Not Available,Not Applicable,Not Applicable,5,01/01/2024,12/31/2024
26002F,General Leonard Wood ACH (FT Leonard Wood),4430 Missouri Ave,Fort Leonard Wood,MO,65473,PULASKI,(573) 596-0035,OP_35_ED,Rate of emergency department (ED) visits for patients receiving outpatient chemotherapy,Not Available,Not Available,Not Available,Not Available,Not Available,Not Applicable,Not Applicable,5,01/01/2024,12/31/2024
26002F,General Leonard Wood ACH (FT Leonard Wood),4430 Missouri Ave,Fort Leonard Wood,MO,65473,PULASKI,(573) 596-0035,OP_36,Ratio of unplanned hospital visits after hospital outpatient surgery,Not Available,Not Available,Not Available,Not Available,Not Available,Not Applicable,Not Applicable,5,01/01/2024,12/31/2024
26002F,General Leonard Wood ACH (FT Leonard Wood),4430 Missouri Ave,Fort Leonard Wood,MO,65473,PULASKI,(573) 596-0035,READM_30_AMI,Acute Myocardial Infarction (AMI) 30-Day Readmission Rate,Not Available,Not Available,Not Available,Not Available,Not Available,Not Applicable,Not Applicable,5,07/01/2021,06/30/2024
26002F,General Leonard Wood ACH (FT Leonard Wood),4430 Missouri Ave,Fort Leonard Wood,MO,65473,PULASKI,(573) 596-0035,READM_30_CABG,Rate of readmission for CABG,Not Available,Not Available,Not Available,Not Available,Not Available,Not Applicable,Not Applicable,5,07/01/2021,06/30/2024
26002F,General Leonard Wood ACH (FT Leonard Wood),4430 Missouri Ave,Fort Leonard Wood,MO,65473,PULASKI,(573) 596-0035,READM_30_COPD,Rate of readmission for chronic obstructive pulmonary disease (COPD) patients,Not Available,Not Available,Not Available,Not Available,Not Available,Not Applicable,Not Applicable,5,07/01/2021,06/30/2024
26002F,General Leonard Wood ACH (FT Leonard Wood),4430 Missouri Ave,Fort Leonard Wood,MO,65473,PULASKI,(573) 596-0035,READM_30_HF,Heart failure (HF) 30-Day Readmission Rate,Not Available,Not Available,Not Available,Not Available,Not Available,Not Applicable,Not Applicable,5,07/01/2021,06/30/2024
26002F,General Leonard Wood ACH (FT Leonard Wood),4430 Missouri Ave,Fort Leonard Wood,MO,65473,PULASKI,(573) 596-0035,READM_30_HIP_KNEE,Rate of readmission after hip/knee replacement,Not Available,Not Available,Not Available,Not Available,Not Available,Not Applicable,Not Applicable,5,07/01/2021,06/30/2024
26002F,General Leonard Wood ACH (FT Leonard Wood),4430 Missouri Ave,Fort Leonard Wood,MO,65473,PULASKI,(573) 596-0035,READM_30_PN,Pneumonia (PN) 30-Day Readmission Rate,Not Available,Not Available,Not Available,Not Available,Not Available,Not Applicable,Not Applicable,5,07/01/2021,06/30/2024
260032,BARNES JEWISH HOSPITAL,ONE BARNES-JEWISH HOSPITAL PLAZA,SAINT LOUIS,MO,63110,ST. LOUIS CITY,(314) 747-3000,EDAC_30_AMI,Hospital return days for heart attack patients,More Days Than Average per 100 Discharges,234,39,24.2,55.1,228,69,,07/01/2021,06/30/2024
260032,BARNES JEWISH HOSPITAL,ONE BARNES-JEWISH HOSPITAL PLAZA,SAINT LOUIS,MO,63110,ST. LOUIS CITY,(314) 747-3000,EDAC_30_HF,Hospital return days for heart failure patients,More Days Than Average per 100 Discharges,725,30.8,21.1,41.5,595,213,,07/01/2021,06/30/2024
260032,BARNES JEWISH HOSPITAL,ONE BARNES-JEWISH HOSPITAL PLAZA,SAINT LOUIS,MO,63110,ST. LOUIS CITY,(314) 747-3000,EDAC_30_PN,Hospital return days for pneumonia patients,Average Days per 100 Discharges,383,-6.8,-17.3,5.1,356,91,,07/01/2021,06/30/2024
260032,BARNES JEWISH HOSPITAL,ONE BARNES-JEWISH HOSPITAL PLAZA,SAINT LOUIS,MO,63110,ST. LOUIS CITY,(314) 747-3000,Hybrid_HWR,Hybrid Hospital-Wide All-Cause Readmission Measure (HWR),No Different Than the National Rate,6581,15.3,14.6,16.1,Not Applicable,Not Applicable,,07/01/2023,06/30/2024
260032,BARNES JEWISH HOSPITAL,ONE BARNES-JEWISH HOSPITAL PLAZA,SAINT LOUIS,MO,63110,ST. LOUIS CITY,(314) 747-3000,OP_32,"Rate of unplanned hospital visits after colonoscopy (per 1,000 colonoscopies)",No Different Than the National Rate,1580,12.5,9.8,16.1,Not Applicable,Not Applicable,,01/01/2022,12/31/2024
260032,BARNES JEWISH HOSPITAL,ONE BARNES-JEWISH HOSPITAL PLAZA,SAINT LOUIS,MO,63110,ST. LOUIS CITY,(314) 747-3000,OP_35_ADM,Rate of inpatient admissions for patients receiving outpatient chemotherapy,Worse Than the National Rate,1529,12.6,11.1,14.2,Not Applicable,Not Applicable,,01/01/2024,12/31/2024
260032,BARNES JEWISH HOSPITAL,ONE BARNES-JEWISH HOSPITAL PLAZA,SAINT LOUIS,MO,63110,ST. LOUIS CITY,(314) 747-3000,OP_35_ED,Rate of emergency department (ED) visits for patients receiving outpatient chemotherapy,No Different Than the National Rate,1529,4.8,3.9,6,Not Applicable,Not Applicable,,01/01/2024,12/31/2024
260032,BARNES JEWISH HOSPITAL,ONE BARNES-JEWISH HOSPITAL PLAZA,SAINT LOUIS,MO,63110,ST. LOUIS CITY,(314) 747-3000,OP_36,Ratio of unplanned hospital visits after hospital outpatient surgery,No Different than expected,1767,0.9,0.8,1.1,Not Applicable,Not Applicable,,01/01/2024,12/31/2024
260032,BARNES JEWISH HOSPITAL,ONE BARNES-JEWISH HOSPITAL PLAZA,SAINT LOUIS,MO,63110,ST. LOUIS CITY,(314) 747-3000,READM_30_AMI,Acute Myocardial Infarction (AMI) 30-Day Readmission Rate,No Different Than the National Rate,234,14.2,11.9,16.9,Not Applicable,Not Applicable,,07/01/2021,06/30/2024
260032,BARNES JEWISH HOSPITAL,ONE BARNES-JEWISH HOSPITAL PLAZA,SAINT LOUIS,MO,63110,ST. LOUIS CITY,(314) 747-3000,READM_30_CABG,Rate of readmission for CABG,No Different Than the National Rate,147,10.2,7.8,13.4,Not Applicable,Not Applicable,,07/01/2021,06/30/2024
260032,BARNES JEWISH HOSPITAL,ONE BARNES-JEWISH HOSPITAL PLAZA,SAINT LOUIS,MO,63110,ST. LOUIS CITY,(314) 747-3000,READM_30_COPD,Rate of readmission for chronic obstructive pulmonary disease (COPD) patients,No Different Than the National Rate,179,18.4,15.7,21.4,Not Applicable,Not Applicable,,07/01/2021,06/30/2024
260032,BARNES JEWISH HOSPITAL,ONE BARNES-JEWISH HOSPITAL PLAZA,SAINT LOUIS,MO,63110,ST. LOUIS CITY,(314) 747-3000,READM_30_HF,Heart failure (HF) 30-Day Readmission Rate,No Different Than the National Rate,725,21.2,19.1,23.6,Not Applicable,Not Applicable,,07/01/2021,06/30/2024
260032,BARNES JEWISH HOSPITAL,ONE BARNES-JEWISH HOSPITAL PLAZA,SAINT LOUIS,MO,63110,ST. LOUIS CITY,(314) 747-3000,READM_30_HIP_KNEE,Rate of readmission after hip/knee replacement,No Different Than the National Rate,75,3.9,2.5,6.1,Not Applicable,Not Applicable,,07/01/2021,06/30/2024
260032,BARNES JEWISH HOSPITAL,ONE BARNES-JEWISH HOSPITAL PLAZA,SAINT LOUIS,MO,63110,ST. LOUIS CITY,(314) 747-3000,READM_30_PN,Pneumonia (PN) 30-Day Readmission Rate,No Different Than the National Rate,383,15.4,13.3,17.7,Not Applicable,Not Applicable,,07/01/2021,06/30/2024
260034,BATES COUNTY MEMORIAL HOSPITAL,615 W NURSERY ST,BUTLER,MO,64730,BATES,(660) 200-7000,EDAC_30_AMI,Hospital return days for heart attack patients,Number of Cases Too Small,Not Available,Not Available,Not Available,Not Available,Not Available,Not Available,1,07/01/2021,06/30/2024
260034,BATES COUNTY MEMORIAL HOSPITAL,615 W NURSERY ST,BUTLER,MO,64730,BATES,(660) 200-7000,EDAC_30_HF,Hospital return days for heart failure patients,Average Days per 100 Discharges,35,9.3,-21,46.7,30,10,,07/01/2021,06/30/2024
260034,BATES COUNTY MEMORIAL HOSPITAL,615 W NURSERY ST,BUTLER,MO,64730,BATES,(660) 200-7000,EDAC_30_PN,Hospital return days for pneumonia patients,Average Days per 100 Discharges,50,-17.2,-37.4,8.7,43,17,,07/01/2021,06/30/2024
260034,BATES COUNTY MEMORIAL HOSPITAL,615 W NURSERY ST,BUTLER,MO,64730,BATES,(660) 200-7000,Hybrid_HWR,Hybrid Hospital-Wide All-Cause Readmission Measure (HWR),No Different Than the National Rate,84,15,13.3,16.9,Not Applicable,Not Applicable,,07/01/2023,06/30/2024
260034,BATES COUNTY MEMORIAL HOSPITAL,615 W NURSERY ST,BUTLER,MO,64730,BATES,(660) 200-7000,OP_32,"Rate of unplanned hospital visits after colonoscopy (per 1,000 colonoscopies)",No Different Than the National Rate,184,13.8,10.2,18.4,Not Applicable,Not Applicable,,01/01/2022,12/31/2024
260034,BATES COUNTY MEMORIAL HOSPITAL,615 W NURSERY ST,BUTLER,MO,64730,BATES,(660) 200-7000,OP_35_ADM,Rate of inpatient admissions for patients receiving outpatient chemotherapy,No Different Than the National Rate,25,10.3,7,14.5,Not Applicable,Not Applicable,,01/01/2024,12/31/2024
260034,BATES COUNTY MEMORIAL HOSPITAL,615 W NURSERY ST,BUTLER,MO,64730,BATES,(660) 200-7000,OP_35_ED,Rate of emergency department (ED) visits for patients receiving outpatient chemotherapy,No Different Than the National Rate,25,5.5,3.5,8.6,Not Applicable,Not Applicable,,01/01/2024,12/31/2024
260034,BATES COUNTY MEMORIAL HOSPITAL,615 W NURSERY ST,BUTLER,MO,64730,BATES,(660) 200-7000,OP_36,Ratio of unplanned hospital visits after hospital outpatient surgery,Number of cases too small,Not Available,Not Available,Not Available,Not Available,Not Applicable,Not Applicable,1,01/01/2024,12/31/2024
260034,BATES COUNTY MEMORIAL HOSPITAL,615 W NURSERY ST,BUTLER,MO,64730,BATES,(660) 200-7000,READM_30_AMI,Acute Myocardial Infarction (AMI) 30-Day Readmission Rate,Number of Cases Too Small,Not Available,Not Available,Not Available,Not Available,Not Applicable,Not Applicable,1,07/01/2021,06/30/2024
260034,BATES COUNTY MEMORIAL HOSPITAL,615 W NURSERY ST,BUTLER,MO,64730,BATES,(660) 200-7000,READM_30_CABG,Rate of readmission for CABG,Not Available,Not Available,Not Available,Not Available,Not Available,Not Applicable,Not Applicable,5,07/01/2021,06/30/2024
260034,BATES COUNTY MEMORIAL HOSPITAL,615 W NURSERY ST,BUTLER,MO,64730,BATES,(660) 200-7000,READM_30_COPD,Rate of readmission for chronic obstructive pulmonary disease (COPD) patients,Number of Cases Too Small,Not Available,Not Available,Not Available,Not Available,Not Applicable,Not Applicable,1,07/01/2021,06/30/2024
260034,BATES COUNTY MEMORIAL HOSPITAL,615 W NURSERY ST,BUTLER,MO,64730,BATES,(660) 200-7000,READM_30_HF,Heart failure (HF) 30-Day Readmission Rate,No Different Than the National Rate,35,19.1,15.5,23.2,Not Applicable,Not Applicable,,07/01/2021,06/30/2024
260034,BATES COUNTY MEMORIAL HOSPITAL,615 W NURSERY ST,BUTLER,MO,64730,BATES,(660) 200-7000,READM_30_HIP_KNEE,Rate of readmission after hip/knee replacement,Number of Cases Too Small,Not Available,Not Available,Not Available,Not Available,Not Applicable,Not Applicable,1,07/01/2021,06/30/2024
260034,BATES COUNTY MEMORIAL HOSPITAL,615 W NURSERY ST,BUTLER,MO,64730,BATES,(660) 200-7000,READM_30_PN,Pneumonia (PN) 30-Day Readmission Rate,No Different Than the National Rate,50,16,13.0,19.7,Not Applicable,Not Applicable,,07/01/2021,06/30/2024
260040,COX MEDICAL CENTERS,3801 SOUTH NATIONAL AVENUE,SPRINGFIELD,MO,65807,GREENE,(417) 269-6000,EDAC_30_AMI,Hospital return days for heart attack patients,More Days Than Average per 100 Discharges,275,47.3,34.5,61.1,271,82,,07/01/2021,06/30/2024
260040,COX MEDICAL CENTERS,3801 SOUTH NATIONAL AVENUE,SPRINGFIELD,MO,65807,GREENE,(417) 269-6000,EDAC_30_HF,Hospital return days for heart failure patients,More Days Than Average per 100 Discharges,523,12.8,2.8,23.8,432,141,,07/01/2021,06/30/2024
260040,COX MEDICAL CENTERS,3801 SOUTH NATIONAL AVENUE,SPRINGFIELD,MO,65807,GREENE,(417) 269-6000,EDAC_30_PN,Hospital return days for pneumonia patients,Average Days per 100 Discharges,610,-7.5,-15,0.6,550,131,,07/01/2021,06/30/2024
260040,COX MEDICAL CENTERS,3801 SOUTH NATIONAL AVENUE,SPRINGFIELD,MO,65807,GREENE,(417) 269-6000,Hybrid_HWR,Hybrid Hospital-Wide All-Cause Readmission Measure (HWR),No Different Than the National Rate,4238,14.2,13.4,15.1,Not Applicable,Not Applicable,,07/01/2023,06/30/2024
260040,COX MEDICAL CENTERS,3801 SOUTH NATIONAL AVENUE,SPRINGFIELD,MO,65807,GREENE,(417) 269-6000,OP_32,"Rate of unplanned hospital visits after colonoscopy (per 1,000 colonoscopies)",No Different Than the National Rate,3588,12.6,10.2,15.7,Not Applicable,Not Applicable,,01/01/2022,12/31/2024
260040,COX MEDICAL CENTERS,3801 SOUTH NATIONAL AVENUE,SPRINGFIELD,MO,65807,GREENE,(417) 269-6000,OP_35_ADM,Rate of inpatient admissions for patients receiving outpatient chemotherapy,No Different Than the National Rate,262,11,8.7,13.8,Not Applicable,Not Applicable,,01/01/2024,12/31/2024
260040,COX MEDICAL CENTERS,3801 SOUTH NATIONAL AVENUE,SPRINGFIELD,MO,65807,GREENE,(417) 269-6000,OP_35_ED,Rate of emergency department (ED) visits for patients receiving outpatient chemotherapy,No Different Than the National Rate,262,5.1,3.7,7.1,Not Applicable,Not Applicable,,01/01/2024,12/31/2024
260040,COX MEDICAL CENTERS,3801 SOUTH NATIONAL AVENUE,SPRINGFIELD,MO,65807,GREENE,(417) 269-6000,OP_36,Ratio of unplanned hospital visits after hospital outpatient surgery,No Different than expected,1811,1,0.9,1.2,Not Applicable,Not Applicable,,01/01/2024,12/31/2024
260040,COX MEDICAL CENTERS,3801 SOUTH NATIONAL AVENUE,SPRINGFIELD,MO,65807,GREENE,(417) 269-6000,READM_30_AMI,Acute Myocardial Infarction (AMI) 30-Day Readmission Rate,No Different Than the National Rate,275,15.2,12.7,18.3,Not Applicable,Not Applicable,,07/01/2021,06/30/2024
260040,COX MEDICAL CENTERS,3801 SOUTH NATIONAL AVENUE,SPRINGFIELD,MO,65807,GREENE,(417) 269-6000,READM_30_CABG,Rate of readmission for CABG,No Different Than the National Rate,210,8.7,6.6,11.4,Not Applicable,Not Applicable,,07/01/2021,06/30/2024
260040,COX MEDICAL CENTERS,3801 SOUTH NATIONAL AVENUE,SPRINGFIELD,MO,65807,GREENE,(417) 269-6000,READM_30_COPD,Rate of readmission for chronic obstructive pulmonary disease (COPD) patients,No Different Than the National Rate,243,17.4,14.9,20.4,Not Applicable,Not Applicable,,07/01/2021,06/30/2024
260040,COX MEDICAL CENTERS,3801 SOUTH NATIONAL AVENUE,SPRINGFIELD,MO,65807,GREENE,(417) 269-6000,READM_30_HF,Heart failure (HF) 30-Day Readmission Rate,No Different Than the National Rate,523,19.3,16.9,22.1,Not Applicable,Not Applicable,,07/01/2021,06/30/2024
260040,COX MEDICAL CENTERS,3801 SOUTH NATIONAL AVENUE,SPRINGFIELD,MO,65807,GREENE,(417) 269-6000,READM_30_HIP_KNEE,Rate of readmission after hip/knee replacement,No Different Than the National Rate,50,4.6,2.8,7.3,Not Applicable,Not Applicable,,07/01/2021,06/30/2024
260040,COX MEDICAL CENTERS,3801 SOUTH NATIONAL AVENUE,SPRINGFIELD,MO,65807,GREENE,(417) 269-6000,READM_30_PN,Pneumonia (PN) 30-Day Readmission Rate,No Different Than the National Rate,610,15.5,13.5,17.7,Not Applicable,Not Applicable,,07/01/2021,06/30/2024
260048,TRUMAN MEDICAL CENTER HOSPITAL HILL,2301 HOLMES STREET,KANSAS CITY,MO,64108,JACKSON,(816) 404-1000,EDAC_30_AMI,Hospital return days for heart attack patients,Number of Cases Too Small,Not Available,Not Available,Not Available,Not Available,Not Available,Not Available,1,07/01/2021,06/30/2024
260048,TRUMAN MEDICAL CENTER HOSPITAL HILL,2301 HOLMES STREET,KANSAS CITY,MO,64108,JACKSON,(816) 404-1000,EDAC_30_HF,Hospital return days for heart failure patients,Fewer Days Than Average per 100 Discharges,43,-32.2,-58.8,-0.4,37,11,,07/01/2021,06/30/2024
260048,TRUMAN MEDICAL CENTER HOSPITAL HILL,2301 HOLMES STREET,KANSAS CITY,MO,64108,JACKSON,(816) 404-1000,EDAC_30_PN,Hospital return days for pneumonia patients,More Days Than Average per 100 Discharges,27,76.8,33.8,131.2,27,8,,07/01/2021,06/30/2024
260048,TRUMAN MEDICAL CENTER HOSPITAL HILL,2301 HOLMES STREET,KANSAS CITY,MO,64108,JACKSON,(816) 404-1000,Hybrid_HWR,Hybrid Hospital-Wide All-Cause Readmission Measure (HWR),No Different Than the National Rate,235,15.7,14.1,17.5,Not Applicable,Not Applicable,,07/01/2023,06/30/2024
260048,TRUMAN MEDICAL CENTER HOSPITAL HILL,2301 HOLMES STREET,KANSAS CITY,MO,64108,JACKSON,(816) 404-1000,OP_32,"Rate of unplanned hospital visits after colonoscopy (per 1,000 colonoscopies)",No Different Than the National Rate,185,14,10.5,19.2,Not Applicable,Not Applicable,,01/01/2022,12/31/2024
260048,TRUMAN MEDICAL CENTER HOSPITAL HILL,2301 HOLMES STREET,KANSAS CITY,MO,64108,JACKSON,(816) 404-1000,OP_35_ADM,Rate of inpatient admissions for patients receiving outpatient chemotherapy,No Different Than the National Rate,32,10.5,7.1,15.1,Not Applicable,Not Applicable,,01/01/2024,12/31/2024
260048,TRUMAN MEDICAL CENTER HOSPITAL HILL,2301 HOLMES STREET,KANSAS CITY,MO,64108,JACKSON,(816) 404-1000,OP_35_ED,Rate of emergency department (ED) visits for patients receiving outpatient chemotherapy,No Different Than the National Rate,32,4.9,3,7.7,Not Applicable,Not Applicable,,01/01/2024,12/31/2024
260048,TRUMAN MEDICAL CENTER HOSPITAL HILL,2301 HOLMES STREET,KANSAS CITY,MO,64108,JACKSON,(816) 404-1000,OP_36,Ratio of unplanned hospital visits after hospital outpatient surgery,No Different than expected,55,1.1,0.7,1.5,Not Applicable,Not Applicable,,01/01/2024,12/31/2024
260048,TRUMAN MEDICAL CENTER HOSPITAL HILL,2301 HOLMES STREET,KANSAS CITY,MO,64108,JACKSON,(816) 404-1000,READM_30_AMI,Acute Myocardial Infarction (AMI) 30-Day Readmission Rate,Number of Cases Too Small,Not Available,Not Available,Not Available,Not Available,Not Applicable,Not Applicable,1,07/01/2021,06/30/2024
260048,TRUMAN MEDICAL CENTER HOSPITAL HILL,2301 HOLMES STREET,KANSAS CITY,MO,64108,JACKSON,(816) 404-1000,READM_30_CABG,Rate of readmission for CABG,Not Available,Not Available,Not Available,Not Available,Not Available,Not Applicable,Not Applicable,5,07/01/2021,06/30/2024
260048,TRUMAN MEDICAL CENTER HOSPITAL HILL,2301 HOLMES STREET,KANSAS CITY,MO,64108,JACKSON,(816) 404-1000,READM_30_COPD,Rate of readmission for chronic obstructive pulmonary disease (COPD) patients,Number of Cases Too Small,Not Available,Not Available,Not Available,Not Available,Not Applicable,Not Applicable,1,07/01/2021,06/30/2024
260048,TRUMAN MEDICAL CENTER HOSPITAL HILL,2301 HOLMES STREET,KANSAS CITY,MO,64108,JACKSON,(816) 404-1000,READM_30_HF,Heart failure (HF) 30-Day Readmission Rate,No Different Than the National Rate,43,19.3,15.9,23.1,Not Applicable,Not Applicable,,07/01/2021,06/30/2024
260048,TRUMAN MEDICAL CENTER HOSPITAL HILL,2301 HOLMES STREET,KANSAS CITY,MO,64108,JACKSON,(816) 404-1000,READM_30_HIP_KNEE,Rate of readmission after hip/knee replacement,Number of Cases Too Small,Not Available,Not Available,Not Available,Not Available,Not Applicable,Not Applicable,1,07/01/2021,06/30/2024
260048,TRUMAN MEDICAL CENTER HOSPITAL HILL,2301 HOLMES STREET,KANSAS CITY,MO,64108,JACKSON,(816) 404-1000,READM_30_PN,Pneumonia (PN) 30-Day Readmission Rate,No Different Than the National Rate,27,16.1,12.9,19.7,Not Applicable,Not Applicable,,07/01/2021,06/30/2024
26004F,KANSAS CITY VA MEDICAL CENTER,4801 LINWOOD BLVD.,KANSAS CITY,MO,64128,JACKSON,(816) 861-4700,EDAC_30_AMI,Hospital return days for heart attack patients,Fewer Days Than Average per 100 Discharges,95,-30.3,-44.1,-13.7,94,22,,07/01/2021,06/30/2024
26004F,KANSAS CITY VA MEDICAL CENTER,4801 LINWOOD BLVD.,KANSAS CITY,MO,64128,JACKSON,(816) 861-4700,EDAC_30_HF,Hospital return days for heart failure patients,Fewer Days Than Average per 100 Discharges,550,-17.3,-26.8,-7.4,424,136,,07/01/2021,06/30/2024
26004F,KANSAS CITY VA MEDICAL CENTER,4801 LINWOOD BLVD.,KANSAS CITY,MO,64128,JACKSON,(816) 861-4700,EDAC_30_PN,Hospital return days for pneumonia patients,Average Days per 100 Discharges,341,10.4,-2,23.4,296,81,,07/01/2021,06/30/2024
26004F,KANSAS CITY VA MEDICAL CENTER,4801 LINWOOD BLVD.,KANSAS CITY,MO,64128,JACKSON,(816) 861-4700,Hybrid_HWR,Hybrid Hospital-Wide All-Cause Readmission Measure (HWR),No Different Than the National Rate,3034,15.6,14.6,16.6,Not Applicable,Not Applicable,,07/01/2023,06/30/2024
26004F,KANSAS CITY VA MEDICAL CENTER,4801 LINWOOD BLVD.,KANSAS CITY,MO,64128,JACKSON,(816) 861-4700,OP_32,"Rate of unplanned hospital visits after colonoscopy (per 1,000 colonoscopies)",Not Available,Not Available,Not Available,Not Available,Not Available,Not Applicable,Not Applicable,5,01/01/2022,12/31/2024
26004F,KANSAS CITY VA MEDICAL CENTER,4801 LINWOOD BLVD.,KANSAS CITY,MO,64128,JACKSON,(816) 861-4700,OP_35_ADM,Rate of inpatient admissions for patients receiving outpatient chemotherapy,Not Available,Not Available,Not Available,Not Available,Not Available,Not Applicable,Not Applicable,5,01/01/2024,12/31/2024
26004F,KANSAS CITY VA MEDICAL CENTER,4801 LINWOOD BLVD.,KANSAS CITY,MO,64128,JACKSON,(816) 861-4700,OP_35_ED,Rate of emergency department (ED) visits for patients receiving outpatient chemotherapy,Not Available,Not Available,Not Available,Not Available,Not Available,Not Applicable,Not Applicable,5,01/01/2024,12/31/2024
26004F,KANSAS CITY VA MEDICAL CENTER,4801 LINWOOD BLVD.,KANSAS CITY,MO,64128,JACKSON,(816) 861-4700,OP_36,Ratio of unplanned hospital visits after hospital outpatient surgery,Not Available,Not Available,Not Available,Not Available,Not Available,Not Applicable,Not Applicable,5,01/01/2024,12/31/2024
26004F,KANSAS CITY VA MEDICAL CENTER,4801 LINWOOD BLVD.,KANSAS CITY,MO,64128,JACKSON,(816) 861-4700,READM_30_AMI,Acute Myocardial Infarction (AMI) 30-Day Readmission Rate,No Different Than the National Rate,95,13.5,10.9,16.6,Not Applicable,Not Applicable,,07/01/2021,06/30/2024
26004F,KANSAS CITY VA MEDICAL CENTER,4801 LINWOOD BLVD.,KANSAS CITY,MO,64128,JACKSON,(816) 861-4700,READM_30_CABG,Rate of readmission for CABG,Not Available,Not Available,Not Available,Not Available,Not Available,Not Applicable,Not Applicable,5,07/01/2021,06/30/2024
26004F,KANSAS CITY VA MEDICAL CENTER,4801 LINWOOD BLVD.,KANSAS CITY,MO,64128,JACKSON,(816) 861-4700,READM_30_COPD,Rate of readmission for chronic obstructive pulmonary disease (COPD) patients,No Different Than the National Rate,330,18.8,16.2,21.6,Not Applicable,Not Applicable,,07/01/2021,06/30/2024
26004F,KANSAS CITY VA MEDICAL CENTER,4801 LINWOOD BLVD.,KANSAS CITY,MO,64128,JACKSON,(816) 861-4700,READM_30_HF,Heart failure (HF) 30-Day Readmission Rate,No Different Than the National Rate,550,19.2,16.7,21.9,Not Applicable,Not Applicable,,07/01/2021,06/30/2024
26004F,KANSAS CITY VA MEDICAL CENTER,4801 LINWOOD BLVD.,KANSAS CITY,MO,64128,JACKSON,(816) 861-4700,READM_30_HIP_KNEE,Rate of readmission after hip/knee replacement,No Different Than the National Rate,181,3.9,2.4,6.0,Not Applicable,Not Applicable,,07/01/2021,06/30/2024
26004F,KANSAS CITY VA MEDICAL CENTER,4801 LINWOOD BLVD.,KANSAS CITY,MO,64128,JACKSON,(816) 861-4700,READM_30_PN,Pneumonia (PN) 30-Day Readmission Rate,No Different Than the National Rate,341,15.6,13.2,18.3,Not Applicable,Not Applicable,,07/01/2021,06/30/2024
260052,MERCY HOSPITAL WASHINGTON,901 EAST 5TH STREET,WASHINGTON,MO,63090,FRANKLIN,(636) 239-8000,EDAC_30_AMI,Hospital return days for heart attack patients,Average Days per 100 Discharges,59,9,-10.3,35.5,59,13,,07/01/2021,06/30/2024
260052,MERCY HOSPITAL WASHINGTON,901 EAST 5TH STREET,WASHINGTON,MO,63090,FRANKLIN,(636) 239-8000,EDAC_30_HF,Hospital return days for heart failure patients,Average Days per 100 Discharges,243,-8.7,-21.6,5.8,196,67,,07/01/2021,06/30/2024
260052,MERCY HOSPITAL WASHINGTON,901 EAST 5TH STREET,WASHINGTON,MO,63090,FRANKLIN,(636) 239-8000,EDAC_30_PN,Hospital return days for pneumonia patients,Fewer Days Than Average per 100 Discharges,249,-24.2,-34.5,-11.9,216,54,,07/01/2021,06/30/2024
260052,MERCY HOSPITAL WASHINGTON,901 EAST 5TH STREET,WASHINGTON,MO,63090,FRANKLIN,(636) 239-8000,Hybrid_HWR,Hybrid Hospital-Wide All-Cause Readmission Measure (HWR),No Different Than the National Rate,893,14.8,13.4,16.2,Not Applicable,Not Applicable,,07/01/2023,06/30/2024
260052,MERCY HOSPITAL WASHINGTON,901 EAST 5TH STREET,WASHINGTON,MO,63090,FRANKLIN,(636) 239-8000,OP_32,"Rate of unplanned hospital visits after colonoscopy (per 1,000 colonoscopies)",No Different Than the National Rate,949,13,9.9,16.8,Not Applicable,Not Applicable,,01/01/2022,12/31/2024
260052,MERCY HOSPITAL WASHINGTON,901 EAST 5TH STREET,WASHINGTON,MO,63090,FRANKLIN,(636) 239-8000,OP_35_ADM,Rate of inpatient admissions for patients receiving outpatient chemotherapy,Number of Cases Too Small,Not Available,Not Available,Not Available,Not Available,Not Applicable,Not Applicable,1,01/01/2024,12/31/2024
260052,MERCY HOSPITAL WASHINGTON,901 EAST 5TH STREET,WASHINGTON,MO,63090,FRANKLIN,(636) 239-8000,OP_35_ED,Rate of emergency department (ED) visits for patients receiving outpatient chemotherapy,Number of Cases Too Small,Not Available,Not Available,Not Available,Not Available,Not Applicable,Not Applicable,1,01/01/2024,12/31/2024
260052,MERCY HOSPITAL WASHINGTON,901 EAST 5TH STREET,WASHINGTON,MO,63090,FRANKLIN,(636) 239-8000,OP_36,Ratio of unplanned hospital visits after hospital outpatient surgery,No Different than expected,323,1.1,0.8,1.4,Not Applicable,Not Applicable,,01/01/2024,12/31/2024
260052,MERCY HOSPITAL WASHINGTON,901 EAST 5TH STREET,WASHINGTON,MO,63090,FRANKLIN,(636) 239-8000,READM_30_AMI,Acute Myocardial Infarction (AMI) 30-Day Readmission Rate,No Different Than the National Rate,59,12.8,10.2,16.0,Not Applicable,Not Applicable,,07/01/2021,06/30/2024
260052,MERCY HOSPITAL WASHINGTON,901 EAST 5TH STREET,WASHINGTON,MO,63090,FRANKLIN,(636) 239-8000,READM_30_CABG,Rate of readmission for CABG,Not Available,Not Available,Not Available,Not Available,Not Available,Not Applicable,Not Applicable,5,07/01/2021,06/30/2024
260052,MERCY HOSPITAL WASHINGTON,901 EAST 5TH STREET,WASHINGTON,MO,63090,FRANKLIN,(636) 239-8000,READM_30_COPD,Rate of readmission for chronic obstructive pulmonary disease (COPD) patients,No Different Than the National Rate,59,17.7,14.6,21.4,Not Applicable,Not Applicable,,07/01/2021,06/30/2024
260052,MERCY HOSPITAL WASHINGTON,901 EAST 5TH STREET,WASHINGTON,MO,63090,FRANKLIN,(636) 239-8000,READM_30_HF,Heart failure (HF) 30-Day Readmission Rate,No Different Than the National Rate,243,19.1,16.2,22.5,Not Applicable,Not Applicable,,07/01/2021,06/30/2024
260052,MERCY HOSPITAL WASHINGTON,901 EAST 5TH STREET,WASHINGTON,MO,63090,FRANKLIN,(636) 239-8000,READM_30_HIP_KNEE,Rate of readmission after hip/knee replacement,No Different Than the National Rate,26,5.5,3.3,9.4,Not Applicable,Not Applicable,,07/01/2021,06/30/2024
260052,MERCY HOSPITAL WASHINGTON,901 EAST 5TH STREET,WASHINGTON,MO,63090,FRANKLIN,(636) 239-8000,READM_30_PN,Pneumonia (PN) 30-Day Readmission Rate,No Different Than the National Rate,249,15.2,12.7,18.2,Not Applicable,Not Applicable,,07/01/2021,06/30/2024
260057,CAMERON REGIONAL MEDICAL CENTER,1600 E EVERGREEN,CAMERON,MO,64429,CLINTON,(816) 632-2101,EDAC_30_AMI,Hospital return days for heart attack patients,Number of Cases Too Small,Not Available,Not Available,Not Available,Not Available,Not Available,Not Available,1,07/01/2021,06/30/2024
260057,CAMERON REGIONAL MEDICAL CENTER,1600 E EVERGREEN,CAMERON,MO,64429,CLINTON,(816) 632-2101,EDAC_30_HF,Hospital return days for heart failure patients,Fewer Days Than Average per 100 Discharges,67,-66.3,-81.5,-46.7,55,15,,07/01/2021,06/30/2024
260057,CAMERON REGIONAL MEDICAL CENTER,1600 E EVERGREEN,CAMERON,MO,64429,CLINTON,(816) 632-2101,EDAC_30_PN,Hospital return days for pneumonia patients,Fewer Days Than Average per 100 Discharges,162,-25.4,-37.2,-11.2,144,30,,07/01/2021,06/30/2024
260057,CAMERON REGIONAL MEDICAL CENTER,1600 E EVERGREEN,CAMERON,MO,64429,CLINTON,(816) 632-2101,Hybrid_HWR,Hybrid Hospital-Wide All-Cause Readmission Measure (HWR),No Different Than the National Rate,348,14,12.4,15.6,Not Applicable,Not Applicable,,07/01/2023,06/30/2024
260057,CAMERON REGIONAL MEDICAL CENTER,1600 E EVERGREEN,CAMERON,MO,64429,CLINTON,(816) 632-2101,OP_32,"Rate of unplanned hospital visits after colonoscopy (per 1,000 colonoscopies)",No Different Than the National Rate,276,12.4,9.2,16.6,Not Applicable,Not Applicable,,01/01/2022,12/31/2024
260057,CAMERON REGIONAL MEDICAL CENTER,1600 E EVERGREEN,CAMERON,MO,64429,CLINTON,(816) 632-2101,OP_35_ADM,Rate of inpatient admissions for patients receiving outpatient chemotherapy,No Different Than the National Rate,33,10.2,6.7,15.3,Not Applicable,Not Applicable,,01/01/2024,12/31/2024
260057,CAMERON REGIONAL MEDICAL CENTER,1600 E EVERGREEN,CAMERON,MO,64429,CLINTON,(816) 632-2101,OP_35_ED,Rate of emergency department (ED) visits for patients receiving outpatient chemotherapy,No Different Than the National Rate,33,5.6,3.5,9.1,Not Applicable,Not Applicable,,01/01/2024,12/31/2024
260057,CAMERON REGIONAL MEDICAL CENTER,1600 E EVERGREEN,CAMERON,MO,64429,CLINTON,(816) 632-2101,OP_36,Ratio of unplanned hospital visits after hospital outpatient surgery,No Different than expected,118,1,0.7,1.4,Not Applicable,Not Applicable,,01/01/2024,12/31/2024
260057,CAMERON REGIONAL MEDICAL CENTER,1600 E EVERGREEN,CAMERON,MO,64429,CLINTON,(816) 632-2101,READM_30_AMI,Acute Myocardial Infarction (AMI) 30-Day Readmission Rate,Number of Cases Too Small,Not Available,Not Available,Not Available,Not Available,Not Applicable,Not Applicable,1,07/01/2021,06/30/2024
260057,CAMERON REGIONAL MEDICAL CENTER,1600 E EVERGREEN,CAMERON,MO,64429,CLINTON,(816) 632-2101,READM_30_CABG,Rate of readmission for CABG,Not Available,Not Available,Not Available,Not Available,Not Available,Not Applicable,Not Applicable,5,07/01/2021,06/30/2024
260057,CAMERON REGIONAL MEDICAL CENTER,1600 E EVERGREEN,CAMERON,MO,64429,CLINTON,(816) 632-2101,READM_30_COPD,Rate of readmission for chronic obstructive pulmonary disease (COPD) patients,No Different Than the National Rate,62,18,14.9,21.6,Not Applicable,Not Applicable,,07/01/2021,06/30/2024
260057,CAMERON REGIONAL MEDICAL CENTER,1600 E EVERGREEN,CAMERON,MO,64429,CLINTON,(816) 632-2101,READM_30_HF,Heart failure (HF) 30-Day Readmission Rate,No Different Than the National Rate,67,17.9,14.7,21.5,Not Applicable,Not Applicable,,07/01/2021,06/30/2024
260057,CAMERON REGIONAL MEDICAL CENTER,1600 E EVERGREEN,CAMERON,MO,64429,CLINTON,(816) 632-2101,READM_30_HIP_KNEE,Rate of readmission after hip/knee replacement,No Different Than the National Rate,61,4.3,2.6,6.8,Not Applicable,Not Applicable,,07/01/2021,06/30/2024
260057,CAMERON REGIONAL MEDICAL CENTER,1600 E EVERGREEN,CAMERON,MO,64429,CLINTON,(816) 632-2101,READM_30_PN,Pneumonia (PN) 30-Day Readmission Rate,No Different Than the National Rate,162,15.3,12.5,18.5,Not Applicable,Not Applicable,,07/01/2021,06/30/2024
260059,MERCY HOSPITAL LEBANON,100 HOSPITAL DRIVE,LEBANON,MO,65536,LACLEDE,(417) 533-6100,EDAC_30_AMI,Hospital return days for heart attack patients,Number of Cases Too Small,Not Available,Not Available,Not Available,Not Available,Not Available,Not Available,1,07/01/2021,06/30/2024
260059,MERCY HOSPITAL LEBANON,100 HOSPITAL DRIVE,LEBANON,MO,65536,LACLEDE,(417) 533-6100,EDAC_30_HF,Hospital return days for heart failure patients,Fewer Days Than Average per 100 Discharges,49,-49.7,-68,-26.2,45,12,,07/01/2021,06/30/2024
260059,MERCY HOSPITAL LEBANON,100 HOSPITAL DRIVE,LEBANON,MO,65536,LACLEDE,(417) 533-6100,EDAC_30_PN,Hospital return days for pneumonia patients,Average Days per 100 Discharges,97,-12.1,-29.4,7.6,88,23,,07/01/2021,06/30/2024
260059,MERCY HOSPITAL LEBANON,100 HOSPITAL DRIVE,LEBANON,MO,65536,LACLEDE,(417) 533-6100,Hybrid_HWR,Hybrid Hospital-Wide All-Cause Readmission Measure (HWR),No Different Than the National Rate,230,14.7,12.9,16.9,Not Applicable,Not Applicable,,07/01/2023,06/30/2024
260059,MERCY HOSPITAL LEBANON,100 HOSPITAL DRIVE,LEBANON,MO,65536,LACLEDE,(417) 533-6100,OP_32,"Rate of unplanned hospital visits after colonoscopy (per 1,000 colonoscopies)",No Different Than the National Rate,575,13.6,10.4,18,Not Applicable,Not Applicable,,01/01/2022,12/31/2024
260059,MERCY HOSPITAL LEBANON,100 HOSPITAL DRIVE,LEBANON,MO,65536,LACLEDE,(417) 533-6100,OP_35_ADM,Rate of inpatient admissions for patients receiving outpatient chemotherapy,No Different Than the National Rate,75,9.8,7,13.4,Not Applicable,Not Applicable,,01/01/2024,12/31/2024
260059,MERCY HOSPITAL LEBANON,100 HOSPITAL DRIVE,LEBANON,MO,65536,LACLEDE,(417) 533-6100,OP_35_ED,Rate of emergency department (ED) visits for patients receiving outpatient chemotherapy,No Different Than the National Rate,75,5.6,3.7,8.3,Not Applicable,Not Applicable,,01/01/2024,12/31/2024
260059,MERCY HOSPITAL LEBANON,100 HOSPITAL DRIVE,LEBANON,MO,65536,LACLEDE,(417) 533-6100,OP_36,Ratio of unplanned hospital visits after hospital outpatient surgery,No Different than expected,32,1,0.7,1.5,Not Applicable,Not Applicable,,01/01/2024,12/31/2024
260059,MERCY HOSPITAL LEBANON,100 HOSPITAL DRIVE,LEBANON,MO,65536,LACLEDE,(417) 533-6100,READM_30_AMI,Acute Myocardial Infarction (AMI) 30-Day Readmission Rate,Number of Cases Too Small,Not Available,Not Available,Not Available,Not Available,Not Applicable,Not Applicable,1,07/01/2021,06/30/2024
260059,MERCY HOSPITAL LEBANON,100 HOSPITAL DRIVE,LEBANON,MO,65536,LACLEDE,(417) 533-6100,READM_30_CABG,Rate of readmission for CABG,Not Available,Not Available,Not Available,Not Available,Not Available,Not Applicable,Not Applicable,5,07/01/2021,06/30/2024
260059,MERCY HOSPITAL LEBANON,100 HOSPITAL DRIVE,LEBANON,MO,65536,LACLEDE,(417) 533-6100,READM_30_COPD,Rate of readmission for chronic obstructive pulmonary disease (COPD) patients,Number of Cases Too Small,Not Available,Not Available,Not Available,Not Available,Not Applicable,Not Applicable,1,07/01/2021,06/30/2024
260059,MERCY HOSPITAL LEBANON,100 HOSPITAL DRIVE,LEBANON,MO,65536,LACLEDE,(417) 533-6100,READM_30_HF,Heart failure (HF) 30-Day Readmission Rate,No Different Than the National Rate,49,19.1,15.6,23.1,Not Applicable,Not Applicable,,07/01/2021,06/30/2024
260059,MERCY HOSPITAL LEBANON,100 HOSPITAL DRIVE,LEBANON,MO,65536,LACLEDE,(417) 533-6100,READM_30_HIP_KNEE,Rate of readmission after hip/knee replacement,Number of Cases Too Small,Not Available,Not Available,Not Available,Not Available,Not Applicable,Not Applicable,1,07/01/2021,06/30/2024
260059,MERCY HOSPITAL LEBANON,100 HOSPITAL DRIVE,LEBANON,MO,65536,LACLEDE,(417) 533-6100,READM_30_PN,Pneumonia (PN) 30-Day Readmission Rate,No Different Than the National Rate,97,15.4,12.4,18.7,Not Applicable,Not Applicable,,07/01/2021,06/30/2024
260061,NEVADA REGIONAL MEDICAL CENTER,800 S ASH ST,NEVADA,MO,64772,VERNON,(417) 667-3355,EDAC_30_AMI,Hospital return days for heart attack patients,Number of Cases Too Small,Not Available,Not Available,Not Available,Not Available,Not Available,Not Available,1,07/01/2021,06/30/2024
260061,NEVADA REGIONAL MEDICAL CENTER,800 S ASH ST,NEVADA,MO,64772,VERNON,(417) 667-3355,EDAC_30_HF,Hospital return days for heart failure patients,Number of Cases Too Small,Not Available,Not Available,Not Available,Not Available,Not Available,Not Available,1,07/01/2021,06/30/2024
260061,NEVADA REGIONAL MEDICAL CENTER,800 S ASH ST,NEVADA,MO,64772,VERNON,(417) 667-3355,EDAC_30_PN,Hospital return days for pneumonia patients,Average Days per 100 Discharges,29,-7.7,-36,30,26,9,,07/01/2021,06/30/2024
260061,NEVADA REGIONAL MEDICAL CENTER,800 S ASH ST,NEVADA,MO,64772,VERNON,(417) 667-3355,Hybrid_HWR,Hybrid Hospital-Wide All-Cause Readmission Measure (HWR),No Different Than the National Rate,67,14.7,12.9,16.9,Not Applicable,Not Applicable,,07/01/2023,06/30/2024
260061,NEVADA REGIONAL MEDICAL CENTER,800 S ASH ST,NEVADA,MO,64772,VERNON,(417) 667-3355,OP_32,"Rate of unplanned hospital visits after colonoscopy (per 1,000 colonoscopies)",No Different Than the National Rate,223,12.9,9.7,17.3,Not Applicable,Not Applicable,,01/01/2022,12/31/2024
260061,NEVADA REGIONAL MEDICAL CENTER,800 S ASH ST,NEVADA,MO,64772,VERNON,(417) 667-3355,OP_35_ADM,Rate of inpatient admissions for patients receiving outpatient chemotherapy,Number of Cases Too Small,Not Available,Not Available,Not Available,Not Available,Not Applicable,Not Applicable,1,01/01/2024,12/31/2024
260061,NEVADA REGIONAL MEDICAL CENTER,800 S ASH ST,NEVADA,MO,64772,VERNON,(417) 667-3355,OP_35_ED,Rate of emergency department (ED) visits for patients receiving outpatient chemotherapy,Number of Cases Too Small,Not Available,Not Available,Not Available,Not Available,Not Applicable,Not Applicable,1,01/01/2024,12/31/2024
260061,NEVADA REGIONAL MEDICAL CENTER,800 S ASH ST,NEVADA,MO,64772,VERNON,(417) 667-3355,OP_36,Ratio of unplanned hospital visits after hospital outpatient surgery,Number of cases too small,Not Available,Not Available,Not Available,Not Available,Not Applicable,Not Applicable,1,01/01/2024,12/31/2024
260061,NEVADA REGIONAL MEDICAL CENTER,800 S ASH ST,NEVADA,MO,64772,VERNON,(417) 667-3355,READM_30_AMI,Acute Myocardial Infarction (AMI) 30-Day Readmission Rate,Number of Cases Too Small,Not Available,Not Available,Not Available,Not Available,Not Applicable,Not Applicable,1,07/01/2021,06/30/2024
260061,NEVADA REGIONAL MEDICAL CENTER,800 S ASH ST,NEVADA,MO,64772,VERNON,(417) 667-3355,READM_30_CABG,Rate of readmission for CABG,Not Available,Not Available,Not Available,Not Available,Not Available,Not Applicable,Not Applicable,5,07/01/2021,06/30/2024
260061,NEVADA REGIONAL MEDICAL CENTER,800 S ASH ST,NEVADA,MO,64772,VERNON,(417) 667-3355,READM_30_COPD,Rate of readmission for chronic obstructive pulmonary disease (COPD) patients,Number of Cases Too Small,Not Available,Not Available,Not Available,Not Available,Not Applicable,Not Applicable,1,07/01/2021,06/30/2024
260061,NEVADA REGIONAL MEDICAL CENTER,800 S ASH ST,NEVADA,MO,64772,VERNON,(417) 667-3355,READM_30_HF,Heart failure (HF) 30-Day Readmission Rate,Number of Cases Too Small,Not Available,Not Available,Not Available,Not Available,Not Applicable,Not Applicable,1,07/01/2021,06/30/2024
260061,NEVADA REGIONAL MEDICAL CENTER,800 S ASH ST,NEVADA,MO,64772,VERNON,(417) 667-3355,READM_30_HIP_KNEE,Rate of readmission after hip/knee replacement,Not Available,Not Available,Not Available,Not Available,Not Available,Not Applicable,Not Applicable,5,07/01/2021,06/30/2024
260061,NEVADA REGIONAL MEDICAL CENTER,800 S ASH ST,NEVADA,MO,64772,VERNON,(417) 667-3355,READM_30_PN,Pneumonia (PN) 30-Day Readmission Rate,No Different Than the National Rate,29,15.6,12.5,19.2,Not Applicable,Not Applicable,,07/01/2021,06/30/2024
260062,SAINT LUKES NORTH HOSPITAL,5830 N W BARRY ROAD,KANSAS CITY,MO,64154,PLATTE,(816) 891-6000,EDAC_30_AMI,Hospital return days for heart attack patients,Average Days per 100 Discharges,85,-18.8,-34.1,0.6,84,20,,07/01/2021,06/30/2024
260062,SAINT LUKES NORTH HOSPITAL,5830 N W BARRY ROAD,KANSAS CITY,MO,64154,PLATTE,(816) 891-6000,EDAC_30_HF,Hospital return days for heart failure patients,Average Days per 100 Discharges,322,-5.5,-17.2,7.5,265,79,,07/01/2021,06/30/2024
260062,SAINT LUKES NORTH HOSPITAL,5830 N W BARRY ROAD,KANSAS CITY,MO,64154,PLATTE,(816) 891-6000,EDAC_30_PN,Hospital return days for pneumonia patients,Fewer Days Than Average per 100 Discharges,231,-31.8,-41.1,-21.4,211,47,,07/01/2021,06/30/2024
260062,SAINT LUKES NORTH HOSPITAL,5830 N W BARRY ROAD,KANSAS CITY,MO,64154,PLATTE,(816) 891-6000,Hybrid_HWR,Hybrid Hospital-Wide All-Cause Readmission Measure (HWR),No Different Than the National Rate,1127,13.7,12.5,15.1,Not Applicable,Not Applicable,,07/01/2023,06/30/2024
260062,SAINT LUKES NORTH HOSPITAL,5830 N W BARRY ROAD,KANSAS CITY,MO,64154,PLATTE,(816) 891-6000,OP_32,"Rate of unplanned hospital visits after colonoscopy (per 1,000 colonoscopies)",No Different Than the National Rate,623,12.6,9.4,16.8,Not Applicable,Not Applicable,,01/01/2022,12/31/2024
260062,SAINT LUKES NORTH HOSPITAL,5830 N W BARRY ROAD,KANSAS CITY,MO,64154,PLATTE,(816) 891-6000,OP_35_ADM,Rate of inpatient admissions for patients receiving outpatient chemotherapy,Number of Cases Too Small,Not Available,Not Available,Not Available,Not Available,Not Applicable,Not Applicable,1,01/01/2024,12/31/2024
260062,SAINT LUKES NORTH HOSPITAL,5830 N W BARRY ROAD,KANSAS CITY,MO,64154,PLATTE,(816) 891-6000,OP_35_ED,Rate of emergency department (ED) visits for patients receiving outpatient chemotherapy,Number of Cases Too Small,Not Available,Not Available,Not Available,Not Available,Not Applicable,Not Applicable,1,01/01/2024,12/31/2024
260062,SAINT LUKES NORTH HOSPITAL,5830 N W BARRY ROAD,KANSAS CITY,MO,64154,PLATTE,(816) 891-6000,OP_36,Ratio of unplanned hospital visits after hospital outpatient surgery,No Different than expected,302,0.9,0.7,1.3,Not Applicable,Not Applicable,,01/01/2024,12/31/2024
260062,SAINT LUKES NORTH HOSPITAL,5830 N W BARRY ROAD,KANSAS CITY,MO,64154,PLATTE,(816) 891-6000,READM_30_AMI,Acute Myocardial Infarction (AMI) 30-Day Readmission Rate,No Different Than the National Rate,85,13.5,10.7,16.8,Not Applicable,Not Applicable,,07/01/2021,06/30/2024
260062,SAINT LUKES NORTH HOSPITAL,5830 N W BARRY ROAD,KANSAS CITY,MO,64154,PLATTE,(816) 891-6000,READM_30_CABG,Rate of readmission for CABG,Not Available,Not Available,Not Available,Not Available,Not Available,Not Applicable,Not Applicable,5,07/01/2021,06/30/2024
260062,SAINT LUKES NORTH HOSPITAL,5830 N W BARRY ROAD,KANSAS CITY,MO,64154,PLATTE,(816) 891-6000,READM_30_COPD,Rate of readmission for chronic obstructive pulmonary disease (COPD) patients,No Different Than the National Rate,88,17.6,14.4,21.3,Not Applicable,Not Applicable,,07/01/2021,06/30/2024
260062,SAINT LUKES NORTH HOSPITAL,5830 N W BARRY ROAD,KANSAS CITY,MO,64154,PLATTE,(816) 891-6000,READM_30_HF,Heart failure (HF) 30-Day Readmission Rate,No Different Than the National Rate,322,18.2,15.4,21.1,Not Applicable,Not Applicable,,07/01/2021,06/30/2024
260062,SAINT LUKES NORTH HOSPITAL,5830 N W BARRY ROAD,KANSAS CITY,MO,64154,PLATTE,(816) 891-6000,READM_30_HIP_KNEE,Rate of readmission after hip/knee replacement,Number of Cases Too Small,Not Available,Not Available,Not Available,Not Available,Not Applicable,Not Applicable,1,07/01/2021,06/30/2024
260062,SAINT LUKES NORTH HOSPITAL,5830 N W BARRY ROAD,KANSAS CITY,MO,64154,PLATTE,(816) 891-6000,READM_30_PN,Pneumonia (PN) 30-Day Readmission Rate,No Different Than the National Rate,231,15.2,12.6,18.0,Not Applicable,Not Applicable,,07/01/2021,06/30/2024
260065,MERCY HOSPITAL SPRINGFIELD,2115 S. Fremont Ave,SPRINGFIELD,MO,65804,GREENE,(417) 820-2000,EDAC_30_AMI,Hospital return days for heart attack patients,Average Days per 100 Discharges,327,-0.2,-9.9,10.8,318,77,,07/01/2021,06/30/2024
260065,MERCY HOSPITAL SPRINGFIELD,2115 S. Fremont Ave,SPRINGFIELD,MO,65804,GREENE,(417) 820-2000,EDAC_30_HF,Hospital return days for heart failure patients,Average Days per 100 Discharges,703,-3.3,-11.6,5.9,599,177,,07/01/2021,06/30/2024
260065,MERCY HOSPITAL SPRINGFIELD,2115 S. Fremont Ave,SPRINGFIELD,MO,65804,GREENE,(417) 820-2000,EDAC_30_PN,Hospital return days for pneumonia patients,Average Days per 100 Discharges,710,-0.8,-8,7.4,634,148,,07/01/2021,06/30/2024
260065,MERCY HOSPITAL SPRINGFIELD,2115 S. Fremont Ave,SPRINGFIELD,MO,65804,GREENE,(417) 820-2000,Hybrid_HWR,Hybrid Hospital-Wide All-Cause Readmission Measure (HWR),No Different Than the National Rate,4380,14.3,13.5,15.1,Not Applicable,Not Applicable,,07/01/2023,06/30/2024
260065,MERCY HOSPITAL SPRINGFIELD,2115 S. Fremont Ave,SPRINGFIELD,MO,65804,GREENE,(417) 820-2000,OP_32,"Rate of unplanned hospital visits after colonoscopy (per 1,000 colonoscopies)",No Different Than the National Rate,3779,11.5,9.3,14.4,Not Applicable,Not Applicable,,01/01/2022,12/31/2024
260065,MERCY HOSPITAL SPRINGFIELD,2115 S. Fremont Ave,SPRINGFIELD,MO,65804,GREENE,(417) 820-2000,OP_35_ADM,Rate of inpatient admissions for patients receiving outpatient chemotherapy,No Different Than the National Rate,379,12.4,10.1,15,Not Applicable,Not Applicable,,01/01/2024,12/31/2024
260065,MERCY HOSPITAL SPRINGFIELD,2115 S. Fremont Ave,SPRINGFIELD,MO,65804,GREENE,(417) 820-2000,OP_35_ED,Rate of emergency department (ED) visits for patients receiving outpatient chemotherapy,No Different Than the National Rate,379,4.5,3.3,6.2,Not Applicable,Not Applicable,,01/01/2024,12/31/2024
260065,MERCY HOSPITAL SPRINGFIELD,2115 S. Fremont Ave,SPRINGFIELD,MO,65804,GREENE,(417) 820-2000,OP_36,Ratio of unplanned hospital visits after hospital outpatient surgery,Better than expected,2092,0.8,0.7,0.9,Not Applicable,Not Applicable,,01/01/2024,12/31/2024
260065,MERCY HOSPITAL SPRINGFIELD,2115 S. Fremont Ave,SPRINGFIELD,MO,65804,GREENE,(417) 820-2000,READM_30_AMI,Acute Myocardial Infarction (AMI) 30-Day Readmission Rate,No Different Than the National Rate,327,13.9,11.6,16.5,Not Applicable,Not Applicable,,07/01/2021,06/30/2024
260065,MERCY HOSPITAL SPRINGFIELD,2115 S. Fremont Ave,SPRINGFIELD,MO,65804,GREENE,(417) 820-2000,READM_30_CABG,Rate of readmission for CABG,No Different Than the National Rate,147,11.3,8.6,14.7,Not Applicable,Not Applicable,,07/01/2021,06/30/2024
260065,MERCY HOSPITAL SPRINGFIELD,2115 S. Fremont Ave,SPRINGFIELD,MO,65804,GREENE,(417) 820-2000,READM_30_COPD,Rate of readmission for chronic obstructive pulmonary disease (COPD) patients,No Different Than the National Rate,167,19.2,16.1,22.6,Not Applicable,Not Applicable,,07/01/2021,06/30/2024
260065,MERCY HOSPITAL SPRINGFIELD,2115 S. Fremont Ave,SPRINGFIELD,MO,65804,GREENE,(417) 820-2000,READM_30_HF,Heart failure (HF) 30-Day Readmission Rate,No Different Than the National Rate,703,18.7,16.6,21.1,Not Applicable,Not Applicable,,07/01/2021,06/30/2024
260065,MERCY HOSPITAL SPRINGFIELD,2115 S. Fremont Ave,SPRINGFIELD,MO,65804,GREENE,(417) 820-2000,READM_30_HIP_KNEE,Rate of readmission after hip/knee replacement,No Different Than the National Rate,170,4.8,3.2,7.1,Not Applicable,Not Applicable,,07/01/2021,06/30/2024
260065,MERCY HOSPITAL SPRINGFIELD,2115 S. Fremont Ave,SPRINGFIELD,MO,65804,GREENE,(417) 820-2000,READM_30_PN,Pneumonia (PN) 30-Day Readmission Rate,No Different Than the National Rate,710,15.6,13.7,17.9,Not Applicable,Not Applicable,,07/01/2021,06/30/2024
260068,BOONE HOSPITAL CENTER,1600 E BROADWAY,COLUMBIA,MO,65201,BOONE,(573) 815-8000,EDAC_30_AMI,Hospital return days for heart attack patients,More Days Than Average per 100 Discharges,314,20.9,10.7,32.6,307,86,,07/01/2021,06/30/2024
260068,BOONE HOSPITAL CENTER,1600 E BROADWAY,COLUMBIA,MO,65201,BOONE,(573) 815-8000,EDAC_30_HF,Hospital return days for heart failure patients,Fewer Days Than Average per 100 Discharges,589,-17.2,-25.7,-8,509,144,,07/01/2021,06/30/2024
260068,BOONE HOSPITAL CENTER,1600 E BROADWAY,COLUMBIA,MO,65201,BOONE,(573) 815-8000,EDAC_30_PN,Hospital return days for pneumonia patients,Fewer Days Than Average per 100 Discharges,516,-25.6,-33.1,-17.2,468,130,,07/01/2021,06/30/2024
260068,BOONE HOSPITAL CENTER,1600 E BROADWAY,COLUMBIA,MO,65201,BOONE,(573) 815-8000,Hybrid_HWR,Hybrid Hospital-Wide All-Cause Readmission Measure (HWR),Better Than the National Rate,3637,13.6,12.8,14.5,Not Applicable,Not Applicable,,07/01/2023,06/30/2024
260068,BOONE HOSPITAL CENTER,1600 E BROADWAY,COLUMBIA,MO,65201,BOONE,(573) 815-8000,OP_32,"Rate of unplanned hospital visits after colonoscopy (per 1,000 colonoscopies)",No Different Than the National Rate,623,13.2,10.1,17,Not Applicable,Not Applicable,,01/01/2022,12/31/2024
260068,BOONE HOSPITAL CENTER,1600 E BROADWAY,COLUMBIA,MO,65201,BOONE,(573) 815-8000,OP_35_ADM,Rate of inpatient admissions for patients receiving outpatient chemotherapy,No Different Than the National Rate,37,10.7,6.9,15.6,Not Applicable,Not Applicable,,01/01/2024,12/31/2024
260068,BOONE HOSPITAL CENTER,1600 E BROADWAY,COLUMBIA,MO,65201,BOONE,(573) 815-8000,OP_35_ED,Rate of emergency department (ED) visits for patients receiving outpatient chemotherapy,No Different Than the National Rate,37,5,3,7.8,Not Applicable,Not Applicable,,01/01/2024,12/31/2024
260068,BOONE HOSPITAL CENTER,1600 E BROADWAY,COLUMBIA,MO,65201,BOONE,(573) 815-8000,OP_36,Ratio of unplanned hospital visits after hospital outpatient surgery,No Different than expected,1217,0.9,0.7,1.1,Not Applicable,Not Applicable,,01/01/2024,12/31/2024
260068,BOONE HOSPITAL CENTER,1600 E BROADWAY,COLUMBIA,MO,65201,BOONE,(573) 815-8000,READM_30_AMI,Acute Myocardial Infarction (AMI) 30-Day Readmission Rate,No Different Than the National Rate,314,14,11.9,16.6,Not Applicable,Not Applicable,,07/01/2021,06/30/2024
260068,BOONE HOSPITAL CENTER,1600 E BROADWAY,COLUMBIA,MO,65201,BOONE,(573) 815-8000,READM_30_CABG,Rate of readmission for CABG,No Different Than the National Rate,154,11,8.2,14.3,Not Applicable,Not Applicable,,07/01/2021,06/30/2024
260068,BOONE HOSPITAL CENTER,1600 E BROADWAY,COLUMBIA,MO,65201,BOONE,(573) 815-8000,READM_30_COPD,Rate of readmission for chronic obstructive pulmonary disease (COPD) patients,No Different Than the National Rate,99,16.4,13.4,19.9,Not Applicable,Not Applicable,,07/01/2021,06/30/2024
260068,BOONE HOSPITAL CENTER,1600 E BROADWAY,COLUMBIA,MO,65201,BOONE,(573) 815-8000,READM_30_HF,Heart failure (HF) 30-Day Readmission Rate,No Different Than the National Rate,589,18.1,15.8,20.6,Not Applicable,Not Applicable,,07/01/2021,06/30/2024
260068,BOONE HOSPITAL CENTER,1600 E BROADWAY,COLUMBIA,MO,65201,BOONE,(573) 815-8000,READM_30_HIP_KNEE,Rate of readmission after hip/knee replacement,No Different Than the National Rate,251,4.9,3.4,7.2,Not Applicable,Not Applicable,,07/01/2021,06/30/2024
260068,BOONE HOSPITAL CENTER,1600 E BROADWAY,COLUMBIA,MO,65201,BOONE,(573) 815-8000,READM_30_PN,Pneumonia (PN) 30-Day Readmission Rate,No Different Than the National Rate,516,14.7,12.5,17.1,Not Applicable,Not Applicable,,07/01/2021,06/30/2024
260070,PEMISCOT COUNTY MEMORIAL HOSPITAL,946 EAST REED,HAYTI,MO,63851,PEMISCOT,(573) 359-1372,EDAC_30_AMI,Hospital return days for heart attack patients,Number of Cases Too Small,Not Available,Not Available,Not Available,Not Available,Not Available,Not Available,1,07/01/2021,06/30/2024
260070,PEMISCOT COUNTY MEMORIAL HOSPITAL,946 EAST REED,HAYTI,MO,63851,PEMISCOT,(573) 359-1372,EDAC_30_HF,Hospital return days for heart failure patients,Number of Cases Too Small,Not Available,Not Available,Not Available,Not Available,Not Available,Not Available,1,07/01/2021,06/30/2024
260070,PEMISCOT COUNTY MEMORIAL HOSPITAL,946 EAST REED,HAYTI,MO,63851,PEMISCOT,(573) 359-1372,EDAC_30_PN,Hospital return days for pneumonia patients,More Days Than Average per 100 Discharges,42,80.1,46.9,120.4,41,15,,07/01/2021,06/30/2024
260070,PEMISCOT COUNTY MEMORIAL HOSPITAL,946 EAST REED,HAYTI,MO,63851,PEMISCOT,(573) 359-1372,Hybrid_HWR,Hybrid Hospital-Wide All-Cause Readmission Measure (HWR),No Different Than the National Rate,67,15.5,13.4,17.7,Not Applicable,Not Applicable,,07/01/2023,06/30/2024
260070,PEMISCOT COUNTY MEMORIAL HOSPITAL,946 EAST REED,HAYTI,MO,63851,PEMISCOT,(573) 359-1372,OP_32,"Rate of unplanned hospital visits after colonoscopy (per 1,000 colonoscopies)",Number of Cases Too Small,Not Available,Not Available,Not Available,Not Available,Not Applicable,Not Applicable,1,01/01/2022,12/31/2024
260070,PEMISCOT COUNTY MEMORIAL HOSPITAL,946 EAST REED,HAYTI,MO,63851,PEMISCOT,(573) 359-1372,OP_35_ADM,Rate of inpatient admissions for patients receiving outpatient chemotherapy,Number of Cases Too Small,Not Available,Not Available,Not Available,Not Available,Not Applicable,Not Applicable,1,01/01/2024,12/31/2024
260070,PEMISCOT COUNTY MEMORIAL HOSPITAL,946 EAST REED,HAYTI,MO,63851,PEMISCOT,(573) 359-1372,OP_35_ED,Rate of emergency department (ED) visits for patients receiving outpatient chemotherapy,Number of Cases Too Small,Not Available,Not Available,Not Available,Not Available,Not Applicable,Not Applicable,1,01/01/2024,12/31/2024
260070,PEMISCOT COUNTY MEMORIAL HOSPITAL,946 EAST REED,HAYTI,MO,63851,PEMISCOT,(573) 359-1372,OP_36,Ratio of unplanned hospital visits after hospital outpatient surgery,No Different than expected,78,0.9,0.7,1.3,Not Applicable,Not Applicable,,01/01/2024,12/31/2024
260070,PEMISCOT COUNTY MEMORIAL HOSPITAL,946 EAST REED,HAYTI,MO,63851,PEMISCOT,(573) 359-1372,READM_30_AMI,Acute Myocardial Infarction (AMI) 30-Day Readmission Rate,Number of Cases Too Small,Not Available,Not Available,Not Available,Not Available,Not Applicable,Not Applicable,1,07/01/2021,06/30/2024
260070,PEMISCOT COUNTY MEMORIAL HOSPITAL,946 EAST REED,HAYTI,MO,63851,PEMISCOT,(573) 359-1372,READM_30_CABG,Rate of readmission for CABG,Not Available,Not Available,Not Available,Not Available,Not Available,Not Applicable,Not Applicable,5,07/01/2021,06/30/2024
260070,PEMISCOT COUNTY MEMORIAL HOSPITAL,946 EAST REED,HAYTI,MO,63851,PEMISCOT,(573) 359-1372,READM_30_COPD,Rate of readmission for chronic obstructive pulmonary disease (COPD) patients,No Different Than the National Rate,25,18.5,14.9,22.8,Not Applicable,Not Applicable,,07/01/2021,06/30/2024
260070,PEMISCOT COUNTY MEMORIAL HOSPITAL,946 EAST REED,HAYTI,MO,63851,PEMISCOT,(573) 359-1372,READM_30_HF,Heart failure (HF) 30-Day Readmission Rate,Number of Cases Too Small,Not Available,Not Available,Not Available,Not Available,Not Applicable,Not Applicable,1,07/01/2021,06/30/2024
260070,PEMISCOT COUNTY MEMORIAL HOSPITAL,946 EAST REED,HAYTI,MO,63851,PEMISCOT,(573) 359-1372,READM_30_HIP_KNEE,Rate of readmission after hip/knee replacement,Not Available,Not Available,Not Available,Not Available,Not Available,Not Applicable,Not Applicable,5,07/01/2021,06/30/2024
260070,PEMISCOT COUNTY MEMORIAL HOSPITAL,946 EAST REED,HAYTI,MO,63851,PEMISCOT,(573) 359-1372,READM_30_PN,Pneumonia (PN) 30-Day Readmission Rate,No Different Than the National Rate,42,16.9,13.6,20.7,Not Applicable,Not Applicable,,07/01/2021,06/30/2024
260074,MOBERLY REGIONAL MEDICAL CENTER,1515 UNION AVE,MOBERLY,MO,65270,RANDOLPH,(660) 263-8400,EDAC_30_AMI,Hospital return days for heart attack patients,Number of Cases Too Small,Not Available,Not Available,Not Available,Not Available,Not Available,Not Available,1,07/01/2021,06/30/2024
260074,MOBERLY REGIONAL MEDICAL CENTER,1515 UNION AVE,MOBERLY,MO,65270,RANDOLPH,(660) 263-8400,EDAC_30_HF,Hospital return days for heart failure patients,Average Days per 100 Discharges,35,-12.2,-40.9,23.7,33,10,,07/01/2021,06/30/2024
260074,MOBERLY REGIONAL MEDICAL CENTER,1515 UNION AVE,MOBERLY,MO,65270,RANDOLPH,(660) 263-8400,EDAC_30_PN,Hospital return days for pneumonia patients,Average Days per 100 Discharges,108,6.3,-11.1,26.7,101,30,,07/01/2021,06/30/2024
260074,MOBERLY REGIONAL MEDICAL CENTER,1515 UNION AVE,MOBERLY,MO,65270,RANDOLPH,(660) 263-8400,Hybrid_HWR,Hybrid Hospital-Wide All-Cause Readmission Measure (HWR),No Different Than the National Rate,185,15.2,13.4,17.1,Not Applicable,Not Applicable,,07/01/2023,06/30/2024
260074,MOBERLY REGIONAL MEDICAL CENTER,1515 UNION AVE,MOBERLY,MO,65270,RANDOLPH,(660) 263-8400,OP_32,"Rate of unplanned hospital visits after colonoscopy (per 1,000 colonoscopies)",No Different Than the National Rate,193,13.6,9.9,18.3,Not Applicable,Not Applicable,,01/01/2022,12/31/2024
260074,MOBERLY REGIONAL MEDICAL CENTER,1515 UNION AVE,MOBERLY,MO,65270,RANDOLPH,(660) 263-8400,OP_35_ADM,Rate of inpatient admissions for patients receiving outpatient chemotherapy,Number of Cases Too Small,Not Available,Not Available,Not Available,Not Available,Not Applicable,Not Applicable,1,01/01/2024,12/31/2024
260074,MOBERLY REGIONAL MEDICAL CENTER,1515 UNION AVE,MOBERLY,MO,65270,RANDOLPH,(660) 263-8400,OP_35_ED,Rate of emergency department (ED) visits for patients receiving outpatient chemotherapy,Number of Cases Too Small,Not Available,Not Available,Not Available,Not Available,Not Applicable,Not Applicable,1,01/01/2024,12/31/2024
260074,MOBERLY REGIONAL MEDICAL CENTER,1515 UNION AVE,MOBERLY,MO,65270,RANDOLPH,(660) 263-8400,OP_36,Ratio of unplanned hospital visits after hospital outpatient surgery,No Different than expected,108,1.1,0.8,1.5,Not Applicable,Not Applicable,,01/01/2024,12/31/2024
260074,MOBERLY REGIONAL MEDICAL CENTER,1515 UNION AVE,MOBERLY,MO,65270,RANDOLPH,(660) 263-8400,READM_30_AMI,Acute Myocardial Infarction (AMI) 30-Day Readmission Rate,Number of Cases Too Small,Not Available,Not Available,Not Available,Not Available,Not Applicable,Not Applicable,1,07/01/2021,06/30/2024
260074,MOBERLY REGIONAL MEDICAL CENTER,1515 UNION AVE,MOBERLY,MO,65270,RANDOLPH,(660) 263-8400,READM_30_CABG,Rate of readmission for CABG,Not Available,Not Available,Not Available,Not Available,Not Available,Not Applicable,Not Applicable,5,07/01/2021,06/30/2024
260074,MOBERLY REGIONAL MEDICAL CENTER,1515 UNION AVE,MOBERLY,MO,65270,RANDOLPH,(660) 263-8400,READM_30_COPD,Rate of readmission for chronic obstructive pulmonary disease (COPD) patients,No Different Than the National Rate,33,18.6,15.2,22.4,Not Applicable,Not Applicable,,07/01/2021,06/30/2024
260074,MOBERLY REGIONAL MEDICAL CENTER,1515 UNION AVE,MOBERLY,MO,65270,RANDOLPH,(660) 263-8400,READM_30_HF,Heart failure (HF) 30-Day Readmission Rate,No Different Than the National Rate,35,19.9,16.2,24.0,Not Applicable,Not Applicable,,07/01/2021,06/30/2024
260074,MOBERLY REGIONAL MEDICAL CENTER,1515 UNION AVE,MOBERLY,MO,65270,RANDOLPH,(660) 263-8400,READM_30_HIP_KNEE,Rate of readmission after hip/knee replacement,Number of Cases Too Small,Not Available,Not Available,Not Available,Not Available,Not Applicable,Not Applicable,1,07/01/2021,06/30/2024
260074,MOBERLY REGIONAL MEDICAL CENTER,1515 UNION AVE,MOBERLY,MO,65270,RANDOLPH,(660) 263-8400,READM_30_PN,Pneumonia (PN) 30-Day Readmission Rate,No Different Than the National Rate,108,16.6,13.6,20.2,Not Applicable,Not Applicable,,07/01/2021,06/30/2024
260077,MERCY HOSPITAL SOUTH,10010 KENNERLY ROAD,SAINT LOUIS,MO,63128,ST. LOUIS,(314) 525-1000,EDAC_30_AMI,Hospital return days for heart attack patients,Average Days per 100 Discharges,186,-1,-14.4,13.8,185,44,,07/01/2021,06/30/2024
260077,MERCY HOSPITAL SOUTH,10010 KENNERLY ROAD,SAINT LOUIS,MO,63128,ST. LOUIS,(314) 525-1000,EDAC_30_HF,Hospital return days for heart failure patients,Average Days per 100 Discharges,746,4.8,-3.7,14.1,604,181,,07/01/2021,06/30/2024
260077,MERCY HOSPITAL SOUTH,10010 KENNERLY ROAD,SAINT LOUIS,MO,63128,ST. LOUIS,(314) 525-1000,EDAC_30_PN,Hospital return days for pneumonia patients,More Days Than Average per 100 Discharges,641,23.4,14.8,32.8,567,152,,07/01/2021,06/30/2024
260077,MERCY HOSPITAL SOUTH,10010 KENNERLY ROAD,SAINT LOUIS,MO,63128,ST. LOUIS,(314) 525-1000,Hybrid_HWR,Hybrid Hospital-Wide All-Cause Readmission Measure (HWR),No Different Than the National Rate,4500,15.8,15.0,16.7,Not Applicable,Not Applicable,,07/01/2023,06/30/2024
260077,MERCY HOSPITAL SOUTH,10010 KENNERLY ROAD,SAINT LOUIS,MO,63128,ST. LOUIS,(314) 525-1000,OP_32,"Rate of unplanned hospital visits after colonoscopy (per 1,000 colonoscopies)",No Different Than the National Rate,1299,11.5,8.9,15.1,Not Applicable,Not Applicable,,01/01/2022,12/31/2024
260077,MERCY HOSPITAL SOUTH,10010 KENNERLY ROAD,SAINT LOUIS,MO,63128,ST. LOUIS,(314) 525-1000,OP_35_ADM,Rate of inpatient admissions for patients receiving outpatient chemotherapy,Number of Cases Too Small,Not Available,Not Available,Not Available,Not Available,Not Applicable,Not Applicable,1,01/01/2024,12/31/2024
260077,MERCY HOSPITAL SOUTH,10010 KENNERLY ROAD,SAINT LOUIS,MO,63128,ST. LOUIS,(314) 525-1000,OP_35_ED,Rate of emergency department (ED) visits for patients receiving outpatient chemotherapy,Number of Cases Too Small,Not Available,Not Available,Not Available,Not Available,Not Applicable,Not Applicable,1,01/01/2024,12/31/2024
260077,MERCY HOSPITAL SOUTH,10010 KENNERLY ROAD,SAINT LOUIS,MO,63128,ST. LOUIS,(314) 525-1000,OP_36,Ratio of unplanned hospital visits after hospital outpatient surgery,No Different than expected,767,0.9,0.7,1.2,Not Applicable,Not Applicable,,01/01/2024,12/31/2024
260077,MERCY HOSPITAL SOUTH,10010 KENNERLY ROAD,SAINT LOUIS,MO,63128,ST. LOUIS,(314) 525-1000,READM_30_AMI,Acute Myocardial Infarction (AMI) 30-Day Readmission Rate,No Different Than the National Rate,186,13.2,10.9,16.0,Not Applicable,Not Applicable,,07/01/2021,06/30/2024
260077,MERCY HOSPITAL SOUTH,10010 KENNERLY ROAD,SAINT LOUIS,MO,63128,ST. LOUIS,(314) 525-1000,READM_30_CABG,Rate of readmission for CABG,No Different Than the National Rate,73,9,6.4,12.4,Not Applicable,Not Applicable,,07/01/2021,06/30/2024
260077,MERCY HOSPITAL SOUTH,10010 KENNERLY ROAD,SAINT LOUIS,MO,63128,ST. LOUIS,(314) 525-1000,READM_30_COPD,Rate of readmission for chronic obstructive pulmonary disease (COPD) patients,No Different Than the National Rate,207,20.5,17.5,23.8,Not Applicable,Not Applicable,,07/01/2021,06/30/2024
260077,MERCY HOSPITAL SOUTH,10010 KENNERLY ROAD,SAINT LOUIS,MO,63128,ST. LOUIS,(314) 525-1000,READM_30_HF,Heart failure (HF) 30-Day Readmission Rate,No Different Than the National Rate,746,19.6,17.6,22.0,Not Applicable,Not Applicable,,07/01/2021,06/30/2024
260077,MERCY HOSPITAL SOUTH,10010 KENNERLY ROAD,SAINT LOUIS,MO,63128,ST. LOUIS,(314) 525-1000,READM_30_HIP_KNEE,Rate of readmission after hip/knee replacement,No Different Than the National Rate,115,6,3.8,8.9,Not Applicable,Not Applicable,,07/01/2021,06/30/2024
260077,MERCY HOSPITAL SOUTH,10010 KENNERLY ROAD,SAINT LOUIS,MO,63128,ST. LOUIS,(314) 525-1000,READM_30_PN,Pneumonia (PN) 30-Day Readmission Rate,No Different Than the National Rate,641,18.2,16.0,20.5,Not Applicable,Not Applicable,,07/01/2021,06/30/2024
260078,OZARKS HEALTHCARE,1100 KENTUCKY AVE,WEST PLAINS,MO,65775,HOWELL,(417) 256-9111,EDAC_30_AMI,Hospital return days for heart attack patients,Average Days per 100 Discharges,114,10,-6.3,29.2,112,31,,07/01/2021,06/30/2024
260078,OZARKS HEALTHCARE,1100 KENTUCKY AVE,WEST PLAINS,MO,65775,HOWELL,(417) 256-9111,EDAC_30_HF,Hospital return days for heart failure patients,Fewer Days Than Average per 100 Discharges,184,-19,-33.2,-2.5,164,57,,07/01/2021,06/30/2024
260078,OZARKS HEALTHCARE,1100 KENTUCKY AVE,WEST PLAINS,MO,65775,HOWELL,(417) 256-9111,EDAC_30_PN,Hospital return days for pneumonia patients,Fewer Days Than Average per 100 Discharges,195,-28,-39.8,-14.6,184,46,,07/01/2021,06/30/2024
260078,OZARKS HEALTHCARE,1100 KENTUCKY AVE,WEST PLAINS,MO,65775,HOWELL,(417) 256-9111,Hybrid_HWR,Hybrid Hospital-Wide All-Cause Readmission Measure (HWR),No Different Than the National Rate,661,14.9,13.5,16.3,Not Applicable,Not Applicable,,07/01/2023,06/30/2024
260078,OZARKS HEALTHCARE,1100 KENTUCKY AVE,WEST PLAINS,MO,65775,HOWELL,(417) 256-9111,OP_32,"Rate of unplanned hospital visits after colonoscopy (per 1,000 colonoscopies)",No Different Than the National Rate,271,14.1,10.6,18.9,Not Applicable,Not Applicable,,01/01/2022,12/31/2024
260078,OZARKS HEALTHCARE,1100 KENTUCKY AVE,WEST PLAINS,MO,65775,HOWELL,(417) 256-9111,OP_35_ADM,Rate of inpatient admissions for patients receiving outpatient chemotherapy,No Different Than the National Rate,114,8.8,6.3,12,Not Applicable,Not Applicable,,01/01/2024,12/31/2024
260078,OZARKS HEALTHCARE,1100 KENTUCKY AVE,WEST PLAINS,MO,65775,HOWELL,(417) 256-9111,OP_35_ED,Rate of emergency department (ED) visits for patients receiving outpatient chemotherapy,No Different Than the National Rate,114,4.9,3.3,7.2,Not Applicable,Not Applicable,,01/01/2024,12/31/2024
260078,OZARKS HEALTHCARE,1100 KENTUCKY AVE,WEST PLAINS,MO,65775,HOWELL,(417) 256-9111,OP_36,Ratio of unplanned hospital visits after hospital outpatient surgery,No Different than expected,181,1,0.7,1.4,Not Applicable,Not Applicable,,01/01/2024,12/31/2024
260078,OZARKS HEALTHCARE,1100 KENTUCKY AVE,WEST PLAINS,MO,65775,HOWELL,(417) 256-9111,READM_30_AMI,Acute Myocardial Infarction (AMI) 30-Day Readmission Rate,No Different Than the National Rate,114,13.6,10.9,16.7,Not Applicable,Not Applicable,,07/01/2021,06/30/2024
260078,OZARKS HEALTHCARE,1100 KENTUCKY AVE,WEST PLAINS,MO,65775,HOWELL,(417) 256-9111,READM_30_CABG,Rate of readmission for CABG,Number of Cases Too Small,Not Available,Not Available,Not Available,Not Available,Not Applicable,Not Applicable,1,07/01/2021,06/30/2024
260078,OZARKS HEALTHCARE,1100 KENTUCKY AVE,WEST PLAINS,MO,65775,HOWELL,(417) 256-9111,READM_30_COPD,Rate of readmission for chronic obstructive pulmonary disease (COPD) patients,No Different Than the National Rate,85,18,15.0,21.7,Not Applicable,Not Applicable,,07/01/2021,06/30/2024
260078,OZARKS HEALTHCARE,1100 KENTUCKY AVE,WEST PLAINS,MO,65775,HOWELL,(417) 256-9111,READM_30_HF,Heart failure (HF) 30-Day Readmission Rate,No Different Than the National Rate,184,18.9,15.9,22.2,Not Applicable,Not Applicable,,07/01/2021,06/30/2024
260078,OZARKS HEALTHCARE,1100 KENTUCKY AVE,WEST PLAINS,MO,65775,HOWELL,(417) 256-9111,READM_30_HIP_KNEE,Rate of readmission after hip/knee replacement,No Different Than the National Rate,26,4.4,2.6,7.2,Not Applicable,Not Applicable,,07/01/2021,06/30/2024
260078,OZARKS HEALTHCARE,1100 KENTUCKY AVE,WEST PLAINS,MO,65775,HOWELL,(417) 256-9111,READM_30_PN,Pneumonia (PN) 30-Day Readmission Rate,No Different Than the National Rate,195,14.6,12.1,17.5,Not Applicable,Not Applicable,,07/01/2021,06/30/2024
26007F,POPLAR BLUFF VA MEDICAL CENTER,1500 N. WESTWOOD BLVD.,POPLAR BLUFF,MO,63901,BUTLER,(573) 686-4151,EDAC_30_AMI,Hospital return days for heart attack patients,Not Available,Not Available,Not Available,Not Available,Not Available,Not Available,Not Available,5,07/01/2021,06/30/2024
26007F,POPLAR BLUFF VA MEDICAL CENTER,1500 N. WESTWOOD BLVD.,POPLAR BLUFF,MO,63901,BUTLER,(573) 686-4151,EDAC_30_HF,Hospital return days for heart failure patients,Number of Cases Too Small,Not Available,Not Available,Not Available,Not Available,Not Available,Not Available,1,07/01/2021,06/30/2024
26007F,POPLAR BLUFF VA MEDICAL CENTER,1500 N. WESTWOOD BLVD.,POPLAR BLUFF,MO,63901,BUTLER,(573) 686-4151,EDAC_30_PN,Hospital return days for pneumonia patients,Fewer Days Than Average per 100 Discharges,85,-55,-66.5,-39.6,74,9,,07/01/2021,06/30/2024
26007F,POPLAR BLUFF VA MEDICAL CENTER,1500 N. WESTWOOD BLVD.,POPLAR BLUFF,MO,63901,BUTLER,(573) 686-4151,Hybrid_HWR,Hybrid Hospital-Wide All-Cause Readmission Measure (HWR),No Different Than the National Rate,137,14.6,12.7,16.7,Not Applicable,Not Applicable,,07/01/2023,06/30/2024
26007F,POPLAR BLUFF VA MEDICAL CENTER,1500 N. WESTWOOD BLVD.,POPLAR BLUFF,MO,63901,BUTLER,(573) 686-4151,OP_32,"Rate of unplanned hospital visits after colonoscopy (per 1,000 colonoscopies)",Not Available,Not Available,Not Available,Not Available,Not Available,Not Applicable,Not Applicable,5,01/01/2022,12/31/2024
26007F,POPLAR BLUFF VA MEDICAL CENTER,1500 N. WESTWOOD BLVD.,POPLAR BLUFF,MO,63901,BUTLER,(573) 686-4151,OP_35_ADM,Rate of inpatient admissions for patients receiving outpatient chemotherapy,Not Available,Not Available,Not Available,Not Available,Not Available,Not Applicable,Not Applicable,5,01/01/2024,12/31/2024
26007F,POPLAR BLUFF VA MEDICAL CENTER,1500 N. WESTWOOD BLVD.,POPLAR BLUFF,MO,63901,BUTLER,(573) 686-4151,OP_35_ED,Rate of emergency department (ED) visits for patients receiving outpatient chemotherapy,Not Available,Not Available,Not Available,Not Available,Not Available,Not Applicable,Not Applicable,5,01/01/2024,12/31/2024
26007F,POPLAR BLUFF VA MEDICAL CENTER,1500 N. WESTWOOD BLVD.,POPLAR BLUFF,MO,63901,BUTLER,(573) 686-4151,OP_36,Ratio of unplanned hospital visits after hospital outpatient surgery,Not Available,Not Available,Not Available,Not Available,Not Available,Not Applicable,Not Applicable,5,01/01/2024,12/31/2024
26007F,POPLAR BLUFF VA MEDICAL CENTER,1500 N. WESTWOOD BLVD.,POPLAR BLUFF,MO,63901,BUTLER,(573) 686-4151,READM_30_AMI,Acute Myocardial Infarction (AMI) 30-Day Readmission Rate,Not Available,Not Available,Not Available,Not Available,Not Available,Not Applicable,Not Applicable,5,07/01/2021,06/30/2024
26007F,POPLAR BLUFF VA MEDICAL CENTER,1500 N. WESTWOOD BLVD.,POPLAR BLUFF,MO,63901,BUTLER,(573) 686-4151,READM_30_CABG,Rate of readmission for CABG,Not Available,Not Available,Not Available,Not Available,Not Available,Not Applicable,Not Applicable,5,07/01/2021,06/30/2024
26007F,POPLAR BLUFF VA MEDICAL CENTER,1500 N. WESTWOOD BLVD.,POPLAR BLUFF,MO,63901,BUTLER,(573) 686-4151,READM_30_COPD,Rate of readmission for chronic obstructive pulmonary disease (COPD) patients,No Different Than the National Rate,61,16.6,13.5,20.4,Not Applicable,Not Applicable,,07/01/2021,06/30/2024
26007F,POPLAR BLUFF VA MEDICAL CENTER,1500 N. WESTWOOD BLVD.,POPLAR BLUFF,MO,63901,BUTLER,(573) 686-4151,READM_30_HF,Heart failure (HF) 30-Day Readmission Rate,Number of Cases Too Small,Not Available,Not Available,Not Available,Not Available,Not Applicable,Not Applicable,1,07/01/2021,06/30/2024
26007F,POPLAR BLUFF VA MEDICAL CENTER,1500 N. WESTWOOD BLVD.,POPLAR BLUFF,MO,63901,BUTLER,(573) 686-4151,READM_30_HIP_KNEE,Rate of readmission after hip/knee replacement,Not Available,Not Available,Not Available,Not Available,Not Available,Not Applicable,Not Applicable,5,07/01/2021,06/30/2024
26007F,POPLAR BLUFF VA MEDICAL CENTER,1500 N. WESTWOOD BLVD.,POPLAR BLUFF,MO,63901,BUTLER,(573) 686-4151,READM_30_PN,Pneumonia (PN) 30-Day Readmission Rate,No Different Than the National Rate,85,15.5,12.6,18.9,Not Applicable,Not Applicable,,07/01/2021,06/30/2024
260081,SSM ST CLARE HEALTH CENTER,1015 BOWLES,FENTON,MO,63026,JEFFERSON,(636) 496-2000,EDAC_30_AMI,Hospital return days for heart attack patients,Average Days per 100 Discharges,127,-6.7,-22.4,11.2,125,35,,07/01/2021,06/30/2024
260081,SSM ST CLARE HEALTH CENTER,1015 BOWLES,FENTON,MO,63026,JEFFERSON,(636) 496-2000,EDAC_30_HF,Hospital return days for heart failure patients,Average Days per 100 Discharges,385,3.2,-8.4,15.6,308,104,,07/01/2021,06/30/2024
260081,SSM ST CLARE HEALTH CENTER,1015 BOWLES,FENTON,MO,63026,JEFFERSON,(636) 496-2000,EDAC_30_PN,Hospital return days for pneumonia patients,Fewer Days Than Average per 100 Discharges,337,-11.9,-23,0,299,78,,07/01/2021,06/30/2024
260081,SSM ST CLARE HEALTH CENTER,1015 BOWLES,FENTON,MO,63026,JEFFERSON,(636) 496-2000,Hybrid_HWR,Hybrid Hospital-Wide All-Cause Readmission Measure (HWR),No Different Than the National Rate,1757,14.7,13.6,15.8,Not Applicable,Not Applicable,,07/01/2023,06/30/2024
260081,SSM ST CLARE HEALTH CENTER,1015 BOWLES,FENTON,MO,63026,JEFFERSON,(636) 496-2000,OP_32,"Rate of unplanned hospital visits after colonoscopy (per 1,000 colonoscopies)",No Different Than the National Rate,974,13.1,9.9,17.2,Not Applicable,Not Applicable,,01/01/2022,12/31/2024
260081,SSM ST CLARE HEALTH CENTER,1015 BOWLES,FENTON,MO,63026,JEFFERSON,(636) 496-2000,OP_35_ADM,Rate of inpatient admissions for patients receiving outpatient chemotherapy,Number of Cases Too Small,Not Available,Not Available,Not Available,Not Available,Not Applicable,Not Applicable,1,01/01/2024,12/31/2024
260081,SSM ST CLARE HEALTH CENTER,1015 BOWLES,FENTON,MO,63026,JEFFERSON,(636) 496-2000,OP_35_ED,Rate of emergency department (ED) visits for patients receiving outpatient chemotherapy,Number of Cases Too Small,Not Available,Not Available,Not Available,Not Available,Not Applicable,Not Applicable,1,01/01/2024,12/31/2024
260081,SSM ST CLARE HEALTH CENTER,1015 BOWLES,FENTON,MO,63026,JEFFERSON,(636) 496-2000,OP_36,Ratio of unplanned hospital visits after hospital outpatient surgery,No Different than expected,415,0.9,0.7,1.2,Not Applicable,Not Applicable,,01/01/2024,12/31/2024
260081,SSM ST CLARE HEALTH CENTER,1015 BOWLES,FENTON,MO,63026,JEFFERSON,(636) 496-2000,READM_30_AMI,Acute Myocardial Infarction (AMI) 30-Day Readmission Rate,No Different Than the National Rate,127,13.9,11.2,16.8,Not Applicable,Not Applicable,,07/01/2021,06/30/2024
260081,SSM ST CLARE HEALTH CENTER,1015 BOWLES,FENTON,MO,63026,JEFFERSON,(636) 496-2000,READM_30_CABG,Rate of readmission for CABG,Number of Cases Too Small,Not Available,Not Available,Not Available,Not Available,Not Applicable,Not Applicable,1,07/01/2021,06/30/2024
260081,SSM ST CLARE HEALTH CENTER,1015 BOWLES,FENTON,MO,63026,JEFFERSON,(636) 496-2000,READM_30_COPD,Rate of readmission for chronic obstructive pulmonary disease (COPD) patients,No Different Than the National Rate,82,17.5,14.6,21.2,Not Applicable,Not Applicable,,07/01/2021,06/30/2024
260081,SSM ST CLARE HEALTH CENTER,1015 BOWLES,FENTON,MO,63026,JEFFERSON,(636) 496-2000,READM_30_HF,Heart failure (HF) 30-Day Readmission Rate,No Different Than the National Rate,385,20.5,17.8,23.6,Not Applicable,Not Applicable,,07/01/2021,06/30/2024
260081,SSM ST CLARE HEALTH CENTER,1015 BOWLES,FENTON,MO,63026,JEFFERSON,(636) 496-2000,READM_30_HIP_KNEE,Rate of readmission after hip/knee replacement,No Different Than the National Rate,46,5,3.0,8.1,Not Applicable,Not Applicable,,07/01/2021,06/30/2024
260081,SSM ST CLARE HEALTH CENTER,1015 BOWLES,FENTON,MO,63026,JEFFERSON,(636) 496-2000,READM_30_PN,Pneumonia (PN) 30-Day Readmission Rate,No Different Than the National Rate,337,15.8,13.4,18.5,Not Applicable,Not Applicable,,07/01/2021,06/30/2024
260085,ST JOSEPH MEDICAL CENTER,1000 CARONDELET DR,KANSAS CITY,MO,64114,JACKSON,(816) 942-4400,EDAC_30_AMI,Hospital return days for heart attack patients,Average Days per 100 Discharges,72,-0.7,-19.8,23.2,72,20,,07/01/2021,06/30/2024
260085,ST JOSEPH MEDICAL CENTER,1000 CARONDELET DR,KANSAS CITY,MO,64114,JACKSON,(816) 942-4400,EDAC_30_HF,Hospital return days for heart failure patients,Average Days per 100 Discharges,178,-2,-18.1,16.1,152,44,,07/01/2021,06/30/2024
260085,ST JOSEPH MEDICAL CENTER,1000 CARONDELET DR,KANSAS CITY,MO,64114,JACKSON,(816) 942-4400,EDAC_30_PN,Hospital return days for pneumonia patients,Average Days per 100 Discharges,320,8.6,-3.4,20.4,289,78,,07/01/2021,06/30/2024
260085,ST JOSEPH MEDICAL CENTER,1000 CARONDELET DR,KANSAS CITY,MO,64114,JACKSON,(816) 942-4400,Hybrid_HWR,Hybrid Hospital-Wide All-Cause Readmission Measure (HWR),No Different Than the National Rate,1064,14.9,13.7,16.4,Not Applicable,Not Applicable,,07/01/2023,06/30/2024
260085,ST JOSEPH MEDICAL CENTER,1000 CARONDELET DR,KANSAS CITY,MO,64114,JACKSON,(816) 942-4400,OP_32,"Rate of unplanned hospital visits after colonoscopy (per 1,000 colonoscopies)",No Different Than the National Rate,491,12.7,9.5,16.8,Not Applicable,Not Applicable,,01/01/2022,12/31/2024
260085,ST JOSEPH MEDICAL CENTER,1000 CARONDELET DR,KANSAS CITY,MO,64114,JACKSON,(816) 942-4400,OP_35_ADM,Rate of inpatient admissions for patients receiving outpatient chemotherapy,Number of Cases Too Small,Not Available,Not Available,Not Available,Not Available,Not Applicable,Not Applicable,1,01/01/2024,12/31/2024
260085,ST JOSEPH MEDICAL CENTER,1000 CARONDELET DR,KANSAS CITY,MO,64114,JACKSON,(816) 942-4400,OP_35_ED,Rate of emergency department (ED) visits for patients receiving outpatient chemotherapy,Number of Cases Too Small,Not Available,Not Available,Not Available,Not Available,Not Applicable,Not Applicable,1,01/01/2024,12/31/2024
260085,ST JOSEPH MEDICAL CENTER,1000 CARONDELET DR,KANSAS CITY,MO,64114,JACKSON,(816) 942-4400,OP_36,Ratio of unplanned hospital visits after hospital outpatient surgery,No Different than expected,117,1,0.7,1.4,Not Applicable,Not Applicable,,01/01/2024,12/31/2024
260085,ST JOSEPH MEDICAL CENTER,1000 CARONDELET DR,KANSAS CITY,MO,64114,JACKSON,(816) 942-4400,READM_30_AMI,Acute Myocardial Infarction (AMI) 30-Day Readmission Rate,No Different Than the National Rate,72,13.3,10.7,16.4,Not Applicable,Not Applicable,,07/01/2021,06/30/2024
260085,ST JOSEPH MEDICAL CENTER,1000 CARONDELET DR,KANSAS CITY,MO,64114,JACKSON,(816) 942-4400,READM_30_CABG,Rate of readmission for CABG,No Different Than the National Rate,40,9.9,7.0,13.8,Not Applicable,Not Applicable,,07/01/2021,06/30/2024
260085,ST JOSEPH MEDICAL CENTER,1000 CARONDELET DR,KANSAS CITY,MO,64114,JACKSON,(816) 942-4400,READM_30_COPD,Rate of readmission for chronic obstructive pulmonary disease (COPD) patients,No Different Than the National Rate,49,18.1,14.9,21.8,Not Applicable,Not Applicable,,07/01/2021,06/30/2024
260085,ST JOSEPH MEDICAL CENTER,1000 CARONDELET DR,KANSAS CITY,MO,64114,JACKSON,(816) 942-4400,READM_30_HF,Heart failure (HF) 30-Day Readmission Rate,No Different Than the National Rate,178,19.4,16.3,22.8,Not Applicable,Not Applicable,,07/01/2021,06/30/2024
260085,ST JOSEPH MEDICAL CENTER,1000 CARONDELET DR,KANSAS CITY,MO,64114,JACKSON,(816) 942-4400,READM_30_HIP_KNEE,Rate of readmission after hip/knee replacement,No Different Than the National Rate,43,5.7,3.4,9.4,Not Applicable,Not Applicable,,07/01/2021,06/30/2024
260085,ST JOSEPH MEDICAL CENTER,1000 CARONDELET DR,KANSAS CITY,MO,64114,JACKSON,(816) 942-4400,READM_30_PN,Pneumonia (PN) 30-Day Readmission Rate,No Different Than the National Rate,320,16.8,14.4,19.4,Not Applicable,Not Applicable,,07/01/2021,06/30/2024
260091,SSM HEALTH ST MARY'S HOSPITAL - ST LOUIS,6420 CLAYTON RD,SAINT LOUIS,MO,63117,ST. LOUIS,(314) 768-8000,EDAC_30_AMI,Hospital return days for heart attack patients,Average Days per 100 Discharges,70,21.6,-0.2,47.8,67,20,,07/01/2021,06/30/2024
260091,SSM HEALTH ST MARY'S HOSPITAL - ST LOUIS,6420 CLAYTON RD,SAINT LOUIS,MO,63117,ST. LOUIS,(314) 768-8000,EDAC_30_HF,Hospital return days for heart failure patients,More Days Than Average per 100 Discharges,290,32.5,18.4,48.1,235,85,,07/01/2021,06/30/2024
260091,SSM HEALTH ST MARY'S HOSPITAL - ST LOUIS,6420 CLAYTON RD,SAINT LOUIS,MO,63117,ST. LOUIS,(314) 768-8000,EDAC_30_PN,Hospital return days for pneumonia patients,More Days Than Average per 100 Discharges,177,17.5,1.5,34.2,170,38,,07/01/2021,06/30/2024
260091,SSM HEALTH ST MARY'S HOSPITAL - ST LOUIS,6420 CLAYTON RD,SAINT LOUIS,MO,63117,ST. LOUIS,(314) 768-8000,Hybrid_HWR,Hybrid Hospital-Wide All-Cause Readmission Measure (HWR),No Different Than the National Rate,1273,16.3,15.0,17.7,Not Applicable,Not Applicable,,07/01/2023,06/30/2024
260091,SSM HEALTH ST MARY'S HOSPITAL - ST LOUIS,6420 CLAYTON RD,SAINT LOUIS,MO,63117,ST. LOUIS,(314) 768-8000,OP_32,"Rate of unplanned hospital visits after colonoscopy (per 1,000 colonoscopies)",No Different Than the National Rate,939,11.9,9,15.5,Not Applicable,Not Applicable,,01/01/2022,12/31/2024
260091,SSM HEALTH ST MARY'S HOSPITAL - ST LOUIS,6420 CLAYTON RD,SAINT LOUIS,MO,63117,ST. LOUIS,(314) 768-8000,OP_35_ADM,Rate of inpatient admissions for patients receiving outpatient chemotherapy,No Different Than the National Rate,180,10.1,7.8,13.1,Not Applicable,Not Applicable,,01/01/2024,12/31/2024
260091,SSM HEALTH ST MARY'S HOSPITAL - ST LOUIS,6420 CLAYTON RD,SAINT LOUIS,MO,63117,ST. LOUIS,(314) 768-8000,OP_35_ED,Rate of emergency department (ED) visits for patients receiving outpatient chemotherapy,No Different Than the National Rate,180,5.3,3.8,7.4,Not Applicable,Not Applicable,,01/01/2024,12/31/2024
260091,SSM HEALTH ST MARY'S HOSPITAL - ST LOUIS,6420 CLAYTON RD,SAINT LOUIS,MO,63117,ST. LOUIS,(314) 768-8000,OP_36,Ratio of unplanned hospital visits after hospital outpatient surgery,No Different than expected,246,1,0.7,1.4,Not Applicable,Not Applicable,,01/01/2024,12/31/2024
260091,SSM HEALTH ST MARY'S HOSPITAL - ST LOUIS,6420 CLAYTON RD,SAINT LOUIS,MO,63117,ST. LOUIS,(314) 768-8000,READM_30_AMI,Acute Myocardial Infarction (AMI) 30-Day Readmission Rate,No Different Than the National Rate,70,13.8,11.2,17.0,Not Applicable,Not Applicable,,07/01/2021,06/30/2024
260091,SSM HEALTH ST MARY'S HOSPITAL - ST LOUIS,6420 CLAYTON RD,SAINT LOUIS,MO,63117,ST. LOUIS,(314) 768-8000,READM_30_CABG,Rate of readmission for CABG,Not Available,Not Available,Not Available,Not Available,Not Available,Not Applicable,Not Applicable,5,07/01/2021,06/30/2024
260091,SSM HEALTH ST MARY'S HOSPITAL - ST LOUIS,6420 CLAYTON RD,SAINT LOUIS,MO,63117,ST. LOUIS,(314) 768-8000,READM_30_COPD,Rate of readmission for chronic obstructive pulmonary disease (COPD) patients,No Different Than the National Rate,76,19.3,16.2,22.7,Not Applicable,Not Applicable,,07/01/2021,06/30/2024
260091,SSM HEALTH ST MARY'S HOSPITAL - ST LOUIS,6420 CLAYTON RD,SAINT LOUIS,MO,63117,ST. LOUIS,(314) 768-8000,READM_30_HF,Heart failure (HF) 30-Day Readmission Rate,No Different Than the National Rate,290,21.1,18.2,24.4,Not Applicable,Not Applicable,,07/01/2021,06/30/2024
260091,SSM HEALTH ST MARY'S HOSPITAL - ST LOUIS,6420 CLAYTON RD,SAINT LOUIS,MO,63117,ST. LOUIS,(314) 768-8000,READM_30_HIP_KNEE,Rate of readmission after hip/knee replacement,Number of Cases Too Small,Not Available,Not Available,Not Available,Not Available,Not Applicable,Not Applicable,1,07/01/2021,06/30/2024
260091,SSM HEALTH ST MARY'S HOSPITAL - ST LOUIS,6420 CLAYTON RD,SAINT LOUIS,MO,63117,ST. LOUIS,(314) 768-8000,READM_30_PN,Pneumonia (PN) 30-Day Readmission Rate,No Different Than the National Rate,177,15.9,13.3,18.9,Not Applicable,Not Applicable,,07/01/2021,06/30/2024
260094,COX MEDICAL CENTER BRANSON,"525 BRANSON LANDING BLVD, PO BOX 650",BRANSON,MO,65615,TANEY,(417) 335-7000,EDAC_30_AMI,Hospital return days for heart attack patients,Average Days per 100 Discharges,140,5.5,-8.4,23.2,138,40,,07/01/2021,06/30/2024
260094,COX MEDICAL CENTER BRANSON,"525 BRANSON LANDING BLVD, PO BOX 650",BRANSON,MO,65615,TANEY,(417) 335-7000,EDAC_30_HF,Hospital return days for heart failure patients,Fewer Days Than Average per 100 Discharges,218,-19.7,-33.8,-3.8,184,56,,07/01/2021,06/30/2024
260094,COX MEDICAL CENTER BRANSON,"525 BRANSON LANDING BLVD, PO BOX 650",BRANSON,MO,65615,TANEY,(417) 335-7000,EDAC_30_PN,Hospital return days for pneumonia patients,Fewer Days Than Average per 100 Discharges,241,-24.4,-35.4,-11.5,214,52,,07/01/2021,06/30/2024
260094,COX MEDICAL CENTER BRANSON,"525 BRANSON LANDING BLVD, PO BOX 650",BRANSON,MO,65615,TANEY,(417) 335-7000,Hybrid_HWR,Hybrid Hospital-Wide All-Cause Readmission Measure (HWR),No Different Than the National Rate,908,13.7,12.5,15.0,Not Applicable,Not Applicable,,07/01/2023,06/30/2024
260094,COX MEDICAL CENTER BRANSON,"525 BRANSON LANDING BLVD, PO BOX 650",BRANSON,MO,65615,TANEY,(417) 335-7000,OP_32,"Rate of unplanned hospital visits after colonoscopy (per 1,000 colonoscopies)",No Different Than the National Rate,668,12.7,9.6,16.6,Not Applicable,Not Applicable,,01/01/2022,12/31/2024
260094,COX MEDICAL CENTER BRANSON,"525 BRANSON LANDING BLVD, PO BOX 650",BRANSON,MO,65615,TANEY,(417) 335-7000,OP_35_ADM,Rate of inpatient admissions for patients receiving outpatient chemotherapy,No Different Than the National Rate,78,10.5,7.5,14.6,Not Applicable,Not Applicable,,01/01/2024,12/31/2024
260094,COX MEDICAL CENTER BRANSON,"525 BRANSON LANDING BLVD, PO BOX 650",BRANSON,MO,65615,TANEY,(417) 335-7000,OP_35_ED,Rate of emergency department (ED) visits for patients receiving outpatient chemotherapy,No Different Than the National Rate,78,5.3,3.5,8.1,Not Applicable,Not Applicable,,01/01/2024,12/31/2024
260094,COX MEDICAL CENTER BRANSON,"525 BRANSON LANDING BLVD, PO BOX 650",BRANSON,MO,65615,TANEY,(417) 335-7000,OP_36,Ratio of unplanned hospital visits after hospital outpatient surgery,No Different than expected,271,0.9,0.6,1.2,Not Applicable,Not Applicable,,01/01/2024,12/31/2024
260094,COX MEDICAL CENTER BRANSON,"525 BRANSON LANDING BLVD, PO BOX 650",BRANSON,MO,65615,TANEY,(417) 335-7000,READM_30_AMI,Acute Myocardial Infarction (AMI) 30-Day Readmission Rate,No Different Than the National Rate,140,13.8,11.2,16.9,Not Applicable,Not Applicable,,07/01/2021,06/30/2024
260094,COX MEDICAL CENTER BRANSON,"525 BRANSON LANDING BLVD, PO BOX 650",BRANSON,MO,65615,TANEY,(417) 335-7000,READM_30_CABG,Rate of readmission for CABG,Not Available,Not Available,Not Available,Not Available,Not Available,Not Applicable,Not Applicable,5,07/01/2021,06/30/2024
260094,COX MEDICAL CENTER BRANSON,"525 BRANSON LANDING BLVD, PO BOX 650",BRANSON,MO,65615,TANEY,(417) 335-7000,READM_30_COPD,Rate of readmission for chronic obstructive pulmonary disease (COPD) patients,No Different Than the National Rate,83,18.1,15.1,21.5,Not Applicable,Not Applicable,,07/01/2021,06/30/2024
260094,COX MEDICAL CENTER BRANSON,"525 BRANSON LANDING BLVD, PO BOX 650",BRANSON,MO,65615,TANEY,(417) 335-7000,READM_30_HF,Heart failure (HF) 30-Day Readmission Rate,No Different Than the National Rate,218,17.9,15.2,21.0,Not Applicable,Not Applicable,,07/01/2021,06/30/2024
260094,COX MEDICAL CENTER BRANSON,"525 BRANSON LANDING BLVD, PO BOX 650",BRANSON,MO,65615,TANEY,(417) 335-7000,READM_30_HIP_KNEE,Rate of readmission after hip/knee replacement,Number of Cases Too Small,Not Available,Not Available,Not Available,Not Available,Not Applicable,Not Applicable,1,07/01/2021,06/30/2024
260094,COX MEDICAL CENTER BRANSON,"525 BRANSON LANDING BLVD, PO BOX 650",BRANSON,MO,65615,TANEY,(417) 335-7000,READM_30_PN,Pneumonia (PN) 30-Day Readmission Rate,No Different Than the National Rate,241,13.5,11.3,16.1,Not Applicable,Not Applicable,,07/01/2021,06/30/2024
260095,CENTERPOINT MEDICAL CENTER,19600 EAST 39TH STREET,INDEPENDENCE,MO,64057,JACKSON,(816) 698-7000,EDAC_30_AMI,Hospital return days for heart attack patients,Average Days per 100 Discharges,137,-0.7,-15.8,16.9,133,37,,07/01/2021,06/30/2024
260095,CENTERPOINT MEDICAL CENTER,19600 EAST 39TH STREET,INDEPENDENCE,MO,64057,JACKSON,(816) 698-7000,EDAC_30_HF,Hospital return days for heart failure patients,Fewer Days Than Average per 100 Discharges,316,-17.5,-28.8,-3.9,266,86,,07/01/2021,06/30/2024
260095,CENTERPOINT MEDICAL CENTER,19600 EAST 39TH STREET,INDEPENDENCE,MO,64057,JACKSON,(816) 698-7000,EDAC_30_PN,Hospital return days for pneumonia patients,More Days Than Average per 100 Discharges,400,21.7,10.9,33.1,364,102,,07/01/2021,06/30/2024
260095,CENTERPOINT MEDICAL CENTER,19600 EAST 39TH STREET,INDEPENDENCE,MO,64057,JACKSON,(816) 698-7000,Hybrid_HWR,Hybrid Hospital-Wide All-Cause Readmission Measure (HWR),No Different Than the National Rate,2358,15.3,14.2,16.4,Not Applicable,Not Applicable,,07/01/2023,06/30/2024
260095,CENTERPOINT MEDICAL CENTER,19600 EAST 39TH STREET,INDEPENDENCE,MO,64057,JACKSON,(816) 698-7000,OP_32,"Rate of unplanned hospital visits after colonoscopy (per 1,000 colonoscopies)",No Different Than the National Rate,225,13,9.7,17.2,Not Applicable,Not Applicable,,01/01/2022,12/31/2024
260095,CENTERPOINT MEDICAL CENTER,19600 EAST 39TH STREET,INDEPENDENCE,MO,64057,JACKSON,(816) 698-7000,OP_35_ADM,Rate of inpatient admissions for patients receiving outpatient chemotherapy,No Different Than the National Rate,94,11.7,8.5,15.6,Not Applicable,Not Applicable,,01/01/2024,12/31/2024
260095,CENTERPOINT MEDICAL CENTER,19600 EAST 39TH STREET,INDEPENDENCE,MO,64057,JACKSON,(816) 698-7000,OP_35_ED,Rate of emergency department (ED) visits for patients receiving outpatient chemotherapy,No Different Than the National Rate,94,5.3,3.5,7.8,Not Applicable,Not Applicable,,01/01/2024,12/31/2024
260095,CENTERPOINT MEDICAL CENTER,19600 EAST 39TH STREET,INDEPENDENCE,MO,64057,JACKSON,(816) 698-7000,OP_36,Ratio of unplanned hospital visits after hospital outpatient surgery,No Different than expected,259,1,0.7,1.3,Not Applicable,Not Applicable,,01/01/2024,12/31/2024
260095,CENTERPOINT MEDICAL CENTER,19600 EAST 39TH STREET,INDEPENDENCE,MO,64057,JACKSON,(816) 698-7000,READM_30_AMI,Acute Myocardial Infarction (AMI) 30-Day Readmission Rate,No Different Than the National Rate,137,13.3,10.7,16.2,Not Applicable,Not Applicable,,07/01/2021,06/30/2024
260095,CENTERPOINT MEDICAL CENTER,19600 EAST 39TH STREET,INDEPENDENCE,MO,64057,JACKSON,(816) 698-7000,READM_30_CABG,Rate of readmission for CABG,No Different Than the National Rate,49,10.1,7.4,13.8,Not Applicable,Not Applicable,,07/01/2021,06/30/2024
260095,CENTERPOINT MEDICAL CENTER,19600 EAST 39TH STREET,INDEPENDENCE,MO,64057,JACKSON,(816) 698-7000,READM_30_COPD,Rate of readmission for chronic obstructive pulmonary disease (COPD) patients,No Different Than the National Rate,135,19.3,16.1,23.0,Not Applicable,Not Applicable,,07/01/2021,06/30/2024
260095,CENTERPOINT MEDICAL CENTER,19600 EAST 39TH STREET,INDEPENDENCE,MO,64057,JACKSON,(816) 698-7000,READM_30_HF,Heart failure (HF) 30-Day Readmission Rate,No Different Than the National Rate,316,18.8,16.3,21.8,Not Applicable,Not Applicable,,07/01/2021,06/30/2024
260095,CENTERPOINT MEDICAL CENTER,19600 EAST 39TH STREET,INDEPENDENCE,MO,64057,JACKSON,(816) 698-7000,READM_30_HIP_KNEE,Rate of readmission after hip/knee replacement,No Different Than the National Rate,127,3.9,2.5,6.0,Not Applicable,Not Applicable,,07/01/2021,06/30/2024
260095,CENTERPOINT MEDICAL CENTER,19600 EAST 39TH STREET,INDEPENDENCE,MO,64057,JACKSON,(816) 698-7000,READM_30_PN,Pneumonia (PN) 30-Day Readmission Rate,No Different Than the National Rate,400,17.9,15.5,20.7,Not Applicable,Not Applicable,,07/01/2021,06/30/2024
260096,NKC HEALTH,2800 CLAY EDWARDS DRIVE,NORTH KANSAS CITY,MO,64116,CLAY,(816) 691-2000,EDAC_30_AMI,Hospital return days for heart attack patients,Average Days per 100 Discharges,193,-5.6,-17.8,8.4,188,60,,07/01/2021,06/30/2024
260096,NKC HEALTH,2800 CLAY EDWARDS DRIVE,NORTH KANSAS CITY,MO,64116,CLAY,(816) 691-2000,EDAC_30_HF,Hospital return days for heart failure patients,Fewer Days Than Average per 100 Discharges,727,-31.6,-39.4,-23.2,570,168,,07/01/2021,06/30/2024
260096,NKC HEALTH,2800 CLAY EDWARDS DRIVE,NORTH KANSAS CITY,MO,64116,CLAY,(816) 691-2000,EDAC_30_PN,Hospital return days for pneumonia patients,Fewer Days Than Average per 100 Discharges,977,-7.7,-14.2,-1.2,817,212,,07/01/2021,06/30/2024
260096,NKC HEALTH,2800 CLAY EDWARDS DRIVE,NORTH KANSAS CITY,MO,64116,CLAY,(816) 691-2000,Hybrid_HWR,Hybrid Hospital-Wide All-Cause Readmission Measure (HWR),No Different Than the National Rate,4086,15.4,14.6,16.4,Not Applicable,Not Applicable,,07/01/2023,06/30/2024
260096,NKC HEALTH,2800 CLAY EDWARDS DRIVE,NORTH KANSAS CITY,MO,64116,CLAY,(816) 691-2000,OP_32,"Rate of unplanned hospital visits after colonoscopy (per 1,000 colonoscopies)",No Different Than the National Rate,1193,13.2,10.3,17,Not Applicable,Not Applicable,,01/01/2022,12/31/2024
260096,NKC HEALTH,2800 CLAY EDWARDS DRIVE,NORTH KANSAS CITY,MO,64116,CLAY,(816) 691-2000,OP_35_ADM,Rate of inpatient admissions for patients receiving outpatient chemotherapy,No Different Than the National Rate,35,11,7.5,15.6,Not Applicable,Not Applicable,,01/01/2024,12/31/2024
260096,NKC HEALTH,2800 CLAY EDWARDS DRIVE,NORTH KANSAS CITY,MO,64116,CLAY,(816) 691-2000,OP_35_ED,Rate of emergency department (ED) visits for patients receiving outpatient chemotherapy,No Different Than the National Rate,35,5.2,3.2,8,Not Applicable,Not Applicable,,01/01/2024,12/31/2024
260096,NKC HEALTH,2800 CLAY EDWARDS DRIVE,NORTH KANSAS CITY,MO,64116,CLAY,(816) 691-2000,OP_36,Ratio of unplanned hospital visits after hospital outpatient surgery,No Different than expected,1131,1,0.8,1.2,Not Applicable,Not Applicable,,01/01/2024,12/31/2024
260096,NKC HEALTH,2800 CLAY EDWARDS DRIVE,NORTH KANSAS CITY,MO,64116,CLAY,(816) 691-2000,READM_30_AMI,Acute Myocardial Infarction (AMI) 30-Day Readmission Rate,No Different Than the National Rate,193,12.8,10.3,15.5,Not Applicable,Not Applicable,,07/01/2021,06/30/2024
260096,NKC HEALTH,2800 CLAY EDWARDS DRIVE,NORTH KANSAS CITY,MO,64116,CLAY,(816) 691-2000,READM_30_CABG,Rate of readmission for CABG,No Different Than the National Rate,79,9.3,6.7,12.8,Not Applicable,Not Applicable,,07/01/2021,06/30/2024
260096,NKC HEALTH,2800 CLAY EDWARDS DRIVE,NORTH KANSAS CITY,MO,64116,CLAY,(816) 691-2000,READM_30_COPD,Rate of readmission for chronic obstructive pulmonary disease (COPD) patients,No Different Than the National Rate,207,19.1,16.2,22.5,Not Applicable,Not Applicable,,07/01/2021,06/30/2024
260096,NKC HEALTH,2800 CLAY EDWARDS DRIVE,NORTH KANSAS CITY,MO,64116,CLAY,(816) 691-2000,READM_30_HF,Heart failure (HF) 30-Day Readmission Rate,No Different Than the National Rate,727,17.7,15.5,20.0,Not Applicable,Not Applicable,,07/01/2021,06/30/2024
260096,NKC HEALTH,2800 CLAY EDWARDS DRIVE,NORTH KANSAS CITY,MO,64116,CLAY,(816) 691-2000,READM_30_HIP_KNEE,Rate of readmission after hip/knee replacement,No Different Than the National Rate,222,4.9,3.3,7.1,Not Applicable,Not Applicable,,07/01/2021,06/30/2024
260096,NKC HEALTH,2800 CLAY EDWARDS DRIVE,NORTH KANSAS CITY,MO,64116,CLAY,(816) 691-2000,READM_30_PN,Pneumonia (PN) 30-Day Readmission Rate,No Different Than the National Rate,977,16.4,14.5,18.3,Not Applicable,Not Applicable,,07/01/2021,06/30/2024
260097,WESTERN MISSOURI MEDICAL CENTER,403 BURKARTH ROAD,WARRENSBURG,MO,64093,JOHNSON,(660) 747-2500,EDAC_30_AMI,Hospital return days for heart attack patients,Number of Cases Too Small,Not Available,Not Available,Not Available,Not Available,Not Available,Not Available,1,07/01/2021,06/30/2024
260097,WESTERN MISSOURI MEDICAL CENTER,403 BURKARTH ROAD,WARRENSBURG,MO,64093,JOHNSON,(660) 747-2500,EDAC_30_HF,Hospital return days for heart failure patients,More Days Than Average per 100 Discharges,87,60.7,34.3,90.1,72,30,,07/01/2021,06/30/2024
260097,WESTERN MISSOURI MEDICAL CENTER,403 BURKARTH ROAD,WARRENSBURG,MO,64093,JOHNSON,(660) 747-2500,EDAC_30_PN,Hospital return days for pneumonia patients,Average Days per 100 Discharges,156,3.6,-10.9,20.3,130,39,,07/01/2021,06/30/2024
260097,WESTERN MISSOURI MEDICAL CENTER,403 BURKARTH ROAD,WARRENSBURG,MO,64093,JOHNSON,(660) 747-2500,Hybrid_HWR,Hybrid Hospital-Wide All-Cause Readmission Measure (HWR),No Different Than the National Rate,330,14.6,13.1,16.4,Not Applicable,Not Applicable,,07/01/2023,06/30/2024
260097,WESTERN MISSOURI MEDICAL CENTER,403 BURKARTH ROAD,WARRENSBURG,MO,64093,JOHNSON,(660) 747-2500,OP_32,"Rate of unplanned hospital visits after colonoscopy (per 1,000 colonoscopies)",No Different Than the National Rate,623,12,9,16.1,Not Applicable,Not Applicable,,01/01/2022,12/31/2024
260097,WESTERN MISSOURI MEDICAL CENTER,403 BURKARTH ROAD,WARRENSBURG,MO,64093,JOHNSON,(660) 747-2500,OP_35_ADM,Rate of inpatient admissions for patients receiving outpatient chemotherapy,No Different Than the National Rate,50,10.4,7.3,14.7,Not Applicable,Not Applicable,,01/01/2024,12/31/2024
260097,WESTERN MISSOURI MEDICAL CENTER,403 BURKARTH ROAD,WARRENSBURG,MO,64093,JOHNSON,(660) 747-2500,OP_35_ED,Rate of emergency department (ED) visits for patients receiving outpatient chemotherapy,No Different Than the National Rate,50,5.4,3.5,8.3,Not Applicable,Not Applicable,,01/01/2024,12/31/2024
260097,WESTERN MISSOURI MEDICAL CENTER,403 BURKARTH ROAD,WARRENSBURG,MO,64093,JOHNSON,(660) 747-2500,OP_36,Ratio of unplanned hospital visits after hospital outpatient surgery,No Different than expected,173,1,0.7,1.3,Not Applicable,Not Applicable,,01/01/2024,12/31/2024
260097,WESTERN MISSOURI MEDICAL CENTER,403 BURKARTH ROAD,WARRENSBURG,MO,64093,JOHNSON,(660) 747-2500,READM_30_AMI,Acute Myocardial Infarction (AMI) 30-Day Readmission Rate,Number of Cases Too Small,Not Available,Not Available,Not Available,Not Available,Not Applicable,Not Applicable,1,07/01/2021,06/30/2024
260097,WESTERN MISSOURI MEDICAL CENTER,403 BURKARTH ROAD,WARRENSBURG,MO,64093,JOHNSON,(660) 747-2500,READM_30_CABG,Rate of readmission for CABG,Not Available,Not Available,Not Available,Not Available,Not Available,Not Applicable,Not Applicable,5,07/01/2021,06/30/2024
260097,WESTERN MISSOURI MEDICAL CENTER,403 BURKARTH ROAD,WARRENSBURG,MO,64093,JOHNSON,(660) 747-2500,READM_30_COPD,Rate of readmission for chronic obstructive pulmonary disease (COPD) patients,No Different Than the National Rate,41,18.4,15.1,22.1,Not Applicable,Not Applicable,,07/01/2021,06/30/2024
260097,WESTERN MISSOURI MEDICAL CENTER,403 BURKARTH ROAD,WARRENSBURG,MO,64093,JOHNSON,(660) 747-2500,READM_30_HF,Heart failure (HF) 30-Day Readmission Rate,No Different Than the National Rate,87,21.3,17.6,25.2,Not Applicable,Not Applicable,,07/01/2021,06/30/2024
260097,WESTERN MISSOURI MEDICAL CENTER,403 BURKARTH ROAD,WARRENSBURG,MO,64093,JOHNSON,(660) 747-2500,READM_30_HIP_KNEE,Rate of readmission after hip/knee replacement,No Different Than the National Rate,131,4.9,3.1,7.8,Not Applicable,Not Applicable,,07/01/2021,06/30/2024
260097,WESTERN MISSOURI MEDICAL CENTER,403 BURKARTH ROAD,WARRENSBURG,MO,64093,JOHNSON,(660) 747-2500,READM_30_PN,Pneumonia (PN) 30-Day Readmission Rate,No Different Than the National Rate,156,15.9,13.0,19.1,Not Applicable,Not Applicable,,07/01/2021,06/30/2024
26009F,ST LOUIS-JOHN COCHRAN VA MEDICAL CENTER,915 NORTH GRAND,ST. LOUIS,MO,63106,ST. LOUIS,(314) 652-4100,EDAC_30_AMI,Hospital return days for heart attack patients,Average Days per 100 Discharges,114,-15.1,-30.5,3.1,107,28,,07/01/2021,06/30/2024
26009F,ST LOUIS-JOHN COCHRAN VA MEDICAL CENTER,915 NORTH GRAND,ST. LOUIS,MO,63106,ST. LOUIS,(314) 652-4100,EDAC_30_HF,Hospital return days for heart failure patients,Fewer Days Than Average per 100 Discharges,763,-20.4,-28.7,-11.7,539,208,,07/01/2021,06/30/2024
26009F,ST LOUIS-JOHN COCHRAN VA MEDICAL CENTER,915 NORTH GRAND,ST. LOUIS,MO,63106,ST. LOUIS,(314) 652-4100,EDAC_30_PN,Hospital return days for pneumonia patients,Fewer Days Than Average per 100 Discharges,341,-37.3,-47.8,-25.7,295,90,,07/01/2021,06/30/2024
26009F,ST LOUIS-JOHN COCHRAN VA MEDICAL CENTER,915 NORTH GRAND,ST. LOUIS,MO,63106,ST. LOUIS,(314) 652-4100,Hybrid_HWR,Hybrid Hospital-Wide All-Cause Readmission Measure (HWR),No Different Than the National Rate,3059,15,14.1,16.0,Not Applicable,Not Applicable,,07/01/2023,06/30/2024
26009F,ST LOUIS-JOHN COCHRAN VA MEDICAL CENTER,915 NORTH GRAND,ST. LOUIS,MO,63106,ST. LOUIS,(314) 652-4100,OP_32,"Rate of unplanned hospital visits after colonoscopy (per 1,000 colonoscopies)",Not Available,Not Available,Not Available,Not Available,Not Available,Not Applicable,Not Applicable,5,01/01/2022,12/31/2024
26009F,ST LOUIS-JOHN COCHRAN VA MEDICAL CENTER,915 NORTH GRAND,ST. LOUIS,MO,63106,ST. LOUIS,(314) 652-4100,OP_35_ADM,Rate of inpatient admissions for patients receiving outpatient chemotherapy,Not Available,Not Available,Not Available,Not Available,Not Available,Not Applicable,Not Applicable,5,01/01/2024,12/31/2024
26009F,ST LOUIS-JOHN COCHRAN VA MEDICAL CENTER,915 NORTH GRAND,ST. LOUIS,MO,63106,ST. LOUIS,(314) 652-4100,OP_35_ED,Rate of emergency department (ED) visits for patients receiving outpatient chemotherapy,Not Available,Not Available,Not Available,Not Available,Not Available,Not Applicable,Not Applicable,5,01/01/2024,12/31/2024
26009F,ST LOUIS-JOHN COCHRAN VA MEDICAL CENTER,915 NORTH GRAND,ST. LOUIS,MO,63106,ST. LOUIS,(314) 652-4100,OP_36,Ratio of unplanned hospital visits after hospital outpatient surgery,Not Available,Not Available,Not Available,Not Available,Not Available,Not Applicable,Not Applicable,5,01/01/2024,12/31/2024
26009F,ST LOUIS-JOHN COCHRAN VA MEDICAL CENTER,915 NORTH GRAND,ST. LOUIS,MO,63106,ST. LOUIS,(314) 652-4100,READM_30_AMI,Acute Myocardial Infarction (AMI) 30-Day Readmission Rate,No Different Than the National Rate,114,13.1,10.6,16.0,Not Applicable,Not Applicable,,07/01/2021,06/30/2024
26009F,ST LOUIS-JOHN COCHRAN VA MEDICAL CENTER,915 NORTH GRAND,ST. LOUIS,MO,63106,ST. LOUIS,(314) 652-4100,READM_30_CABG,Rate of readmission for CABG,Not Available,Not Available,Not Available,Not Available,Not Available,Not Applicable,Not Applicable,5,07/01/2021,06/30/2024
26009F,ST LOUIS-JOHN COCHRAN VA MEDICAL CENTER,915 NORTH GRAND,ST. LOUIS,MO,63106,ST. LOUIS,(314) 652-4100,READM_30_COPD,Rate of readmission for chronic obstructive pulmonary disease (COPD) patients,No Different Than the National Rate,277,18.6,16.0,21.6,Not Applicable,Not Applicable,,07/01/2021,06/30/2024
26009F,ST LOUIS-JOHN COCHRAN VA MEDICAL CENTER,915 NORTH GRAND,ST. LOUIS,MO,63106,ST. LOUIS,(314) 652-4100,READM_30_HF,Heart failure (HF) 30-Day Readmission Rate,No Different Than the National Rate,763,18.8,16.8,21.1,Not Applicable,Not Applicable,,07/01/2021,06/30/2024
26009F,ST LOUIS-JOHN COCHRAN VA MEDICAL CENTER,915 NORTH GRAND,ST. LOUIS,MO,63106,ST. LOUIS,(314) 652-4100,READM_30_HIP_KNEE,Rate of readmission after hip/knee replacement,Number of Cases Too Small,Not Available,Not Available,Not Available,Not Available,Not Applicable,Not Applicable,1,07/01/2021,06/30/2024
26009F,ST LOUIS-JOHN COCHRAN VA MEDICAL CENTER,915 NORTH GRAND,ST. LOUIS,MO,63106,ST. LOUIS,(314) 652-4100,READM_30_PN,Pneumonia (PN) 30-Day Readmission Rate,No Different Than the National Rate,341,15.1,12.8,17.6,Not Applicable,Not Applicable,,07/01/2021,06/30/2024
260102,UNIVERSITY HEALTH LAKEWOOD MEDICAL CENTER,7900 LEE'S SUMMIT RD,KANSAS CITY,MO,64139,JACKSON,(816) 404-7000,EDAC_30_AMI,Hospital return days for heart attack patients,Number of Cases Too Small,Not Available,Not Available,Not Available,Not Available,Not Available,Not Available,1,07/01/2021,06/30/2024
260102,UNIVERSITY HEALTH LAKEWOOD MEDICAL CENTER,7900 LEE'S SUMMIT RD,KANSAS CITY,MO,64139,JACKSON,(816) 404-7000,EDAC_30_HF,Hospital return days for heart failure patients,Number of Cases Too Small,Not Available,Not Available,Not Available,Not Available,Not Available,Not Available,1,07/01/2021,06/30/2024
260102,UNIVERSITY HEALTH LAKEWOOD MEDICAL CENTER,7900 LEE'S SUMMIT RD,KANSAS CITY,MO,64139,JACKSON,(816) 404-7000,EDAC_30_PN,Hospital return days for pneumonia patients,Number of Cases Too Small,Not Available,Not Available,Not Available,Not Available,Not Available,Not Available,1,07/01/2021,06/30/2024
260102,UNIVERSITY HEALTH LAKEWOOD MEDICAL CENTER,7900 LEE'S SUMMIT RD,KANSAS CITY,MO,64139,JACKSON,(816) 404-7000,Hybrid_HWR,Hybrid Hospital-Wide All-Cause Readmission Measure (HWR),No Different Than the National Rate,107,14.4,12.5,16.5,Not Applicable,Not Applicable,,07/01/2023,06/30/2024
260102,UNIVERSITY HEALTH LAKEWOOD MEDICAL CENTER,7900 LEE'S SUMMIT RD,KANSAS CITY,MO,64139,JACKSON,(816) 404-7000,OP_32,"Rate of unplanned hospital visits after colonoscopy (per 1,000 colonoscopies)",No Different Than the National Rate,86,12.6,9.2,17,Not Applicable,Not Applicable,,01/01/2022,12/31/2024
260102,UNIVERSITY HEALTH LAKEWOOD MEDICAL CENTER,7900 LEE'S SUMMIT RD,KANSAS CITY,MO,64139,JACKSON,(816) 404-7000,OP_35_ADM,Rate of inpatient admissions for patients receiving outpatient chemotherapy,Number of Cases Too Small,Not Available,Not Available,Not Available,Not Available,Not Applicable,Not Applicable,1,01/01/2024,12/31/2024
260102,UNIVERSITY HEALTH LAKEWOOD MEDICAL CENTER,7900 LEE'S SUMMIT RD,KANSAS CITY,MO,64139,JACKSON,(816) 404-7000,OP_35_ED,Rate of emergency department (ED) visits for patients receiving outpatient chemotherapy,Number of Cases Too Small,Not Available,Not Available,Not Available,Not Available,Not Applicable,Not Applicable,1,01/01/2024,12/31/2024
260102,UNIVERSITY HEALTH LAKEWOOD MEDICAL CENTER,7900 LEE'S SUMMIT RD,KANSAS CITY,MO,64139,JACKSON,(816) 404-7000,OP_36,Ratio of unplanned hospital visits after hospital outpatient surgery,No Different than expected,59,1,0.7,1.5,Not Applicable,Not Applicable,,01/01/2024,12/31/2024
260102,UNIVERSITY HEALTH LAKEWOOD MEDICAL CENTER,7900 LEE'S SUMMIT RD,KANSAS CITY,MO,64139,JACKSON,(816) 404-7000,READM_30_AMI,Acute Myocardial Infarction (AMI) 30-Day Readmission Rate,Number of Cases Too Small,Not Available,Not Available,Not Available,Not Available,Not Applicable,Not Applicable,1,07/01/2021,06/30/2024
260102,UNIVERSITY HEALTH LAKEWOOD MEDICAL CENTER,7900 LEE'S SUMMIT RD,KANSAS CITY,MO,64139,JACKSON,(816) 404-7000,READM_30_CABG,Rate of readmission for CABG,Not Available,Not Available,Not Available,Not Available,Not Available,Not Applicable,Not Applicable,5,07/01/2021,06/30/2024
260102,UNIVERSITY HEALTH LAKEWOOD MEDICAL CENTER,7900 LEE'S SUMMIT RD,KANSAS CITY,MO,64139,JACKSON,(816) 404-7000,READM_30_COPD,Rate of readmission for chronic obstructive pulmonary disease (COPD) patients,Number of Cases Too Small,Not Available,Not Available,Not Available,Not Available,Not Applicable,Not Applicable,1,07/01/2021,06/30/2024
260102,UNIVERSITY HEALTH LAKEWOOD MEDICAL CENTER,7900 LEE'S SUMMIT RD,KANSAS CITY,MO,64139,JACKSON,(816) 404-7000,READM_30_HF,Heart failure (HF) 30-Day Readmission Rate,Number of Cases Too Small,Not Available,Not Available,Not Available,Not Available,Not Applicable,Not Applicable,1,07/01/2021,06/30/2024
260102,UNIVERSITY HEALTH LAKEWOOD MEDICAL CENTER,7900 LEE'S SUMMIT RD,KANSAS CITY,MO,64139,JACKSON,(816) 404-7000,READM_30_HIP_KNEE,Rate of readmission after hip/knee replacement,No Different Than the National Rate,47,5.1,3.1,8.3,Not Applicable,Not Applicable,,07/01/2021,06/30/2024
260102,UNIVERSITY HEALTH LAKEWOOD MEDICAL CENTER,7900 LEE'S SUMMIT RD,KANSAS CITY,MO,64139,JACKSON,(816) 404-7000,READM_30_PN,Pneumonia (PN) 30-Day Readmission Rate,Number of Cases Too Small,Not Available,Not Available,Not Available,Not Available,Not Applicable,Not Applicable,1,07/01/2021,06/30/2024
260104,SSM HEALTH DEPAUL HOSPITAL ST LOUIS,12303 DEPAUL DRIVE,BRIDGETON,MO,63044,ST. LOUIS,(314) 344-6000,EDAC_30_AMI,Hospital return days for heart attack patients,Average Days per 100 Discharges,144,5.3,-12.3,25.7,138,46,,07/01/2021,06/30/2024
260104,SSM HEALTH DEPAUL HOSPITAL ST LOUIS,12303 DEPAUL DRIVE,BRIDGETON,MO,63044,ST. LOUIS,(314) 344-6000,EDAC_30_HF,Hospital return days for heart failure patients,Fewer Days Than Average per 100 Discharges,332,-19.5,-31.8,-6.2,273,86,,07/01/2021,06/30/2024
260104,SSM HEALTH DEPAUL HOSPITAL ST LOUIS,12303 DEPAUL DRIVE,BRIDGETON,MO,63044,ST. LOUIS,(314) 344-6000,EDAC_30_PN,Hospital return days for pneumonia patients,Average Days per 100 Discharges,273,-4.8,-17.2,8.8,242,65,,07/01/2021,06/30/2024
260104,SSM HEALTH DEPAUL HOSPITAL ST LOUIS,12303 DEPAUL DRIVE,BRIDGETON,MO,63044,ST. LOUIS,(314) 344-6000,Hybrid_HWR,Hybrid Hospital-Wide All-Cause Readmission Measure (HWR),No Different Than the National Rate,1609,15.1,14.0,16.2,Not Applicable,Not Applicable,,07/01/2023,06/30/2024
260104,SSM HEALTH DEPAUL HOSPITAL ST LOUIS,12303 DEPAUL DRIVE,BRIDGETON,MO,63044,ST. LOUIS,(314) 344-6000,OP_32,"Rate of unplanned hospital visits after colonoscopy (per 1,000 colonoscopies)",No Different Than the National Rate,554,15,11.4,20.1,Not Applicable,Not Applicable,,01/01/2022,12/31/2024
260104,SSM HEALTH DEPAUL HOSPITAL ST LOUIS,12303 DEPAUL DRIVE,BRIDGETON,MO,63044,ST. LOUIS,(314) 344-6000,OP_35_ADM,Rate of inpatient admissions for patients receiving outpatient chemotherapy,No Different Than the National Rate,183,11.4,8.8,14.5,Not Applicable,Not Applicable,,01/01/2024,12/31/2024
260104,SSM HEALTH DEPAUL HOSPITAL ST LOUIS,12303 DEPAUL DRIVE,BRIDGETON,MO,63044,ST. LOUIS,(314) 344-6000,OP_35_ED,Rate of emergency department (ED) visits for patients receiving outpatient chemotherapy,No Different Than the National Rate,183,5.5,3.9,7.6,Not Applicable,Not Applicable,,01/01/2024,12/31/2024
260104,SSM HEALTH DEPAUL HOSPITAL ST LOUIS,12303 DEPAUL DRIVE,BRIDGETON,MO,63044,ST. LOUIS,(314) 344-6000,OP_36,Ratio of unplanned hospital visits after hospital outpatient surgery,No Different than expected,480,1,0.8,1.3,Not Applicable,Not Applicable,,01/01/2024,12/31/2024
260104,SSM HEALTH DEPAUL HOSPITAL ST LOUIS,12303 DEPAUL DRIVE,BRIDGETON,MO,63044,ST. LOUIS,(314) 344-6000,READM_30_AMI,Acute Myocardial Infarction (AMI) 30-Day Readmission Rate,No Different Than the National Rate,144,13.2,10.8,15.9,Not Applicable,Not Applicable,,07/01/2021,06/30/2024
260104,SSM HEALTH DEPAUL HOSPITAL ST LOUIS,12303 DEPAUL DRIVE,BRIDGETON,MO,63044,ST. LOUIS,(314) 344-6000,READM_30_CABG,Rate of readmission for CABG,No Different Than the National Rate,32,10.1,7.3,13.8,Not Applicable,Not Applicable,,07/01/2021,06/30/2024
260104,SSM HEALTH DEPAUL HOSPITAL ST LOUIS,12303 DEPAUL DRIVE,BRIDGETON,MO,63044,ST. LOUIS,(314) 344-6000,READM_30_COPD,Rate of readmission for chronic obstructive pulmonary disease (COPD) patients,No Different Than the National Rate,68,17.8,14.5,21.8,Not Applicable,Not Applicable,,07/01/2021,06/30/2024
260104,SSM HEALTH DEPAUL HOSPITAL ST LOUIS,12303 DEPAUL DRIVE,BRIDGETON,MO,63044,ST. LOUIS,(314) 344-6000,READM_30_HF,Heart failure (HF) 30-Day Readmission Rate,No Different Than the National Rate,332,18.9,16.3,21.8,Not Applicable,Not Applicable,,07/01/2021,06/30/2024
260104,SSM HEALTH DEPAUL HOSPITAL ST LOUIS,12303 DEPAUL DRIVE,BRIDGETON,MO,63044,ST. LOUIS,(314) 344-6000,READM_30_HIP_KNEE,Rate of readmission after hip/knee replacement,No Different Than the National Rate,186,4.7,3.1,7.0,Not Applicable,Not Applicable,,07/01/2021,06/30/2024
260104,SSM HEALTH DEPAUL HOSPITAL ST LOUIS,12303 DEPAUL DRIVE,BRIDGETON,MO,63044,ST. LOUIS,(314) 344-6000,READM_30_PN,Pneumonia (PN) 30-Day Readmission Rate,No Different Than the National Rate,273,14.6,12.2,17.2,Not Applicable,Not Applicable,,07/01/2021,06/30/2024
260105,SSM HEALTH SAINT LOUIS UNIVERSITY HOSPITAL,1201 S GRAND BLVD,SAINT LOUIS,MO,63104,ST. LOUIS CITY,(314) 257-8000,EDAC_30_AMI,Hospital return days for heart attack patients,More Days Than Average per 100 Discharges,90,24.8,3,48.7,88,29,,07/01/2021,06/30/2024
260105,SSM HEALTH SAINT LOUIS UNIVERSITY HOSPITAL,1201 S GRAND BLVD,SAINT LOUIS,MO,63104,ST. LOUIS CITY,(314) 257-8000,EDAC_30_HF,Hospital return days for heart failure patients,More Days Than Average per 100 Discharges,127,28.2,6.9,52.4,111,46,,07/01/2021,06/30/2024
260105,SSM HEALTH SAINT LOUIS UNIVERSITY HOSPITAL,1201 S GRAND BLVD,SAINT LOUIS,MO,63104,ST. LOUIS CITY,(314) 257-8000,EDAC_30_PN,Hospital return days for pneumonia patients,More Days Than Average per 100 Discharges,89,106.9,77.2,139.5,83,29,,07/01/2021,06/30/2024
260105,SSM HEALTH SAINT LOUIS UNIVERSITY HOSPITAL,1201 S GRAND BLVD,SAINT LOUIS,MO,63104,ST. LOUIS CITY,(314) 257-8000,Hybrid_HWR,Hybrid Hospital-Wide All-Cause Readmission Measure (HWR),No Different Than the National Rate,1620,15.6,14.4,16.7,Not Applicable,Not Applicable,,07/01/2023,06/30/2024
260105,SSM HEALTH SAINT LOUIS UNIVERSITY HOSPITAL,1201 S GRAND BLVD,SAINT LOUIS,MO,63104,ST. LOUIS CITY,(314) 257-8000,OP_32,"Rate of unplanned hospital visits after colonoscopy (per 1,000 colonoscopies)",No Different Than the National Rate,426,14.3,10.7,19,Not Applicable,Not Applicable,,01/01/2022,12/31/2024
260105,SSM HEALTH SAINT LOUIS UNIVERSITY HOSPITAL,1201 S GRAND BLVD,SAINT LOUIS,MO,63104,ST. LOUIS CITY,(314) 257-8000,OP_35_ADM,Rate of inpatient admissions for patients receiving outpatient chemotherapy,No Different Than the National Rate,114,12.5,9.2,16.7,Not Applicable,Not Applicable,,01/01/2024,12/31/2024
260105,SSM HEALTH SAINT LOUIS UNIVERSITY HOSPITAL,1201 S GRAND BLVD,SAINT LOUIS,MO,63104,ST. LOUIS CITY,(314) 257-8000,OP_35_ED,Rate of emergency department (ED) visits for patients receiving outpatient chemotherapy,No Different Than the National Rate,114,5.2,3.4,7.8,Not Applicable,Not Applicable,,01/01/2024,12/31/2024
260105,SSM HEALTH SAINT LOUIS UNIVERSITY HOSPITAL,1201 S GRAND BLVD,SAINT LOUIS,MO,63104,ST. LOUIS CITY,(314) 257-8000,OP_36,Ratio of unplanned hospital visits after hospital outpatient surgery,No Different than expected,263,0.9,0.6,1.2,Not Applicable,Not Applicable,,01/01/2024,12/31/2024
260105,SSM HEALTH SAINT LOUIS UNIVERSITY HOSPITAL,1201 S GRAND BLVD,SAINT LOUIS,MO,63104,ST. LOUIS CITY,(314) 257-8000,READM_30_AMI,Acute Myocardial Infarction (AMI) 30-Day Readmission Rate,No Different Than the National Rate,90,14.2,11.4,17.2,Not Applicable,Not Applicable,,07/01/2021,06/30/2024
260105,SSM HEALTH SAINT LOUIS UNIVERSITY HOSPITAL,1201 S GRAND BLVD,SAINT LOUIS,MO,63104,ST. LOUIS CITY,(314) 257-8000,READM_30_CABG,Rate of readmission for CABG,No Different Than the National Rate,41,11,7.9,15.0,Not Applicable,Not Applicable,,07/01/2021,06/30/2024
260105,SSM HEALTH SAINT LOUIS UNIVERSITY HOSPITAL,1201 S GRAND BLVD,SAINT LOUIS,MO,63104,ST. LOUIS CITY,(314) 257-8000,READM_30_COPD,Rate of readmission for chronic obstructive pulmonary disease (COPD) patients,No Different Than the National Rate,37,18.2,14.9,21.8,Not Applicable,Not Applicable,,07/01/2021,06/30/2024
260105,SSM HEALTH SAINT LOUIS UNIVERSITY HOSPITAL,1201 S GRAND BLVD,SAINT LOUIS,MO,63104,ST. LOUIS CITY,(314) 257-8000,READM_30_HF,Heart failure (HF) 30-Day Readmission Rate,No Different Than the National Rate,127,22,18.8,25.5,Not Applicable,Not Applicable,,07/01/2021,06/30/2024
260105,SSM HEALTH SAINT LOUIS UNIVERSITY HOSPITAL,1201 S GRAND BLVD,SAINT LOUIS,MO,63104,ST. LOUIS CITY,(314) 257-8000,READM_30_HIP_KNEE,Rate of readmission after hip/knee replacement,Not Available,Not Available,Not Available,Not Available,Not Available,Not Applicable,Not Applicable,7,07/01/2021,06/30/2024
260105,SSM HEALTH SAINT LOUIS UNIVERSITY HOSPITAL,1201 S GRAND BLVD,SAINT LOUIS,MO,63104,ST. LOUIS CITY,(314) 257-8000,READM_30_PN,Pneumonia (PN) 30-Day Readmission Rate,No Different Than the National Rate,89,17.6,14.6,20.9,Not Applicable,Not Applicable,,07/01/2021,06/30/2024
260108,MISSOURI BAPTIST MEDICAL CENTER,3015 N BALLAS RD,SAINT LOUIS,MO,63131,ST. LOUIS,(314) 996-5000,EDAC_30_AMI,Hospital return days for heart attack patients,Average Days per 100 Discharges,291,-2.8,-13.8,9,282,65,,07/01/2021,06/30/2024
260108,MISSOURI BAPTIST MEDICAL CENTER,3015 N BALLAS RD,SAINT LOUIS,MO,63131,ST. LOUIS,(314) 996-5000,EDAC_30_HF,Hospital return days for heart failure patients,Fewer Days Than Average per 100 Discharges,992,-10.3,-17.3,-3.1,813,223,,07/01/2021,06/30/2024
260108,MISSOURI BAPTIST MEDICAL CENTER,3015 N BALLAS RD,SAINT LOUIS,MO,63131,ST. LOUIS,(314) 996-5000,EDAC_30_PN,Hospital return days for pneumonia patients,More Days Than Average per 100 Discharges,616,20,11.5,28.8,572,124,,07/01/2021,06/30/2024
260108,MISSOURI BAPTIST MEDICAL CENTER,3015 N BALLAS RD,SAINT LOUIS,MO,63131,ST. LOUIS,(314) 996-5000,Hybrid_HWR,Hybrid Hospital-Wide All-Cause Readmission Measure (HWR),No Different Than the National Rate,4916,14.8,14.1,15.6,Not Applicable,Not Applicable,,07/01/2023,06/30/2024
260108,MISSOURI BAPTIST MEDICAL CENTER,3015 N BALLAS RD,SAINT LOUIS,MO,63131,ST. LOUIS,(314) 996-5000,OP_32,"Rate of unplanned hospital visits after colonoscopy (per 1,000 colonoscopies)",No Different Than the National Rate,1716,13.2,10.3,16.8,Not Applicable,Not Applicable,,01/01/2022,12/31/2024
260108,MISSOURI BAPTIST MEDICAL CENTER,3015 N BALLAS RD,SAINT LOUIS,MO,63131,ST. LOUIS,(314) 996-5000,OP_35_ADM,Rate of inpatient admissions for patients receiving outpatient chemotherapy,Worse Than the National Rate,306,14,11.3,17.5,Not Applicable,Not Applicable,,01/01/2024,12/31/2024
260108,MISSOURI BAPTIST MEDICAL CENTER,3015 N BALLAS RD,SAINT LOUIS,MO,63131,ST. LOUIS,(314) 996-5000,OP_35_ED,Rate of emergency department (ED) visits for patients receiving outpatient chemotherapy,No Different Than the National Rate,306,5.2,3.7,7.2,Not Applicable,Not Applicable,,01/01/2024,12/31/2024
260108,MISSOURI BAPTIST MEDICAL CENTER,3015 N BALLAS RD,SAINT LOUIS,MO,63131,ST. LOUIS,(314) 996-5000,OP_36,Ratio of unplanned hospital visits after hospital outpatient surgery,No Different than expected,1088,0.8,0.7,1,Not Applicable,Not Applicable,,01/01/2024,12/31/2024
260108,MISSOURI BAPTIST MEDICAL CENTER,3015 N BALLAS RD,SAINT LOUIS,MO,63131,ST. LOUIS,(314) 996-5000,READM_30_AMI,Acute Myocardial Infarction (AMI) 30-Day Readmission Rate,No Different Than the National Rate,291,14,11.6,16.8,Not Applicable,Not Applicable,,07/01/2021,06/30/2024
260108,MISSOURI BAPTIST MEDICAL CENTER,3015 N BALLAS RD,SAINT LOUIS,MO,63131,ST. LOUIS,(314) 996-5000,READM_30_CABG,Rate of readmission for CABG,No Different Than the National Rate,134,11.4,8.4,14.9,Not Applicable,Not Applicable,,07/01/2021,06/30/2024
260108,MISSOURI BAPTIST MEDICAL CENTER,3015 N BALLAS RD,SAINT LOUIS,MO,63131,ST. LOUIS,(314) 996-5000,READM_30_COPD,Rate of readmission for chronic obstructive pulmonary disease (COPD) patients,No Different Than the National Rate,152,19.7,16.7,23.1,Not Applicable,Not Applicable,,07/01/2021,06/30/2024
260108,MISSOURI BAPTIST MEDICAL CENTER,3015 N BALLAS RD,SAINT LOUIS,MO,63131,ST. LOUIS,(314) 996-5000,READM_30_HF,Heart failure (HF) 30-Day Readmission Rate,No Different Than the National Rate,992,18.5,16.5,20.5,Not Applicable,Not Applicable,,07/01/2021,06/30/2024
260108,MISSOURI BAPTIST MEDICAL CENTER,3015 N BALLAS RD,SAINT LOUIS,MO,63131,ST. LOUIS,(314) 996-5000,READM_30_HIP_KNEE,Rate of readmission after hip/knee replacement,No Different Than the National Rate,163,4.9,3.3,7.1,Not Applicable,Not Applicable,,07/01/2021,06/30/2024
260108,MISSOURI BAPTIST MEDICAL CENTER,3015 N BALLAS RD,SAINT LOUIS,MO,63131,ST. LOUIS,(314) 996-5000,READM_30_PN,Pneumonia (PN) 30-Day Readmission Rate,No Different Than the National Rate,616,15.3,13.2,17.5,Not Applicable,Not Applicable,,07/01/2021,06/30/2024
260110,MERCY HOSPITAL SOUTHEAST,1701 LACEY ST,CAPE GIRARDEAU,MO,63701,CAPE GIRARDEAU,(573) 334-4822,EDAC_30_AMI,Hospital return days for heart attack patients,Average Days per 100 Discharges,132,-11.9,-23,1.7,130,28,,07/01/2021,06/30/2024
260110,MERCY HOSPITAL SOUTHEAST,1701 LACEY ST,CAPE GIRARDEAU,MO,63701,CAPE GIRARDEAU,(573) 334-4822,EDAC_30_HF,Hospital return days for heart failure patients,More Days Than Average per 100 Discharges,234,58.5,42.1,76.1,202,72,,07/01/2021,06/30/2024
260110,MERCY HOSPITAL SOUTHEAST,1701 LACEY ST,CAPE GIRARDEAU,MO,63701,CAPE GIRARDEAU,(573) 334-4822,EDAC_30_PN,Hospital return days for pneumonia patients,More Days Than Average per 100 Discharges,370,26.5,15.4,38.1,345,85,,07/01/2021,06/30/2024
260110,MERCY HOSPITAL SOUTHEAST,1701 LACEY ST,CAPE GIRARDEAU,MO,63701,CAPE GIRARDEAU,(573) 334-4822,Hybrid_HWR,Hybrid Hospital-Wide All-Cause Readmission Measure (HWR),No Different Than the National Rate,1474,15.1,13.8,16.4,Not Applicable,Not Applicable,,07/01/2023,06/30/2024
260110,MERCY HOSPITAL SOUTHEAST,1701 LACEY ST,CAPE GIRARDEAU,MO,63701,CAPE GIRARDEAU,(573) 334-4822,OP_32,"Rate of unplanned hospital visits after colonoscopy (per 1,000 colonoscopies)",No Different Than the National Rate,1074,14.8,11.4,19,Not Applicable,Not Applicable,,01/01/2022,12/31/2024
260110,MERCY HOSPITAL SOUTHEAST,1701 LACEY ST,CAPE GIRARDEAU,MO,63701,CAPE GIRARDEAU,(573) 334-4822,OP_35_ADM,Rate of inpatient admissions for patients receiving outpatient chemotherapy,No Different Than the National Rate,192,9,6.7,11.9,Not Applicable,Not Applicable,,01/01/2024,12/31/2024
260110,MERCY HOSPITAL SOUTHEAST,1701 LACEY ST,CAPE GIRARDEAU,MO,63701,CAPE GIRARDEAU,(573) 334-4822,OP_35_ED,Rate of emergency department (ED) visits for patients receiving outpatient chemotherapy,No Different Than the National Rate,192,5.3,3.7,7.6,Not Applicable,Not Applicable,,01/01/2024,12/31/2024
260110,MERCY HOSPITAL SOUTHEAST,1701 LACEY ST,CAPE GIRARDEAU,MO,63701,CAPE GIRARDEAU,(573) 334-4822,OP_36,Ratio of unplanned hospital visits after hospital outpatient surgery,No Different than expected,488,1,0.8,1.4,Not Applicable,Not Applicable,,01/01/2024,12/31/2024
260110,MERCY HOSPITAL SOUTHEAST,1701 LACEY ST,CAPE GIRARDEAU,MO,63701,CAPE GIRARDEAU,(573) 334-4822,READM_30_AMI,Acute Myocardial Infarction (AMI) 30-Day Readmission Rate,No Different Than the National Rate,132,13.3,10.5,16.5,Not Applicable,Not Applicable,,07/01/2021,06/30/2024
260110,MERCY HOSPITAL SOUTHEAST,1701 LACEY ST,CAPE GIRARDEAU,MO,63701,CAPE GIRARDEAU,(573) 334-4822,READM_30_CABG,Rate of readmission for CABG,No Different Than the National Rate,71,9.5,6.8,13.3,Not Applicable,Not Applicable,,07/01/2021,06/30/2024
260110,MERCY HOSPITAL SOUTHEAST,1701 LACEY ST,CAPE GIRARDEAU,MO,63701,CAPE GIRARDEAU,(573) 334-4822,READM_30_COPD,Rate of readmission for chronic obstructive pulmonary disease (COPD) patients,No Different Than the National Rate,134,18.1,14.9,21.8,Not Applicable,Not Applicable,,07/01/2021,06/30/2024
260110,MERCY HOSPITAL SOUTHEAST,1701 LACEY ST,CAPE GIRARDEAU,MO,63701,CAPE GIRARDEAU,(573) 334-4822,READM_30_HF,Heart failure (HF) 30-Day Readmission Rate,No Different Than the National Rate,234,21.9,18.8,25.4,Not Applicable,Not Applicable,,07/01/2021,06/30/2024
260110,MERCY HOSPITAL SOUTHEAST,1701 LACEY ST,CAPE GIRARDEAU,MO,63701,CAPE GIRARDEAU,(573) 334-4822,READM_30_HIP_KNEE,Rate of readmission after hip/knee replacement,No Different Than the National Rate,38,4.8,2.9,7.8,Not Applicable,Not Applicable,,07/01/2021,06/30/2024
260110,MERCY HOSPITAL SOUTHEAST,1701 LACEY ST,CAPE GIRARDEAU,MO,63701,CAPE GIRARDEAU,(573) 334-4822,READM_30_PN,Pneumonia (PN) 30-Day Readmission Rate,No Different Than the National Rate,370,16.9,14.3,19.7,Not Applicable,Not Applicable,,07/01/2021,06/30/2024
260113,MISSOURI DELTA MEDICAL CENTER,1008 NORTH MAIN ST,SIKESTON,MO,63801,SCOTT,(573) 472-7586,EDAC_30_AMI,Hospital return days for heart attack patients,Number of Cases Too Small,Not Available,Not Available,Not Available,Not Available,Not Available,Not Available,1,07/01/2021,06/30/2024
260113,MISSOURI DELTA MEDICAL CENTER,1008 NORTH MAIN ST,SIKESTON,MO,63801,SCOTT,(573) 472-7586,EDAC_30_HF,Hospital return days for heart failure patients,Average Days per 100 Discharges,131,1.8,-16.1,22.4,112,43,,07/01/2021,06/30/2024
260113,MISSOURI DELTA MEDICAL CENTER,1008 NORTH MAIN ST,SIKESTON,MO,63801,SCOTT,(573) 472-7586,EDAC_30_PN,Hospital return days for pneumonia patients,Average Days per 100 Discharges,167,1.4,-13.3,18,152,39,,07/01/2021,06/30/2024
260113,MISSOURI DELTA MEDICAL CENTER,1008 NORTH MAIN ST,SIKESTON,MO,63801,SCOTT,(573) 472-7586,Hybrid_HWR,Hybrid Hospital-Wide All-Cause Readmission Measure (HWR),No Different Than the National Rate,603,15.3,13.9,16.9,Not Applicable,Not Applicable,,07/01/2023,06/30/2024
260113,MISSOURI DELTA MEDICAL CENTER,1008 NORTH MAIN ST,SIKESTON,MO,63801,SCOTT,(573) 472-7586,OP_32,"Rate of unplanned hospital visits after colonoscopy (per 1,000 colonoscopies)",No Different Than the National Rate,480,12.5,9.3,16.8,Not Applicable,Not Applicable,,01/01/2022,12/31/2024
260113,MISSOURI DELTA MEDICAL CENTER,1008 NORTH MAIN ST,SIKESTON,MO,63801,SCOTT,(573) 472-7586,OP_35_ADM,Rate of inpatient admissions for patients receiving outpatient chemotherapy,No Different Than the National Rate,33,10.9,7.5,15.9,Not Applicable,Not Applicable,,01/01/2024,12/31/2024
260113,MISSOURI DELTA MEDICAL CENTER,1008 NORTH MAIN ST,SIKESTON,MO,63801,SCOTT,(573) 472-7586,OP_35_ED,Rate of emergency department (ED) visits for patients receiving outpatient chemotherapy,No Different Than the National Rate,33,5.7,3.6,9.1,Not Applicable,Not Applicable,,01/01/2024,12/31/2024
260113,MISSOURI DELTA MEDICAL CENTER,1008 NORTH MAIN ST,SIKESTON,MO,63801,SCOTT,(573) 472-7586,OP_36,Ratio of unplanned hospital visits after hospital outpatient surgery,No Different than expected,152,0.9,0.6,1.2,Not Applicable,Not Applicable,,01/01/2024,12/31/2024
260113,MISSOURI DELTA MEDICAL CENTER,1008 NORTH MAIN ST,SIKESTON,MO,63801,SCOTT,(573) 472-7586,READM_30_AMI,Acute Myocardial Infarction (AMI) 30-Day Readmission Rate,Number of Cases Too Small,Not Available,Not Available,Not Available,Not Available,Not Applicable,Not Applicable,1,07/01/2021,06/30/2024
260113,MISSOURI DELTA MEDICAL CENTER,1008 NORTH MAIN ST,SIKESTON,MO,63801,SCOTT,(573) 472-7586,READM_30_CABG,Rate of readmission for CABG,Not Available,Not Available,Not Available,Not Available,Not Available,Not Applicable,Not Applicable,5,07/01/2021,06/30/2024
260113,MISSOURI DELTA MEDICAL CENTER,1008 NORTH MAIN ST,SIKESTON,MO,63801,SCOTT,(573) 472-7586,READM_30_COPD,Rate of readmission for chronic obstructive pulmonary disease (COPD) patients,No Different Than the National Rate,84,17.6,14.5,21.1,Not Applicable,Not Applicable,,07/01/2021,06/30/2024
260113,MISSOURI DELTA MEDICAL CENTER,1008 NORTH MAIN ST,SIKESTON,MO,63801,SCOTT,(573) 472-7586,READM_30_HF,Heart failure (HF) 30-Day Readmission Rate,No Different Than the National Rate,131,20.1,17.0,23.7,Not Applicable,Not Applicable,,07/01/2021,06/30/2024
260113,MISSOURI DELTA MEDICAL CENTER,1008 NORTH MAIN ST,SIKESTON,MO,63801,SCOTT,(573) 472-7586,READM_30_HIP_KNEE,Rate of readmission after hip/knee replacement,Number of Cases Too Small,Not Available,Not Available,Not Available,Not Available,Not Applicable,Not Applicable,1,07/01/2021,06/30/2024
260113,MISSOURI DELTA MEDICAL CENTER,1008 NORTH MAIN ST,SIKESTON,MO,63801,SCOTT,(573) 472-7586,READM_30_PN,Pneumonia (PN) 30-Day Readmission Rate,No Different Than the National Rate,167,15.7,13.0,19.0,Not Applicable,Not Applicable,,07/01/2021,06/30/2024
260119,POPLAR BLUFF REGIONAL MEDICAL CENTER,3100 OAK GROVE ROAD,POPLAR BLUFF,MO,63901,BUTLER,(573) 785-7721,EDAC_30_AMI,Hospital return days for heart attack patients,More Days Than Average per 100 Discharges,167,24.9,9.2,42.6,159,45,,07/01/2021,06/30/2024
260119,POPLAR BLUFF REGIONAL MEDICAL CENTER,3100 OAK GROVE ROAD,POPLAR BLUFF,MO,63901,BUTLER,(573) 785-7721,EDAC_30_HF,Hospital return days for heart failure patients,Average Days per 100 Discharges,346,8.6,-4.3,21.5,285,111,,07/01/2021,06/30/2024
260119,POPLAR BLUFF REGIONAL MEDICAL CENTER,3100 OAK GROVE ROAD,POPLAR BLUFF,MO,63901,BUTLER,(573) 785-7721,EDAC_30_PN,Hospital return days for pneumonia patients,Average Days per 100 Discharges,523,-0.9,-9.7,8,452,127,,07/01/2021,06/30/2024
260119,POPLAR BLUFF REGIONAL MEDICAL CENTER,3100 OAK GROVE ROAD,POPLAR BLUFF,MO,63901,BUTLER,(573) 785-7721,Hybrid_HWR,Hybrid Hospital-Wide All-Cause Readmission Measure (HWR),No Different Than the National Rate,1516,15.8,14.6,17.0,Not Applicable,Not Applicable,,07/01/2023,06/30/2024
260119,POPLAR BLUFF REGIONAL MEDICAL CENTER,3100 OAK GROVE ROAD,POPLAR BLUFF,MO,63901,BUTLER,(573) 785-7721,OP_32,"Rate of unplanned hospital visits after colonoscopy (per 1,000 colonoscopies)",No Different Than the National Rate,685,11.8,9,15.5,Not Applicable,Not Applicable,,01/01/2022,12/31/2024
260119,POPLAR BLUFF REGIONAL MEDICAL CENTER,3100 OAK GROVE ROAD,POPLAR BLUFF,MO,63901,BUTLER,(573) 785-7721,OP_35_ADM,Rate of inpatient admissions for patients receiving outpatient chemotherapy,No Different Than the National Rate,61,11.7,8.5,16.2,Not Applicable,Not Applicable,,01/01/2024,12/31/2024
260119,POPLAR BLUFF REGIONAL MEDICAL CENTER,3100 OAK GROVE ROAD,POPLAR BLUFF,MO,63901,BUTLER,(573) 785-7721,OP_35_ED,Rate of emergency department (ED) visits for patients receiving outpatient chemotherapy,No Different Than the National Rate,61,4.4,2.9,6.9,Not Applicable,Not Applicable,,01/01/2024,12/31/2024
260119,POPLAR BLUFF REGIONAL MEDICAL CENTER,3100 OAK GROVE ROAD,POPLAR BLUFF,MO,63901,BUTLER,(573) 785-7721,OP_36,Ratio of unplanned hospital visits after hospital outpatient surgery,No Different than expected,99,1.1,0.7,1.5,Not Applicable,Not Applicable,,01/01/2024,12/31/2024
260119,POPLAR BLUFF REGIONAL MEDICAL CENTER,3100 OAK GROVE ROAD,POPLAR BLUFF,MO,63901,BUTLER,(573) 785-7721,READM_30_AMI,Acute Myocardial Infarction (AMI) 30-Day Readmission Rate,No Different Than the National Rate,167,13.5,10.9,16.5,Not Applicable,Not Applicable,,07/01/2021,06/30/2024
260119,POPLAR BLUFF REGIONAL MEDICAL CENTER,3100 OAK GROVE ROAD,POPLAR BLUFF,MO,63901,BUTLER,(573) 785-7721,READM_30_CABG,Rate of readmission for CABG,Not Available,Not Available,Not Available,Not Available,Not Available,Not Applicable,Not Applicable,5,07/01/2021,06/30/2024
260119,POPLAR BLUFF REGIONAL MEDICAL CENTER,3100 OAK GROVE ROAD,POPLAR BLUFF,MO,63901,BUTLER,(573) 785-7721,READM_30_COPD,Rate of readmission for chronic obstructive pulmonary disease (COPD) patients,No Different Than the National Rate,144,18.7,15.6,22.2,Not Applicable,Not Applicable,,07/01/2021,06/30/2024
260119,POPLAR BLUFF REGIONAL MEDICAL CENTER,3100 OAK GROVE ROAD,POPLAR BLUFF,MO,63901,BUTLER,(573) 785-7721,READM_30_HF,Heart failure (HF) 30-Day Readmission Rate,No Different Than the National Rate,346,20.3,17.5,23.2,Not Applicable,Not Applicable,,07/01/2021,06/30/2024
260119,POPLAR BLUFF REGIONAL MEDICAL CENTER,3100 OAK GROVE ROAD,POPLAR BLUFF,MO,63901,BUTLER,(573) 785-7721,READM_30_HIP_KNEE,Rate of readmission after hip/knee replacement,Number of Cases Too Small,Not Available,Not Available,Not Available,Not Available,Not Applicable,Not Applicable,1,07/01/2021,06/30/2024
260119,POPLAR BLUFF REGIONAL MEDICAL CENTER,3100 OAK GROVE ROAD,POPLAR BLUFF,MO,63901,BUTLER,(573) 785-7721,READM_30_PN,Pneumonia (PN) 30-Day Readmission Rate,No Different Than the National Rate,523,15.2,13.1,17.5,Not Applicable,Not Applicable,,07/01/2021,06/30/2024
260137,FREEMAN HEALTH SYSTEM - FREEMAN WEST,1102 WEST 32ND STREET,JOPLIN,MO,64804,JASPER,(417) 347-1111,EDAC_30_AMI,Hospital return days for heart attack patients,Fewer Days Than Average per 100 Discharges,274,-18.1,-27.6,-7.1,269,70,,07/01/2021,06/30/2024
260137,FREEMAN HEALTH SYSTEM - FREEMAN WEST,1102 WEST 32ND STREET,JOPLIN,MO,64804,JASPER,(417) 347-1111,EDAC_30_HF,Hospital return days for heart failure patients,More Days Than Average per 100 Discharges,558,20.5,10.6,31.4,435,139,,07/01/2021,06/30/2024
260137,FREEMAN HEALTH SYSTEM - FREEMAN WEST,1102 WEST 32ND STREET,JOPLIN,MO,64804,JASPER,(417) 347-1111,EDAC_30_PN,Hospital return days for pneumonia patients,Average Days per 100 Discharges,342,-5.5,-15.7,6,313,74,,07/01/2021,06/30/2024
260137,FREEMAN HEALTH SYSTEM - FREEMAN WEST,1102 WEST 32ND STREET,JOPLIN,MO,64804,JASPER,(417) 347-1111,Hybrid_HWR,Hybrid Hospital-Wide All-Cause Readmission Measure (HWR),No Different Than the National Rate,2626,14.5,13.6,15.6,Not Applicable,Not Applicable,,07/01/2023,06/30/2024
260137,FREEMAN HEALTH SYSTEM - FREEMAN WEST,1102 WEST 32ND STREET,JOPLIN,MO,64804,JASPER,(417) 347-1111,OP_32,"Rate of unplanned hospital visits after colonoscopy (per 1,000 colonoscopies)",No Different Than the National Rate,639,14.1,10.7,18.4,Not Applicable,Not Applicable,,01/01/2022,12/31/2024
260137,FREEMAN HEALTH SYSTEM - FREEMAN WEST,1102 WEST 32ND STREET,JOPLIN,MO,64804,JASPER,(417) 347-1111,OP_35_ADM,Rate of inpatient admissions for patients receiving outpatient chemotherapy,No Different Than the National Rate,266,10.2,7.8,13.3,Not Applicable,Not Applicable,,01/01/2024,12/31/2024
260137,FREEMAN HEALTH SYSTEM - FREEMAN WEST,1102 WEST 32ND STREET,JOPLIN,MO,64804,JASPER,(417) 347-1111,OP_35_ED,Rate of emergency department (ED) visits for patients receiving outpatient chemotherapy,No Different Than the National Rate,266,6.3,4.5,8.5,Not Applicable,Not Applicable,,01/01/2024,12/31/2024
260137,FREEMAN HEALTH SYSTEM - FREEMAN WEST,1102 WEST 32ND STREET,JOPLIN,MO,64804,JASPER,(417) 347-1111,OP_36,Ratio of unplanned hospital visits after hospital outpatient surgery,No Different than expected,651,1,0.8,1.3,Not Applicable,Not Applicable,,01/01/2024,12/31/2024
260137,FREEMAN HEALTH SYSTEM - FREEMAN WEST,1102 WEST 32ND STREET,JOPLIN,MO,64804,JASPER,(417) 347-1111,READM_30_AMI,Acute Myocardial Infarction (AMI) 30-Day Readmission Rate,No Different Than the National Rate,274,12.8,10.6,15.2,Not Applicable,Not Applicable,,07/01/2021,06/30/2024
260137,FREEMAN HEALTH SYSTEM - FREEMAN WEST,1102 WEST 32ND STREET,JOPLIN,MO,64804,JASPER,(417) 347-1111,READM_30_CABG,Rate of readmission for CABG,No Different Than the National Rate,44,10.5,7.4,14.8,Not Applicable,Not Applicable,,07/01/2021,06/30/2024
260137,FREEMAN HEALTH SYSTEM - FREEMAN WEST,1102 WEST 32ND STREET,JOPLIN,MO,64804,JASPER,(417) 347-1111,READM_30_COPD,Rate of readmission for chronic obstructive pulmonary disease (COPD) patients,No Different Than the National Rate,166,17.7,15.0,21.0,Not Applicable,Not Applicable,,07/01/2021,06/30/2024
260137,FREEMAN HEALTH SYSTEM - FREEMAN WEST,1102 WEST 32ND STREET,JOPLIN,MO,64804,JASPER,(417) 347-1111,READM_30_HF,Heart failure (HF) 30-Day Readmission Rate,No Different Than the National Rate,558,19.2,16.9,21.8,Not Applicable,Not Applicable,,07/01/2021,06/30/2024
260137,FREEMAN HEALTH SYSTEM - FREEMAN WEST,1102 WEST 32ND STREET,JOPLIN,MO,64804,JASPER,(417) 347-1111,READM_30_HIP_KNEE,Rate of readmission after hip/knee replacement,No Different Than the National Rate,244,3.9,2.6,5.7,Not Applicable,Not Applicable,,07/01/2021,06/30/2024
260137,FREEMAN HEALTH SYSTEM - FREEMAN WEST,1102 WEST 32ND STREET,JOPLIN,MO,64804,JASPER,(417) 347-1111,READM_30_PN,Pneumonia (PN) 30-Day Readmission Rate,No Different Than the National Rate,342,16.2,13.8,18.9,Not Applicable,Not Applicable,,07/01/2021,06/30/2024
260138,ST LUKES HOSPITAL OF KANSAS CITY,4401 WORNALL ROAD,KANSAS CITY,MO,64111,JACKSON,(816) 932-2000,EDAC_30_AMI,Hospital return days for heart attack patients,Average Days per 100 Discharges,244,8.3,-3.2,21.8,235,66,,07/01/2021,06/30/2024
260138,ST LUKES HOSPITAL OF KANSAS CITY,4401 WORNALL ROAD,KANSAS CITY,MO,64111,JACKSON,(816) 932-2000,EDAC_30_HF,Hospital return days for heart failure patients,Average Days per 100 Discharges,562,-8.2,-17.2,1.8,457,151,,07/01/2021,06/30/2024
260138,ST LUKES HOSPITAL OF KANSAS CITY,4401 WORNALL ROAD,KANSAS CITY,MO,64111,JACKSON,(816) 932-2000,EDAC_30_PN,Hospital return days for pneumonia patients,More Days Than Average per 100 Discharges,235,14.1,0.2,28.7,217,56,,07/01/2021,06/30/2024
260138,ST LUKES HOSPITAL OF KANSAS CITY,4401 WORNALL ROAD,KANSAS CITY,MO,64111,JACKSON,(816) 932-2000,Hybrid_HWR,Hybrid Hospital-Wide All-Cause Readmission Measure (HWR),No Different Than the National Rate,3431,14.5,13.6,15.5,Not Applicable,Not Applicable,,07/01/2023,06/30/2024
260138,ST LUKES HOSPITAL OF KANSAS CITY,4401 WORNALL ROAD,KANSAS CITY,MO,64111,JACKSON,(816) 932-2000,OP_32,"Rate of unplanned hospital visits after colonoscopy (per 1,000 colonoscopies)",No Different Than the National Rate,962,13.5,10.3,17.6,Not Applicable,Not Applicable,,01/01/2022,12/31/2024
260138,ST LUKES HOSPITAL OF KANSAS CITY,4401 WORNALL ROAD,KANSAS CITY,MO,64111,JACKSON,(816) 932-2000,OP_35_ADM,Rate of inpatient admissions for patients receiving outpatient chemotherapy,No Different Than the National Rate,609,10.4,8.6,12.5,Not Applicable,Not Applicable,,01/01/2024,12/31/2024
260138,ST LUKES HOSPITAL OF KANSAS CITY,4401 WORNALL ROAD,KANSAS CITY,MO,64111,JACKSON,(816) 932-2000,OP_35_ED,Rate of emergency department (ED) visits for patients receiving outpatient chemotherapy,No Different Than the National Rate,609,5.7,4.4,7.2,Not Applicable,Not Applicable,,01/01/2024,12/31/2024
260138,ST LUKES HOSPITAL OF KANSAS CITY,4401 WORNALL ROAD,KANSAS CITY,MO,64111,JACKSON,(816) 932-2000,OP_36,Ratio of unplanned hospital visits after hospital outpatient surgery,No Different than expected,612,1,0.8,1.3,Not Applicable,Not Applicable,,01/01/2024,12/31/2024
260138,ST LUKES HOSPITAL OF KANSAS CITY,4401 WORNALL ROAD,KANSAS CITY,MO,64111,JACKSON,(816) 932-2000,READM_30_AMI,Acute Myocardial Infarction (AMI) 30-Day Readmission Rate,No Different Than the National Rate,244,12.9,10.7,15.6,Not Applicable,Not Applicable,,07/01/2021,06/30/2024
260138,ST LUKES HOSPITAL OF KANSAS CITY,4401 WORNALL ROAD,KANSAS CITY,MO,64111,JACKSON,(816) 932-2000,READM_30_CABG,Rate of readmission for CABG,No Different Than the National Rate,199,10,7.6,13.1,Not Applicable,Not Applicable,,07/01/2021,06/30/2024
260138,ST LUKES HOSPITAL OF KANSAS CITY,4401 WORNALL ROAD,KANSAS CITY,MO,64111,JACKSON,(816) 932-2000,READM_30_COPD,Rate of readmission for chronic obstructive pulmonary disease (COPD) patients,No Different Than the National Rate,84,17.9,14.6,21.5,Not Applicable,Not Applicable,,07/01/2021,06/30/2024
260138,ST LUKES HOSPITAL OF KANSAS CITY,4401 WORNALL ROAD,KANSAS CITY,MO,64111,JACKSON,(816) 932-2000,READM_30_HF,Heart failure (HF) 30-Day Readmission Rate,No Different Than the National Rate,562,18.8,16.6,21.4,Not Applicable,Not Applicable,,07/01/2021,06/30/2024
260138,ST LUKES HOSPITAL OF KANSAS CITY,4401 WORNALL ROAD,KANSAS CITY,MO,64111,JACKSON,(816) 932-2000,READM_30_HIP_KNEE,Rate of readmission after hip/knee replacement,No Different Than the National Rate,53,5.1,3.2,8.0,Not Applicable,Not Applicable,,07/01/2021,06/30/2024
260138,ST LUKES HOSPITAL OF KANSAS CITY,4401 WORNALL ROAD,KANSAS CITY,MO,64111,JACKSON,(816) 932-2000,READM_30_PN,Pneumonia (PN) 30-Day Readmission Rate,No Different Than the National Rate,235,15.4,13.0,18.1,Not Applicable,Not Applicable,,07/01/2021,06/30/2024
260141,UNIVERSITY OF MISSOURI HEALTH CARE,ONE HOSPITAL DRIVE,COLUMBIA,MO,65212,BOONE,(573) 882-4141,EDAC_30_AMI,Hospital return days for heart attack patients,More Days Than Average per 100 Discharges,213,15.1,1.9,29.2,212,52,,07/01/2021,06/30/2024
260141,UNIVERSITY OF MISSOURI HEALTH CARE,ONE HOSPITAL DRIVE,COLUMBIA,MO,65212,BOONE,(573) 882-4141,EDAC_30_HF,Hospital return days for heart failure patients,More Days Than Average per 100 Discharges,375,26.4,14.2,39.8,316,116,,07/01/2021,06/30/2024
260141,UNIVERSITY OF MISSOURI HEALTH CARE,ONE HOSPITAL DRIVE,COLUMBIA,MO,65212,BOONE,(573) 882-4141,EDAC_30_PN,Hospital return days for pneumonia patients,Average Days per 100 Discharges,399,-1,-10.8,9.5,368,89,,07/01/2021,06/30/2024
260141,UNIVERSITY OF MISSOURI HEALTH CARE,ONE HOSPITAL DRIVE,COLUMBIA,MO,65212,BOONE,(573) 882-4141,Hybrid_HWR,Hybrid Hospital-Wide All-Cause Readmission Measure (HWR),No Different Than the National Rate,3590,15.2,14.3,16.1,Not Applicable,Not Applicable,,07/01/2023,06/30/2024
260141,UNIVERSITY OF MISSOURI HEALTH CARE,ONE HOSPITAL DRIVE,COLUMBIA,MO,65212,BOONE,(573) 882-4141,OP_32,"Rate of unplanned hospital visits after colonoscopy (per 1,000 colonoscopies)",No Different Than the National Rate,1042,13.3,10.2,17.3,Not Applicable,Not Applicable,,01/01/2022,12/31/2024
260141,UNIVERSITY OF MISSOURI HEALTH CARE,ONE HOSPITAL DRIVE,COLUMBIA,MO,65212,BOONE,(573) 882-4141,OP_35_ADM,Rate of inpatient admissions for patients receiving outpatient chemotherapy,No Different Than the National Rate,438,11.7,9.5,14.3,Not Applicable,Not Applicable,,01/01/2024,12/31/2024
260141,UNIVERSITY OF MISSOURI HEALTH CARE,ONE HOSPITAL DRIVE,COLUMBIA,MO,65212,BOONE,(573) 882-4141,OP_35_ED,Rate of emergency department (ED) visits for patients receiving outpatient chemotherapy,No Different Than the National Rate,438,5.5,4.1,7.3,Not Applicable,Not Applicable,,01/01/2024,12/31/2024
260141,UNIVERSITY OF MISSOURI HEALTH CARE,ONE HOSPITAL DRIVE,COLUMBIA,MO,65212,BOONE,(573) 882-4141,OP_36,Ratio of unplanned hospital visits after hospital outpatient surgery,No Different than expected,1629,0.8,0.7,1,Not Applicable,Not Applicable,,01/01/2024,12/31/2024
260141,UNIVERSITY OF MISSOURI HEALTH CARE,ONE HOSPITAL DRIVE,COLUMBIA,MO,65212,BOONE,(573) 882-4141,READM_30_AMI,Acute Myocardial Infarction (AMI) 30-Day Readmission Rate,No Different Than the National Rate,213,13.7,11.2,16.6,Not Applicable,Not Applicable,,07/01/2021,06/30/2024
260141,UNIVERSITY OF MISSOURI HEALTH CARE,ONE HOSPITAL DRIVE,COLUMBIA,MO,65212,BOONE,(573) 882-4141,READM_30_CABG,Rate of readmission for CABG,No Different Than the National Rate,53,10.9,7.7,14.9,Not Applicable,Not Applicable,,07/01/2021,06/30/2024
260141,UNIVERSITY OF MISSOURI HEALTH CARE,ONE HOSPITAL DRIVE,COLUMBIA,MO,65212,BOONE,(573) 882-4141,READM_30_COPD,Rate of readmission for chronic obstructive pulmonary disease (COPD) patients,No Different Than the National Rate,231,19,16.3,22.0,Not Applicable,Not Applicable,,07/01/2021,06/30/2024
260141,UNIVERSITY OF MISSOURI HEALTH CARE,ONE HOSPITAL DRIVE,COLUMBIA,MO,65212,BOONE,(573) 882-4141,READM_30_HF,Heart failure (HF) 30-Day Readmission Rate,No Different Than the National Rate,375,21,18.3,23.9,Not Applicable,Not Applicable,,07/01/2021,06/30/2024
260141,UNIVERSITY OF MISSOURI HEALTH CARE,ONE HOSPITAL DRIVE,COLUMBIA,MO,65212,BOONE,(573) 882-4141,READM_30_HIP_KNEE,Rate of readmission after hip/knee replacement,No Different Than the National Rate,74,5.2,3.3,8.1,Not Applicable,Not Applicable,,07/01/2021,06/30/2024
260141,UNIVERSITY OF MISSOURI HEALTH CARE,ONE HOSPITAL DRIVE,COLUMBIA,MO,65212,BOONE,(573) 882-4141,READM_30_PN,Pneumonia (PN) 30-Day Readmission Rate,No Different Than the National Rate,399,15.6,13.3,18.1,Not Applicable,Not Applicable,,07/01/2021,06/30/2024
260142,FITZGIBBON HOSPITAL,2305 S 65 HIGHWAY,MARSHALL,MO,65340,SALINE,(660) 886-7431,EDAC_30_AMI,Hospital return days for heart attack patients,Number of Cases Too Small,Not Available,Not Available,Not Available,Not Available,Not Available,Not Available,1,07/01/2021,06/30/2024
260142,FITZGIBBON HOSPITAL,2305 S 65 HIGHWAY,MARSHALL,MO,65340,SALINE,(660) 886-7431,EDAC_30_HF,Hospital return days for heart failure patients,More Days Than Average per 100 Discharges,56,30.1,2.3,61.6,47,21,,07/01/2021,06/30/2024
260142,FITZGIBBON HOSPITAL,2305 S 65 HIGHWAY,MARSHALL,MO,65340,SALINE,(660) 886-7431,EDAC_30_PN,Hospital return days for pneumonia patients,Average Days per 100 Discharges,113,-1.8,-18.1,17.3,89,21,,07/01/2021,06/30/2024
260142,FITZGIBBON HOSPITAL,2305 S 65 HIGHWAY,MARSHALL,MO,65340,SALINE,(660) 886-7431,Hybrid_HWR,Hybrid Hospital-Wide All-Cause Readmission Measure (HWR),No Different Than the National Rate,274,15.6,13.7,17.7,Not Applicable,Not Applicable,,07/01/2023,06/30/2024
260142,FITZGIBBON HOSPITAL,2305 S 65 HIGHWAY,MARSHALL,MO,65340,SALINE,(660) 886-7431,OP_32,"Rate of unplanned hospital visits after colonoscopy (per 1,000 colonoscopies)",No Different Than the National Rate,243,13.8,10.2,18.5,Not Applicable,Not Applicable,,01/01/2022,12/31/2024
260142,FITZGIBBON HOSPITAL,2305 S 65 HIGHWAY,MARSHALL,MO,65340,SALINE,(660) 886-7431,OP_35_ADM,Rate of inpatient admissions for patients receiving outpatient chemotherapy,No Different Than the National Rate,40,12.4,8.5,18,Not Applicable,Not Applicable,,01/01/2024,12/31/2024
260142,FITZGIBBON HOSPITAL,2305 S 65 HIGHWAY,MARSHALL,MO,65340,SALINE,(660) 886-7431,OP_35_ED,Rate of emergency department (ED) visits for patients receiving outpatient chemotherapy,No Different Than the National Rate,40,5.6,3.5,8.6,Not Applicable,Not Applicable,,01/01/2024,12/31/2024
260142,FITZGIBBON HOSPITAL,2305 S 65 HIGHWAY,MARSHALL,MO,65340,SALINE,(660) 886-7431,OP_36,Ratio of unplanned hospital visits after hospital outpatient surgery,No Different than expected,36,1,0.7,1.5,Not Applicable,Not Applicable,,01/01/2024,12/31/2024
260142,FITZGIBBON HOSPITAL,2305 S 65 HIGHWAY,MARSHALL,MO,65340,SALINE,(660) 886-7431,READM_30_AMI,Acute Myocardial Infarction (AMI) 30-Day Readmission Rate,Number of Cases Too Small,Not Available,Not Available,Not Available,Not Available,Not Applicable,Not Applicable,1,07/01/2021,06/30/2024
260142,FITZGIBBON HOSPITAL,2305 S 65 HIGHWAY,MARSHALL,MO,65340,SALINE,(660) 886-7431,READM_30_CABG,Rate of readmission for CABG,Not Available,Not Available,Not Available,Not Available,Not Available,Not Applicable,Not Applicable,5,07/01/2021,06/30/2024
260142,FITZGIBBON HOSPITAL,2305 S 65 HIGHWAY,MARSHALL,MO,65340,SALINE,(660) 886-7431,READM_30_COPD,Rate of readmission for chronic obstructive pulmonary disease (COPD) patients,No Different Than the National Rate,39,18.7,15.3,23.0,Not Applicable,Not Applicable,,07/01/2021,06/30/2024
260142,FITZGIBBON HOSPITAL,2305 S 65 HIGHWAY,MARSHALL,MO,65340,SALINE,(660) 886-7431,READM_30_HF,Heart failure (HF) 30-Day Readmission Rate,No Different Than the National Rate,56,20.5,16.8,24.6,Not Applicable,Not Applicable,,07/01/2021,06/30/2024
260142,FITZGIBBON HOSPITAL,2305 S 65 HIGHWAY,MARSHALL,MO,65340,SALINE,(660) 886-7431,READM_30_HIP_KNEE,Rate of readmission after hip/knee replacement,Number of Cases Too Small,Not Available,Not Available,Not Available,Not Available,Not Applicable,Not Applicable,1,07/01/2021,06/30/2024
260142,FITZGIBBON HOSPITAL,2305 S 65 HIGHWAY,MARSHALL,MO,65340,SALINE,(660) 886-7431,READM_30_PN,Pneumonia (PN) 30-Day Readmission Rate,No Different Than the National Rate,113,16.1,13.0,19.6,Not Applicable,Not Applicable,,07/01/2021,06/30/2024
260160,MERCY HOSPITAL STODDARD,1200 N ONE MILE RD,DEXTER,MO,63841,STODDARD,(573) 624-5566,EDAC_30_AMI,Hospital return days for heart attack patients,Number of Cases Too Small,Not Available,Not Available,Not Available,Not Available,Not Available,Not Available,1,07/01/2021,06/30/2024
260160,MERCY HOSPITAL STODDARD,1200 N ONE MILE RD,DEXTER,MO,63841,STODDARD,(573) 624-5566,EDAC_30_HF,Hospital return days for heart failure patients,Number of Cases Too Small,Not Available,Not Available,Not Available,Not Available,Not Available,Not Available,1,07/01/2021,06/30/2024
260160,MERCY HOSPITAL STODDARD,1200 N ONE MILE RD,DEXTER,MO,63841,STODDARD,(573) 624-5566,EDAC_30_PN,Hospital return days for pneumonia patients,Average Days per 100 Discharges,64,-15.2,-32,6.6,63,14,,07/01/2021,06/30/2024
260160,MERCY HOSPITAL STODDARD,1200 N ONE MILE RD,DEXTER,MO,63841,STODDARD,(573) 624-5566,Hybrid_HWR,Hybrid Hospital-Wide All-Cause Readmission Measure (HWR),No Different Than the National Rate,123,14.7,12.8,17.0,Not Applicable,Not Applicable,,07/01/2023,06/30/2024
260160,MERCY HOSPITAL STODDARD,1200 N ONE MILE RD,DEXTER,MO,63841,STODDARD,(573) 624-5566,OP_32,"Rate of unplanned hospital visits after colonoscopy (per 1,000 colonoscopies)",No Different Than the National Rate,58,13.4,9.9,18.2,Not Applicable,Not Applicable,,01/01/2022,12/31/2024
260160,MERCY HOSPITAL STODDARD,1200 N ONE MILE RD,DEXTER,MO,63841,STODDARD,(573) 624-5566,OP_35_ADM,Rate of inpatient admissions for patients receiving outpatient chemotherapy,No Different Than the National Rate,48,10.5,7.5,14.5,Not Applicable,Not Applicable,,01/01/2024,12/31/2024
260160,MERCY HOSPITAL STODDARD,1200 N ONE MILE RD,DEXTER,MO,63841,STODDARD,(573) 624-5566,OP_35_ED,Rate of emergency department (ED) visits for patients receiving outpatient chemotherapy,No Different Than the National Rate,48,5.8,3.9,8.6,Not Applicable,Not Applicable,,01/01/2024,12/31/2024
260160,MERCY HOSPITAL STODDARD,1200 N ONE MILE RD,DEXTER,MO,63841,STODDARD,(573) 624-5566,OP_36,Ratio of unplanned hospital visits after hospital outpatient surgery,Not Available,Not Available,Not Available,Not Available,Not Available,Not Applicable,Not Applicable,5,01/01/2024,12/31/2024
260160,MERCY HOSPITAL STODDARD,1200 N ONE MILE RD,DEXTER,MO,63841,STODDARD,(573) 624-5566,READM_30_AMI,Acute Myocardial Infarction (AMI) 30-Day Readmission Rate,Number of Cases Too Small,Not Available,Not Available,Not Available,Not Available,Not Applicable,Not Applicable,1,07/01/2021,06/30/2024
260160,MERCY HOSPITAL STODDARD,1200 N ONE MILE RD,DEXTER,MO,63841,STODDARD,(573) 624-5566,READM_30_CABG,Rate of readmission for CABG,Not Available,Not Available,Not Available,Not Available,Not Available,Not Applicable,Not Applicable,5,07/01/2021,06/30/2024
260160,MERCY HOSPITAL STODDARD,1200 N ONE MILE RD,DEXTER,MO,63841,STODDARD,(573) 624-5566,READM_30_COPD,Rate of readmission for chronic obstructive pulmonary disease (COPD) patients,No Different Than the National Rate,52,18.3,14.8,22.5,Not Applicable,Not Applicable,,07/01/2021,06/30/2024
260160,MERCY HOSPITAL STODDARD,1200 N ONE MILE RD,DEXTER,MO,63841,STODDARD,(573) 624-5566,READM_30_HF,Heart failure (HF) 30-Day Readmission Rate,Number of Cases Too Small,Not Available,Not Available,Not Available,Not Available,Not Applicable,Not Applicable,1,07/01/2021,06/30/2024
260160,MERCY HOSPITAL STODDARD,1200 N ONE MILE RD,DEXTER,MO,63841,STODDARD,(573) 624-5566,READM_30_HIP_KNEE,Rate of readmission after hip/knee replacement,Not Available,Not Available,Not Available,Not Available,Not Available,Not Applicable,Not Applicable,5,07/01/2021,06/30/2024
260160,MERCY HOSPITAL STODDARD,1200 N ONE MILE RD,DEXTER,MO,63841,STODDARD,(573) 624-5566,READM_30_PN,Pneumonia (PN) 30-Day Readmission Rate,No Different Than the National Rate,64,15.6,12.7,19.2,Not Applicable,Not Applicable,,07/01/2021,06/30/2024
260162,BARNES-JEWISH WEST COUNTY HOSPITAL,12634 OLIVE BOULEVARD,CREVE COEUR,MO,63141,ST. LOUIS,(314) 996-8000,EDAC_30_AMI,Hospital return days for heart attack patients,Not Available,Not Available,Not Available,Not Available,Not Available,Not Available,Not Available,7,07/01/2021,06/30/2024
260162,BARNES-JEWISH WEST COUNTY HOSPITAL,12634 OLIVE BOULEVARD,CREVE COEUR,MO,63141,ST. LOUIS,(314) 996-8000,EDAC_30_HF,Hospital return days for heart failure patients,More Days Than Average per 100 Discharges,51,71.8,38.4,112.5,43,20,,07/01/2021,06/30/2024
260162,BARNES-JEWISH WEST COUNTY HOSPITAL,12634 OLIVE BOULEVARD,CREVE COEUR,MO,63141,ST. LOUIS,(314) 996-8000,EDAC_30_PN,Hospital return days for pneumonia patients,Average Days per 100 Discharges,65,1.1,-20.6,27.1,59,15,,07/01/2021,06/30/2024
260162,BARNES-JEWISH WEST COUNTY HOSPITAL,12634 OLIVE BOULEVARD,CREVE COEUR,MO,63141,ST. LOUIS,(314) 996-8000,Hybrid_HWR,Hybrid Hospital-Wide All-Cause Readmission Measure (HWR),No Different Than the National Rate,704,15.4,13.9,17.2,Not Applicable,Not Applicable,,07/01/2023,06/30/2024
260162,BARNES-JEWISH WEST COUNTY HOSPITAL,12634 OLIVE BOULEVARD,CREVE COEUR,MO,63141,ST. LOUIS,(314) 996-8000,OP_32,"Rate of unplanned hospital visits after colonoscopy (per 1,000 colonoscopies)",No Different Than the National Rate,2223,14.1,11.2,17.7,Not Applicable,Not Applicable,,01/01/2022,12/31/2024
260162,BARNES-JEWISH WEST COUNTY HOSPITAL,12634 OLIVE BOULEVARD,CREVE COEUR,MO,63141,ST. LOUIS,(314) 996-8000,OP_35_ADM,Rate of inpatient admissions for patients receiving outpatient chemotherapy,Number of Cases Too Small,Not Available,Not Available,Not Available,Not Available,Not Applicable,Not Applicable,1,01/01/2024,12/31/2024
260162,BARNES-JEWISH WEST COUNTY HOSPITAL,12634 OLIVE BOULEVARD,CREVE COEUR,MO,63141,ST. LOUIS,(314) 996-8000,OP_35_ED,Rate of emergency department (ED) visits for patients receiving outpatient chemotherapy,Number of Cases Too Small,Not Available,Not Available,Not Available,Not Available,Not Applicable,Not Applicable,1,01/01/2024,12/31/2024
260162,BARNES-JEWISH WEST COUNTY HOSPITAL,12634 OLIVE BOULEVARD,CREVE COEUR,MO,63141,ST. LOUIS,(314) 996-8000,OP_36,Ratio of unplanned hospital visits after hospital outpatient surgery,No Different than expected,1244,0.9,0.8,1.2,Not Applicable,Not Applicable,,01/01/2024,12/31/2024
260162,BARNES-JEWISH WEST COUNTY HOSPITAL,12634 OLIVE BOULEVARD,CREVE COEUR,MO,63141,ST. LOUIS,(314) 996-8000,READM_30_AMI,Acute Myocardial Infarction (AMI) 30-Day Readmission Rate,Not Available,Not Available,Not Available,Not Available,Not Available,Not Applicable,Not Applicable,7,07/01/2021,06/30/2024
260162,BARNES-JEWISH WEST COUNTY HOSPITAL,12634 OLIVE BOULEVARD,CREVE COEUR,MO,63141,ST. LOUIS,(314) 996-8000,READM_30_CABG,Rate of readmission for CABG,Not Available,Not Available,Not Available,Not Available,Not Available,Not Applicable,Not Applicable,5,07/01/2021,06/30/2024
260162,BARNES-JEWISH WEST COUNTY HOSPITAL,12634 OLIVE BOULEVARD,CREVE COEUR,MO,63141,ST. LOUIS,(314) 996-8000,READM_30_COPD,Rate of readmission for chronic obstructive pulmonary disease (COPD) patients,Number of Cases Too Small,Not Available,Not Available,Not Available,Not Available,Not Applicable,Not Applicable,1,07/01/2021,06/30/2024
260162,BARNES-JEWISH WEST COUNTY HOSPITAL,12634 OLIVE BOULEVARD,CREVE COEUR,MO,63141,ST. LOUIS,(314) 996-8000,READM_30_HF,Heart failure (HF) 30-Day Readmission Rate,No Different Than the National Rate,51,21.2,17.6,25.5,Not Applicable,Not Applicable,,07/01/2021,06/30/2024
260162,BARNES-JEWISH WEST COUNTY HOSPITAL,12634 OLIVE BOULEVARD,CREVE COEUR,MO,63141,ST. LOUIS,(314) 996-8000,READM_30_HIP_KNEE,Rate of readmission after hip/knee replacement,No Different Than the National Rate,77,4.5,2.8,7.1,Not Applicable,Not Applicable,,07/01/2021,06/30/2024
260162,BARNES-JEWISH WEST COUNTY HOSPITAL,12634 OLIVE BOULEVARD,CREVE COEUR,MO,63141,ST. LOUIS,(314) 996-8000,READM_30_PN,Pneumonia (PN) 30-Day Readmission Rate,No Different Than the National Rate,65,16.3,13.2,19.8,Not Applicable,Not Applicable,,07/01/2021,06/30/2024
260163,PARKLAND HEALTH CENTER,1101 W LIBERTY,FARMINGTON,MO,63640,ST. FRANCOIS,(573) 431-6005,EDAC_30_AMI,Hospital return days for heart attack patients,Number of Cases Too Small,Not Available,Not Available,Not Available,Not Available,Not Available,Not Available,1,07/01/2021,06/30/2024
260163,PARKLAND HEALTH CENTER,1101 W LIBERTY,FARMINGTON,MO,63640,ST. FRANCOIS,(573) 431-6005,EDAC_30_HF,Hospital return days for heart failure patients,Average Days per 100 Discharges,208,-11.2,-26.2,5,173,56,,07/01/2021,06/30/2024
260163,PARKLAND HEALTH CENTER,1101 W LIBERTY,FARMINGTON,MO,63640,ST. FRANCOIS,(573) 431-6005,EDAC_30_PN,Hospital return days for pneumonia patients,Fewer Days Than Average per 100 Discharges,297,-18.9,-29.4,-7.9,261,64,,07/01/2021,06/30/2024
260163,PARKLAND HEALTH CENTER,1101 W LIBERTY,FARMINGTON,MO,63640,ST. FRANCOIS,(573) 431-6005,Hybrid_HWR,Hybrid Hospital-Wide All-Cause Readmission Measure (HWR),No Different Than the National Rate,704,15.3,13.9,16.9,Not Applicable,Not Applicable,,07/01/2023,06/30/2024
260163,PARKLAND HEALTH CENTER,1101 W LIBERTY,FARMINGTON,MO,63640,ST. FRANCOIS,(573) 431-6005,OP_32,"Rate of unplanned hospital visits after colonoscopy (per 1,000 colonoscopies)",No Different Than the National Rate,744,12,9,15.8,Not Applicable,Not Applicable,,01/01/2022,12/31/2024
260163,PARKLAND HEALTH CENTER,1101 W LIBERTY,FARMINGTON,MO,63640,ST. FRANCOIS,(573) 431-6005,OP_35_ADM,Rate of inpatient admissions for patients receiving outpatient chemotherapy,No Different Than the National Rate,59,13.9,10.3,18.5,Not Applicable,Not Applicable,,01/01/2024,12/31/2024
260163,PARKLAND HEALTH CENTER,1101 W LIBERTY,FARMINGTON,MO,63640,ST. FRANCOIS,(573) 431-6005,OP_35_ED,Rate of emergency department (ED) visits for patients receiving outpatient chemotherapy,No Different Than the National Rate,59,5.3,3.4,8.2,Not Applicable,Not Applicable,,01/01/2024,12/31/2024
260163,PARKLAND HEALTH CENTER,1101 W LIBERTY,FARMINGTON,MO,63640,ST. FRANCOIS,(573) 431-6005,OP_36,Ratio of unplanned hospital visits after hospital outpatient surgery,No Different than expected,124,0.9,0.7,1.3,Not Applicable,Not Applicable,,01/01/2024,12/31/2024
260163,PARKLAND HEALTH CENTER,1101 W LIBERTY,FARMINGTON,MO,63640,ST. FRANCOIS,(573) 431-6005,READM_30_AMI,Acute Myocardial Infarction (AMI) 30-Day Readmission Rate,No Different Than the National Rate,26,13.1,10.4,16.1,Not Applicable,Not Applicable,,07/01/2021,06/30/2024
260163,PARKLAND HEALTH CENTER,1101 W LIBERTY,FARMINGTON,MO,63640,ST. FRANCOIS,(573) 431-6005,READM_30_CABG,Rate of readmission for CABG,Not Available,Not Available,Not Available,Not Available,Not Available,Not Applicable,Not Applicable,5,07/01/2021,06/30/2024
260163,PARKLAND HEALTH CENTER,1101 W LIBERTY,FARMINGTON,MO,63640,ST. FRANCOIS,(573) 431-6005,READM_30_COPD,Rate of readmission for chronic obstructive pulmonary disease (COPD) patients,No Different Than the National Rate,83,18.1,14.9,21.5,Not Applicable,Not Applicable,,07/01/2021,06/30/2024
260163,PARKLAND HEALTH CENTER,1101 W LIBERTY,FARMINGTON,MO,63640,ST. FRANCOIS,(573) 431-6005,READM_30_HF,Heart failure (HF) 30-Day Readmission Rate,No Different Than the National Rate,208,19.6,16.6,22.9,Not Applicable,Not Applicable,,07/01/2021,06/30/2024
260163,PARKLAND HEALTH CENTER,1101 W LIBERTY,FARMINGTON,MO,63640,ST. FRANCOIS,(573) 431-6005,READM_30_HIP_KNEE,Rate of readmission after hip/knee replacement,Number of Cases Too Small,Not Available,Not Available,Not Available,Not Available,Not Applicable,Not Applicable,1,07/01/2021,06/30/2024
260163,PARKLAND HEALTH CENTER,1101 W LIBERTY,FARMINGTON,MO,63640,ST. FRANCOIS,(573) 431-6005,READM_30_PN,Pneumonia (PN) 30-Day Readmission Rate,No Different Than the National Rate,297,15.6,13.1,18.4,Not Applicable,Not Applicable,,07/01/2021,06/30/2024
260175,GOLDEN VALLEY MEMORIAL HOSPITAL,1600 N 2ND ST,CLINTON,MO,64735,HENRY,(660) 885-5511,EDAC_30_AMI,Hospital return days for heart attack patients,Not Available,Not Available,Not Available,Not Available,Not Available,Not Available,Not Available,5,07/01/2021,06/30/2024
260175,GOLDEN VALLEY MEMORIAL HOSPITAL,1600 N 2ND ST,CLINTON,MO,64735,HENRY,(660) 885-5511,EDAC_30_HF,Hospital return days for heart failure patients,Average Days per 100 Discharges,104,-8.8,-29.9,15,91,30,,07/01/2021,06/30/2024
260175,GOLDEN VALLEY MEMORIAL HOSPITAL,1600 N 2ND ST,CLINTON,MO,64735,HENRY,(660) 885-5511,EDAC_30_PN,Hospital return days for pneumonia patients,Average Days per 100 Discharges,109,8.7,-10.1,29.3,99,36,,07/01/2021,06/30/2024
260175,GOLDEN VALLEY MEMORIAL HOSPITAL,1600 N 2ND ST,CLINTON,MO,64735,HENRY,(660) 885-5511,Hybrid_HWR,Hybrid Hospital-Wide All-Cause Readmission Measure (HWR),No Different Than the National Rate,489,14.6,13.2,16.3,Not Applicable,Not Applicable,,07/01/2023,06/30/2024
260175,GOLDEN VALLEY MEMORIAL HOSPITAL,1600 N 2ND ST,CLINTON,MO,64735,HENRY,(660) 885-5511,OP_32,"Rate of unplanned hospital visits after colonoscopy (per 1,000 colonoscopies)",No Different Than the National Rate,649,13.4,10.1,17.7,Not Applicable,Not Applicable,,01/01/2022,12/31/2024
260175,GOLDEN VALLEY MEMORIAL HOSPITAL,1600 N 2ND ST,CLINTON,MO,64735,HENRY,(660) 885-5511,OP_35_ADM,Rate of inpatient admissions for patients receiving outpatient chemotherapy,No Different Than the National Rate,82,11.3,8.1,15.4,Not Applicable,Not Applicable,,01/01/2024,12/31/2024
260175,GOLDEN VALLEY MEMORIAL HOSPITAL,1600 N 2ND ST,CLINTON,MO,64735,HENRY,(660) 885-5511,OP_35_ED,Rate of emergency department (ED) visits for patients receiving outpatient chemotherapy,No Different Than the National Rate,82,6.5,4.4,9.5,Not Applicable,Not Applicable,,01/01/2024,12/31/2024
260175,GOLDEN VALLEY MEMORIAL HOSPITAL,1600 N 2ND ST,CLINTON,MO,64735,HENRY,(660) 885-5511,OP_36,Ratio of unplanned hospital visits after hospital outpatient surgery,No Different than expected,202,1,0.7,1.4,Not Applicable,Not Applicable,,01/01/2024,12/31/2024
260175,GOLDEN VALLEY MEMORIAL HOSPITAL,1600 N 2ND ST,CLINTON,MO,64735,HENRY,(660) 885-5511,READM_30_AMI,Acute Myocardial Infarction (AMI) 30-Day Readmission Rate,Not Available,Not Available,Not Available,Not Available,Not Available,Not Applicable,Not Applicable,5,07/01/2021,06/30/2024
260175,GOLDEN VALLEY MEMORIAL HOSPITAL,1600 N 2ND ST,CLINTON,MO,64735,HENRY,(660) 885-5511,READM_30_CABG,Rate of readmission for CABG,Not Available,Not Available,Not Available,Not Available,Not Available,Not Applicable,Not Applicable,5,07/01/2021,06/30/2024
260175,GOLDEN VALLEY MEMORIAL HOSPITAL,1600 N 2ND ST,CLINTON,MO,64735,HENRY,(660) 885-5511,READM_30_COPD,Rate of readmission for chronic obstructive pulmonary disease (COPD) patients,No Different Than the National Rate,52,17.4,14.1,21.2,Not Applicable,Not Applicable,,07/01/2021,06/30/2024
260175,GOLDEN VALLEY MEMORIAL HOSPITAL,1600 N 2ND ST,CLINTON,MO,64735,HENRY,(660) 885-5511,READM_30_HF,Heart failure (HF) 30-Day Readmission Rate,No Different Than the National Rate,104,19.5,16.3,23.0,Not Applicable,Not Applicable,,07/01/2021,06/30/2024
260175,GOLDEN VALLEY MEMORIAL HOSPITAL,1600 N 2ND ST,CLINTON,MO,64735,HENRY,(660) 885-5511,READM_30_HIP_KNEE,Rate of readmission after hip/knee replacement,No Different Than the National Rate,103,4.8,3.0,7.6,Not Applicable,Not Applicable,,07/01/2021,06/30/2024
260175,GOLDEN VALLEY MEMORIAL HOSPITAL,1600 N 2ND ST,CLINTON,MO,64735,HENRY,(660) 885-5511,READM_30_PN,Pneumonia (PN) 30-Day Readmission Rate,No Different Than the National Rate,109,16.2,13.2,19.4,Not Applicable,Not Applicable,,07/01/2021,06/30/2024
260176,ST LUKES DES PERES HOSPITAL,2345 DOUGHERTY FERRY ROAD,ST LOUIS,MO,63122,ST. LOUIS,(314) 966-9100,EDAC_30_AMI,Hospital return days for heart attack patients,Number of Cases Too Small,Not Available,Not Available,Not Available,Not Available,Not Available,Not Available,1,07/01/2021,06/30/2024
260176,ST LUKES DES PERES HOSPITAL,2345 DOUGHERTY FERRY ROAD,ST LOUIS,MO,63122,ST. LOUIS,(314) 966-9100,EDAC_30_HF,Hospital return days for heart failure patients,More Days Than Average per 100 Discharges,47,42.9,10.4,80.3,44,14,,07/01/2021,06/30/2024
260176,ST LUKES DES PERES HOSPITAL,2345 DOUGHERTY FERRY ROAD,ST LOUIS,MO,63122,ST. LOUIS,(314) 966-9100,EDAC_30_PN,Hospital return days for pneumonia patients,Average Days per 100 Discharges,47,-6.7,-27.1,19.7,42,13,,07/01/2021,06/30/2024
260176,ST LUKES DES PERES HOSPITAL,2345 DOUGHERTY FERRY ROAD,ST LOUIS,MO,63122,ST. LOUIS,(314) 966-9100,Hybrid_HWR,Hybrid Hospital-Wide All-Cause Readmission Measure (HWR),No Different Than the National Rate,357,15.6,13.8,17.6,Not Applicable,Not Applicable,,07/01/2023,06/30/2024
260176,ST LUKES DES PERES HOSPITAL,2345 DOUGHERTY FERRY ROAD,ST LOUIS,MO,63122,ST. LOUIS,(314) 966-9100,OP_32,"Rate of unplanned hospital visits after colonoscopy (per 1,000 colonoscopies)",No Different Than the National Rate,220,13,9.6,17.4,Not Applicable,Not Applicable,,01/01/2022,12/31/2024
260176,ST LUKES DES PERES HOSPITAL,2345 DOUGHERTY FERRY ROAD,ST LOUIS,MO,63122,ST. LOUIS,(314) 966-9100,OP_35_ADM,Rate of inpatient admissions for patients receiving outpatient chemotherapy,Not Available,Not Available,Not Available,Not Available,Not Available,Not Applicable,Not Applicable,5,01/01/2024,12/31/2024
260176,ST LUKES DES PERES HOSPITAL,2345 DOUGHERTY FERRY ROAD,ST LOUIS,MO,63122,ST. LOUIS,(314) 966-9100,OP_35_ED,Rate of emergency department (ED) visits for patients receiving outpatient chemotherapy,Not Available,Not Available,Not Available,Not Available,Not Available,Not Applicable,Not Applicable,5,01/01/2024,12/31/2024
260176,ST LUKES DES PERES HOSPITAL,2345 DOUGHERTY FERRY ROAD,ST LOUIS,MO,63122,ST. LOUIS,(314) 966-9100,OP_36,Ratio of unplanned hospital visits after hospital outpatient surgery,No Different than expected,343,1.1,0.9,1.5,Not Applicable,Not Applicable,,01/01/2024,12/31/2024
260176,ST LUKES DES PERES HOSPITAL,2345 DOUGHERTY FERRY ROAD,ST LOUIS,MO,63122,ST. LOUIS,(314) 966-9100,READM_30_AMI,Acute Myocardial Infarction (AMI) 30-Day Readmission Rate,Number of Cases Too Small,Not Available,Not Available,Not Available,Not Available,Not Applicable,Not Applicable,1,07/01/2021,06/30/2024
260176,ST LUKES DES PERES HOSPITAL,2345 DOUGHERTY FERRY ROAD,ST LOUIS,MO,63122,ST. LOUIS,(314) 966-9100,READM_30_CABG,Rate of readmission for CABG,Not Available,Not Available,Not Available,Not Available,Not Available,Not Applicable,Not Applicable,5,07/01/2021,06/30/2024
260176,ST LUKES DES PERES HOSPITAL,2345 DOUGHERTY FERRY ROAD,ST LOUIS,MO,63122,ST. LOUIS,(314) 966-9100,READM_30_COPD,Rate of readmission for chronic obstructive pulmonary disease (COPD) patients,Number of Cases Too Small,Not Available,Not Available,Not Available,Not Available,Not Applicable,Not Applicable,1,07/01/2021,06/30/2024
260176,ST LUKES DES PERES HOSPITAL,2345 DOUGHERTY FERRY ROAD,ST LOUIS,MO,63122,ST. LOUIS,(314) 966-9100,READM_30_HF,Heart failure (HF) 30-Day Readmission Rate,No Different Than the National Rate,47,20.3,16.5,24.5,Not Applicable,Not Applicable,,07/01/2021,06/30/2024
260176,ST LUKES DES PERES HOSPITAL,2345 DOUGHERTY FERRY ROAD,ST LOUIS,MO,63122,ST. LOUIS,(314) 966-9100,READM_30_HIP_KNEE,Rate of readmission after hip/knee replacement,No Different Than the National Rate,183,5.3,3.6,7.7,Not Applicable,Not Applicable,,07/01/2021,06/30/2024
260176,ST LUKES DES PERES HOSPITAL,2345 DOUGHERTY FERRY ROAD,ST LOUIS,MO,63122,ST. LOUIS,(314) 966-9100,READM_30_PN,Pneumonia (PN) 30-Day Readmission Rate,No Different Than the National Rate,47,15.7,12.7,19.3,Not Applicable,Not Applicable,,07/01/2021,06/30/2024
260177,LIBERTY HOSPITAL,2525 GLENN HENDREN DR,LIBERTY,MO,64068,CLAY,(816) 781-7200,EDAC_30_AMI,Hospital return days for heart attack patients,More Days Than Average per 100 Discharges,106,39.9,20.8,61.2,103,27,,07/01/2021,06/30/2024
260177,LIBERTY HOSPITAL,2525 GLENN HENDREN DR,LIBERTY,MO,64068,CLAY,(816) 781-7200,EDAC_30_HF,Hospital return days for heart failure patients,More Days Than Average per 100 Discharges,336,29.5,17,43.4,266,94,,07/01/2021,06/30/2024
260177,LIBERTY HOSPITAL,2525 GLENN HENDREN DR,LIBERTY,MO,64068,CLAY,(816) 781-7200,EDAC_30_PN,Hospital return days for pneumonia patients,Average Days per 100 Discharges,371,5.3,-4.5,15.5,329,78,,07/01/2021,06/30/2024
260177,LIBERTY HOSPITAL,2525 GLENN HENDREN DR,LIBERTY,MO,64068,CLAY,(816) 781-7200,Hybrid_HWR,Hybrid Hospital-Wide All-Cause Readmission Measure (HWR),Worse Than the National Rate,1760,16.8,15.6,18.2,Not Applicable,Not Applicable,,07/01/2023,06/30/2024
260177,LIBERTY HOSPITAL,2525 GLENN HENDREN DR,LIBERTY,MO,64068,CLAY,(816) 781-7200,OP_32,"Rate of unplanned hospital visits after colonoscopy (per 1,000 colonoscopies)",No Different Than the National Rate,500,14.9,11.4,19.7,Not Applicable,Not Applicable,,01/01/2022,12/31/2024
260177,LIBERTY HOSPITAL,2525 GLENN HENDREN DR,LIBERTY,MO,64068,CLAY,(816) 781-7200,OP_35_ADM,Rate of inpatient admissions for patients receiving outpatient chemotherapy,Number of Cases Too Small,Not Available,Not Available,Not Available,Not Available,Not Applicable,Not Applicable,1,01/01/2024,12/31/2024
260177,LIBERTY HOSPITAL,2525 GLENN HENDREN DR,LIBERTY,MO,64068,CLAY,(816) 781-7200,OP_35_ED,Rate of emergency department (ED) visits for patients receiving outpatient chemotherapy,Number of Cases Too Small,Not Available,Not Available,Not Available,Not Available,Not Applicable,Not Applicable,1,01/01/2024,12/31/2024
260177,LIBERTY HOSPITAL,2525 GLENN HENDREN DR,LIBERTY,MO,64068,CLAY,(816) 781-7200,OP_36,Ratio of unplanned hospital visits after hospital outpatient surgery,Worse than expected,372,1.3,1,1.7,Not Applicable,Not Applicable,,01/01/2024,12/31/2024
260177,LIBERTY HOSPITAL,2525 GLENN HENDREN DR,LIBERTY,MO,64068,CLAY,(816) 781-7200,READM_30_AMI,Acute Myocardial Infarction (AMI) 30-Day Readmission Rate,No Different Than the National Rate,106,13.7,10.8,16.9,Not Applicable,Not Applicable,,07/01/2021,06/30/2024
260177,LIBERTY HOSPITAL,2525 GLENN HENDREN DR,LIBERTY,MO,64068,CLAY,(816) 781-7200,READM_30_CABG,Rate of readmission for CABG,No Different Than the National Rate,84,9.8,7.0,13.4,Not Applicable,Not Applicable,,07/01/2021,06/30/2024
260177,LIBERTY HOSPITAL,2525 GLENN HENDREN DR,LIBERTY,MO,64068,CLAY,(816) 781-7200,READM_30_COPD,Rate of readmission for chronic obstructive pulmonary disease (COPD) patients,No Different Than the National Rate,179,19.8,16.5,23.4,Not Applicable,Not Applicable,,07/01/2021,06/30/2024
260177,LIBERTY HOSPITAL,2525 GLENN HENDREN DR,LIBERTY,MO,64068,CLAY,(816) 781-7200,READM_30_HF,Heart failure (HF) 30-Day Readmission Rate,No Different Than the National Rate,336,20.6,17.7,24.0,Not Applicable,Not Applicable,,07/01/2021,06/30/2024
260177,LIBERTY HOSPITAL,2525 GLENN HENDREN DR,LIBERTY,MO,64068,CLAY,(816) 781-7200,READM_30_HIP_KNEE,Rate of readmission after hip/knee replacement,No Different Than the National Rate,56,5.8,3.6,9.0,Not Applicable,Not Applicable,,07/01/2021,06/30/2024
260177,LIBERTY HOSPITAL,2525 GLENN HENDREN DR,LIBERTY,MO,64068,CLAY,(816) 781-7200,READM_30_PN,Pneumonia (PN) 30-Day Readmission Rate,No Different Than the National Rate,371,15.4,12.9,18.2,Not Applicable,Not Applicable,,07/01/2021,06/30/2024
260179,ST LUKES HOSPITAL,232 S WOODS MILL RD,CHESTERFIELD,MO,63017,ST. LOUIS,(314) 434-1500,EDAC_30_AMI,Hospital return days for heart attack patients,Average Days per 100 Discharges,292,-6.7,-16.9,4.1,283,69,,07/01/2021,06/30/2024
260179,ST LUKES HOSPITAL,232 S WOODS MILL RD,CHESTERFIELD,MO,63017,ST. LOUIS,(314) 434-1500,EDAC_30_HF,Hospital return days for heart failure patients,More Days Than Average per 100 Discharges,813,15,7,23.8,646,197,,07/01/2021,06/30/2024
260179,ST LUKES HOSPITAL,232 S WOODS MILL RD,CHESTERFIELD,MO,63017,ST. LOUIS,(314) 434-1500,EDAC_30_PN,Hospital return days for pneumonia patients,More Days Than Average per 100 Discharges,757,18.4,10.7,26.6,669,170,,07/01/2021,06/30/2024
260179,ST LUKES HOSPITAL,232 S WOODS MILL RD,CHESTERFIELD,MO,63017,ST. LOUIS,(314) 434-1500,Hybrid_HWR,Hybrid Hospital-Wide All-Cause Readmission Measure (HWR),No Different Than the National Rate,4285,14.7,13.9,15.6,Not Applicable,Not Applicable,,07/01/2023,06/30/2024
260179,ST LUKES HOSPITAL,232 S WOODS MILL RD,CHESTERFIELD,MO,63017,ST. LOUIS,(314) 434-1500,OP_32,"Rate of unplanned hospital visits after colonoscopy (per 1,000 colonoscopies)",No Different Than the National Rate,1627,13.1,10.2,16.7,Not Applicable,Not Applicable,,01/01/2022,12/31/2024
260179,ST LUKES HOSPITAL,232 S WOODS MILL RD,CHESTERFIELD,MO,63017,ST. LOUIS,(314) 434-1500,OP_35_ADM,Rate of inpatient admissions for patients receiving outpatient chemotherapy,No Different Than the National Rate,255,13.6,10.7,16.8,Not Applicable,Not Applicable,,01/01/2024,12/31/2024
260179,ST LUKES HOSPITAL,232 S WOODS MILL RD,CHESTERFIELD,MO,63017,ST. LOUIS,(314) 434-1500,OP_35_ED,Rate of emergency department (ED) visits for patients receiving outpatient chemotherapy,No Different Than the National Rate,255,4.5,3.2,6.3,Not Applicable,Not Applicable,,01/01/2024,12/31/2024
260179,ST LUKES HOSPITAL,232 S WOODS MILL RD,CHESTERFIELD,MO,63017,ST. LOUIS,(314) 434-1500,OP_36,Ratio of unplanned hospital visits after hospital outpatient surgery,No Different than expected,1030,0.9,0.7,1.1,Not Applicable,Not Applicable,,01/01/2024,12/31/2024
260179,ST LUKES HOSPITAL,232 S WOODS MILL RD,CHESTERFIELD,MO,63017,ST. LOUIS,(314) 434-1500,READM_30_AMI,Acute Myocardial Infarction (AMI) 30-Day Readmission Rate,No Different Than the National Rate,292,12.8,10.5,15.2,Not Applicable,Not Applicable,,07/01/2021,06/30/2024
260179,ST LUKES HOSPITAL,232 S WOODS MILL RD,CHESTERFIELD,MO,63017,ST. LOUIS,(314) 434-1500,READM_30_CABG,Rate of readmission for CABG,No Different Than the National Rate,212,9,6.9,11.8,Not Applicable,Not Applicable,,07/01/2021,06/30/2024
260179,ST LUKES HOSPITAL,232 S WOODS MILL RD,CHESTERFIELD,MO,63017,ST. LOUIS,(314) 434-1500,READM_30_COPD,Rate of readmission for chronic obstructive pulmonary disease (COPD) patients,No Different Than the National Rate,180,18.2,15.3,21.4,Not Applicable,Not Applicable,,07/01/2021,06/30/2024
260179,ST LUKES HOSPITAL,232 S WOODS MILL RD,CHESTERFIELD,MO,63017,ST. LOUIS,(314) 434-1500,READM_30_HF,Heart failure (HF) 30-Day Readmission Rate,No Different Than the National Rate,813,19.3,17.1,21.7,Not Applicable,Not Applicable,,07/01/2021,06/30/2024
260179,ST LUKES HOSPITAL,232 S WOODS MILL RD,CHESTERFIELD,MO,63017,ST. LOUIS,(314) 434-1500,READM_30_HIP_KNEE,Rate of readmission after hip/knee replacement,No Different Than the National Rate,213,6.8,4.8,9.6,Not Applicable,Not Applicable,,07/01/2021,06/30/2024
260179,ST LUKES HOSPITAL,232 S WOODS MILL RD,CHESTERFIELD,MO,63017,ST. LOUIS,(314) 434-1500,READM_30_PN,Pneumonia (PN) 30-Day Readmission Rate,No Different Than the National Rate,757,16.3,14.4,18.3,Not Applicable,Not Applicable,,07/01/2021,06/30/2024
260180,CHRISTIAN HOSPITAL NORTHEAST,11133 DUNN ROAD,SAINT LOUIS,MO,63136,ST. LOUIS,(314) 653-5000,EDAC_30_AMI,Hospital return days for heart attack patients,More Days Than Average per 100 Discharges,152,23.1,6.2,43.3,149,35,,07/01/2021,06/30/2024
260180,CHRISTIAN HOSPITAL NORTHEAST,11133 DUNN ROAD,SAINT LOUIS,MO,63136,ST. LOUIS,(314) 653-5000,EDAC_30_HF,Hospital return days for heart failure patients,More Days Than Average per 100 Discharges,406,18.5,6.2,31.8,321,105,,07/01/2021,06/30/2024
260180,CHRISTIAN HOSPITAL NORTHEAST,11133 DUNN ROAD,SAINT LOUIS,MO,63136,ST. LOUIS,(314) 653-5000,EDAC_30_PN,Hospital return days for pneumonia patients,Average Days per 100 Discharges,207,5.6,-9.4,21.7,190,48,,07/01/2021,06/30/2024
260180,CHRISTIAN HOSPITAL NORTHEAST,11133 DUNN ROAD,SAINT LOUIS,MO,63136,ST. LOUIS,(314) 653-5000,Hybrid_HWR,Hybrid Hospital-Wide All-Cause Readmission Measure (HWR),No Different Than the National Rate,1528,14.7,13.6,15.8,Not Applicable,Not Applicable,,07/01/2023,06/30/2024
260180,CHRISTIAN HOSPITAL NORTHEAST,11133 DUNN ROAD,SAINT LOUIS,MO,63136,ST. LOUIS,(314) 653-5000,OP_32,"Rate of unplanned hospital visits after colonoscopy (per 1,000 colonoscopies)",No Different Than the National Rate,329,12.2,9,16.2,Not Applicable,Not Applicable,,01/01/2022,12/31/2024
260180,CHRISTIAN HOSPITAL NORTHEAST,11133 DUNN ROAD,SAINT LOUIS,MO,63136,ST. LOUIS,(314) 653-5000,OP_35_ADM,Rate of inpatient admissions for patients receiving outpatient chemotherapy,Number of Cases Too Small,Not Available,Not Available,Not Available,Not Available,Not Applicable,Not Applicable,1,01/01/2024,12/31/2024
260180,CHRISTIAN HOSPITAL NORTHEAST,11133 DUNN ROAD,SAINT LOUIS,MO,63136,ST. LOUIS,(314) 653-5000,OP_35_ED,Rate of emergency department (ED) visits for patients receiving outpatient chemotherapy,Number of Cases Too Small,Not Available,Not Available,Not Available,Not Available,Not Applicable,Not Applicable,1,01/01/2024,12/31/2024
260180,CHRISTIAN HOSPITAL NORTHEAST,11133 DUNN ROAD,SAINT LOUIS,MO,63136,ST. LOUIS,(314) 653-5000,OP_36,Ratio of unplanned hospital visits after hospital outpatient surgery,No Different than expected,176,1,0.7,1.4,Not Applicable,Not Applicable,,01/01/2024,12/31/2024
260180,CHRISTIAN HOSPITAL NORTHEAST,11133 DUNN ROAD,SAINT LOUIS,MO,63136,ST. LOUIS,(314) 653-5000,READM_30_AMI,Acute Myocardial Infarction (AMI) 30-Day Readmission Rate,No Different Than the National Rate,152,12.9,10.5,15.7,Not Applicable,Not Applicable,,07/01/2021,06/30/2024
260180,CHRISTIAN HOSPITAL NORTHEAST,11133 DUNN ROAD,SAINT LOUIS,MO,63136,ST. LOUIS,(314) 653-5000,READM_30_CABG,Rate of readmission for CABG,No Different Than the National Rate,106,10.6,7.9,14.3,Not Applicable,Not Applicable,,07/01/2021,06/30/2024
260180,CHRISTIAN HOSPITAL NORTHEAST,11133 DUNN ROAD,SAINT LOUIS,MO,63136,ST. LOUIS,(314) 653-5000,READM_30_COPD,Rate of readmission for chronic obstructive pulmonary disease (COPD) patients,No Different Than the National Rate,106,18.8,15.8,22.0,Not Applicable,Not Applicable,,07/01/2021,06/30/2024
260180,CHRISTIAN HOSPITAL NORTHEAST,11133 DUNN ROAD,SAINT LOUIS,MO,63136,ST. LOUIS,(314) 653-5000,READM_30_HF,Heart failure (HF) 30-Day Readmission Rate,No Different Than the National Rate,406,19.5,17.0,22.2,Not Applicable,Not Applicable,,07/01/2021,06/30/2024
260180,CHRISTIAN HOSPITAL NORTHEAST,11133 DUNN ROAD,SAINT LOUIS,MO,63136,ST. LOUIS,(314) 653-5000,READM_30_HIP_KNEE,Rate of readmission after hip/knee replacement,No Different Than the National Rate,68,5.1,3.1,8.0,Not Applicable,Not Applicable,,07/01/2021,06/30/2024
260180,CHRISTIAN HOSPITAL NORTHEAST,11133 DUNN ROAD,SAINT LOUIS,MO,63136,ST. LOUIS,(314) 653-5000,READM_30_PN,Pneumonia (PN) 30-Day Readmission Rate,No Different Than the National Rate,207,16.1,13.5,18.9,Not Applicable,Not Applicable,,07/01/2021,06/30/2024
260183,SAINT FRANCIS MEDICAL CENTER,211 ST FRANCIS DR,CAPE GIRARDEAU,MO,63703,CAPE GIRARDEAU,(573) 331-3000,EDAC_30_AMI,Hospital return days for heart attack patients,Average Days per 100 Discharges,130,11.1,-3.2,28.1,130,35,,07/01/2021,06/30/2024
260183,SAINT FRANCIS MEDICAL CENTER,211 ST FRANCIS DR,CAPE GIRARDEAU,MO,63703,CAPE GIRARDEAU,(573) 331-3000,EDAC_30_HF,Hospital return days for heart failure patients,Fewer Days Than Average per 100 Discharges,379,-59.7,-68.9,-49.7,318,93,,07/01/2021,06/30/2024
260183,SAINT FRANCIS MEDICAL CENTER,211 ST FRANCIS DR,CAPE GIRARDEAU,MO,63703,CAPE GIRARDEAU,(573) 331-3000,EDAC_30_PN,Hospital return days for pneumonia patients,Fewer Days Than Average per 100 Discharges,342,-22.9,-32.2,-12,322,89,,07/01/2021,06/30/2024
260183,SAINT FRANCIS MEDICAL CENTER,211 ST FRANCIS DR,CAPE GIRARDEAU,MO,63703,CAPE GIRARDEAU,(573) 331-3000,Hybrid_HWR,Hybrid Hospital-Wide All-Cause Readmission Measure (HWR),Better Than the National Rate,2017,13.9,12.8,14.9,Not Applicable,Not Applicable,,07/01/2023,06/30/2024
260183,SAINT FRANCIS MEDICAL CENTER,211 ST FRANCIS DR,CAPE GIRARDEAU,MO,63703,CAPE GIRARDEAU,(573) 331-3000,OP_32,"Rate of unplanned hospital visits after colonoscopy (per 1,000 colonoscopies)",No Different Than the National Rate,1306,11.7,9.1,15,Not Applicable,Not Applicable,,01/01/2022,12/31/2024
260183,SAINT FRANCIS MEDICAL CENTER,211 ST FRANCIS DR,CAPE GIRARDEAU,MO,63703,CAPE GIRARDEAU,(573) 331-3000,OP_35_ADM,Rate of inpatient admissions for patients receiving outpatient chemotherapy,No Different Than the National Rate,262,11.8,9.3,14.9,Not Applicable,Not Applicable,,01/01/2024,12/31/2024
260183,SAINT FRANCIS MEDICAL CENTER,211 ST FRANCIS DR,CAPE GIRARDEAU,MO,63703,CAPE GIRARDEAU,(573) 331-3000,OP_35_ED,Rate of emergency department (ED) visits for patients receiving outpatient chemotherapy,No Different Than the National Rate,262,6,4.3,8.3,Not Applicable,Not Applicable,,01/01/2024,12/31/2024
260183,SAINT FRANCIS MEDICAL CENTER,211 ST FRANCIS DR,CAPE GIRARDEAU,MO,63703,CAPE GIRARDEAU,(573) 331-3000,OP_36,Ratio of unplanned hospital visits after hospital outpatient surgery,No Different than expected,697,1,0.8,1.3,Not Applicable,Not Applicable,,01/01/2024,12/31/2024
260183,SAINT FRANCIS MEDICAL CENTER,211 ST FRANCIS DR,CAPE GIRARDEAU,MO,63703,CAPE GIRARDEAU,(573) 331-3000,READM_30_AMI,Acute Myocardial Infarction (AMI) 30-Day Readmission Rate,No Different Than the National Rate,130,13.8,11.1,16.9,Not Applicable,Not Applicable,,07/01/2021,06/30/2024
260183,SAINT FRANCIS MEDICAL CENTER,211 ST FRANCIS DR,CAPE GIRARDEAU,MO,63703,CAPE GIRARDEAU,(573) 331-3000,READM_30_CABG,Rate of readmission for CABG,No Different Than the National Rate,95,11,7.9,14.9,Not Applicable,Not Applicable,,07/01/2021,06/30/2024
260183,SAINT FRANCIS MEDICAL CENTER,211 ST FRANCIS DR,CAPE GIRARDEAU,MO,63703,CAPE GIRARDEAU,(573) 331-3000,READM_30_COPD,Rate of readmission for chronic obstructive pulmonary disease (COPD) patients,No Different Than the National Rate,150,18.2,15.1,21.7,Not Applicable,Not Applicable,,07/01/2021,06/30/2024
260183,SAINT FRANCIS MEDICAL CENTER,211 ST FRANCIS DR,CAPE GIRARDEAU,MO,63703,CAPE GIRARDEAU,(573) 331-3000,READM_30_HF,Heart failure (HF) 30-Day Readmission Rate,Better Than the National Rate,379,16.6,14.3,19.2,Not Applicable,Not Applicable,,07/01/2021,06/30/2024
260183,SAINT FRANCIS MEDICAL CENTER,211 ST FRANCIS DR,CAPE GIRARDEAU,MO,63703,CAPE GIRARDEAU,(573) 331-3000,READM_30_HIP_KNEE,Rate of readmission after hip/knee replacement,No Different Than the National Rate,25,4.3,2.6,7.2,Not Applicable,Not Applicable,,07/01/2021,06/30/2024
260183,SAINT FRANCIS MEDICAL CENTER,211 ST FRANCIS DR,CAPE GIRARDEAU,MO,63703,CAPE GIRARDEAU,(573) 331-3000,READM_30_PN,Pneumonia (PN) 30-Day Readmission Rate,No Different Than the National Rate,342,15.2,13.0,17.9,Not Applicable,Not Applicable,,07/01/2021,06/30/2024
260186,LAKE REGIONAL HEALTH SYSTEM,54 HOSPITAL DRIVE,OSAGE BEACH,MO,65065,CAMDEN,(573) 348-8000,EDAC_30_AMI,Hospital return days for heart attack patients,More Days Than Average per 100 Discharges,204,16.6,3.1,31.6,192,60,,07/01/2021,06/30/2024
260186,LAKE REGIONAL HEALTH SYSTEM,54 HOSPITAL DRIVE,OSAGE BEACH,MO,65065,CAMDEN,(573) 348-8000,EDAC_30_HF,Hospital return days for heart failure patients,Average Days per 100 Discharges,225,-2.6,-17.4,13.6,197,75,,07/01/2021,06/30/2024
260186,LAKE REGIONAL HEALTH SYSTEM,54 HOSPITAL DRIVE,OSAGE BEACH,MO,65065,CAMDEN,(573) 348-8000,EDAC_30_PN,Hospital return days for pneumonia patients,Average Days per 100 Discharges,257,-7.8,-19.6,4.7,232,68,,07/01/2021,06/30/2024
260186,LAKE REGIONAL HEALTH SYSTEM,54 HOSPITAL DRIVE,OSAGE BEACH,MO,65065,CAMDEN,(573) 348-8000,Hybrid_HWR,Hybrid Hospital-Wide All-Cause Readmission Measure (HWR),No Different Than the National Rate,1081,15.9,14.6,17.3,Not Applicable,Not Applicable,,07/01/2023,06/30/2024
260186,LAKE REGIONAL HEALTH SYSTEM,54 HOSPITAL DRIVE,OSAGE BEACH,MO,65065,CAMDEN,(573) 348-8000,OP_32,"Rate of unplanned hospital visits after colonoscopy (per 1,000 colonoscopies)",No Different Than the National Rate,1716,14.6,11.4,18.7,Not Applicable,Not Applicable,,01/01/2022,12/31/2024
260186,LAKE REGIONAL HEALTH SYSTEM,54 HOSPITAL DRIVE,OSAGE BEACH,MO,65065,CAMDEN,(573) 348-8000,OP_35_ADM,Rate of inpatient admissions for patients receiving outpatient chemotherapy,No Different Than the National Rate,137,11.3,8.3,15.1,Not Applicable,Not Applicable,,01/01/2024,12/31/2024
260186,LAKE REGIONAL HEALTH SYSTEM,54 HOSPITAL DRIVE,OSAGE BEACH,MO,65065,CAMDEN,(573) 348-8000,OP_35_ED,Rate of emergency department (ED) visits for patients receiving outpatient chemotherapy,No Different Than the National Rate,137,5.8,4,8.4,Not Applicable,Not Applicable,,01/01/2024,12/31/2024
260186,LAKE REGIONAL HEALTH SYSTEM,54 HOSPITAL DRIVE,OSAGE BEACH,MO,65065,CAMDEN,(573) 348-8000,OP_36,Ratio of unplanned hospital visits after hospital outpatient surgery,No Different than expected,538,1,0.7,1.3,Not Applicable,Not Applicable,,01/01/2024,12/31/2024
260186,LAKE REGIONAL HEALTH SYSTEM,54 HOSPITAL DRIVE,OSAGE BEACH,MO,65065,CAMDEN,(573) 348-8000,READM_30_AMI,Acute Myocardial Infarction (AMI) 30-Day Readmission Rate,No Different Than the National Rate,204,13.9,11.5,16.7,Not Applicable,Not Applicable,,07/01/2021,06/30/2024
260186,LAKE REGIONAL HEALTH SYSTEM,54 HOSPITAL DRIVE,OSAGE BEACH,MO,65065,CAMDEN,(573) 348-8000,READM_30_CABG,Rate of readmission for CABG,No Different Than the National Rate,38,10.2,7.4,14.0,Not Applicable,Not Applicable,,07/01/2021,06/30/2024
260186,LAKE REGIONAL HEALTH SYSTEM,54 HOSPITAL DRIVE,OSAGE BEACH,MO,65065,CAMDEN,(573) 348-8000,READM_30_COPD,Rate of readmission for chronic obstructive pulmonary disease (COPD) patients,No Different Than the National Rate,108,17.8,14.6,21.3,Not Applicable,Not Applicable,,07/01/2021,06/30/2024
260186,LAKE REGIONAL HEALTH SYSTEM,54 HOSPITAL DRIVE,OSAGE BEACH,MO,65065,CAMDEN,(573) 348-8000,READM_30_HF,Heart failure (HF) 30-Day Readmission Rate,No Different Than the National Rate,225,19.3,16.3,22.7,Not Applicable,Not Applicable,,07/01/2021,06/30/2024
260186,LAKE REGIONAL HEALTH SYSTEM,54 HOSPITAL DRIVE,OSAGE BEACH,MO,65065,CAMDEN,(573) 348-8000,READM_30_HIP_KNEE,Rate of readmission after hip/knee replacement,Number of Cases Too Small,Not Available,Not Available,Not Available,Not Available,Not Applicable,Not Applicable,1,07/01/2021,06/30/2024
260186,LAKE REGIONAL HEALTH SYSTEM,54 HOSPITAL DRIVE,OSAGE BEACH,MO,65065,CAMDEN,(573) 348-8000,READM_30_PN,Pneumonia (PN) 30-Day Readmission Rate,No Different Than the National Rate,257,15,12.5,17.7,Not Applicable,Not Applicable,,07/01/2021,06/30/2024
260190,LEE'S SUMMIT MEDICAL CENTER,2100 SE BLUE PARKWAY,LEES SUMMIT,MO,64063,JACKSON,(816) 282-5000,EDAC_30_AMI,Hospital return days for heart attack patients,Number of Cases Too Small,Not Available,Not Available,Not Available,Not Available,Not Available,Not Available,1,07/01/2021,06/30/2024
260190,LEE'S SUMMIT MEDICAL CENTER,2100 SE BLUE PARKWAY,LEES SUMMIT,MO,64063,JACKSON,(816) 282-5000,EDAC_30_HF,Hospital return days for heart failure patients,Average Days per 100 Discharges,141,-11.7,-27.1,7.7,117,32,,07/01/2021,06/30/2024
260190,LEE'S SUMMIT MEDICAL CENTER,2100 SE BLUE PARKWAY,LEES SUMMIT,MO,64063,JACKSON,(816) 282-5000,EDAC_30_PN,Hospital return days for pneumonia patients,More Days Than Average per 100 Discharges,172,36.9,20.7,54.5,161,43,,07/01/2021,06/30/2024
260190,LEE'S SUMMIT MEDICAL CENTER,2100 SE BLUE PARKWAY,LEES SUMMIT,MO,64063,JACKSON,(816) 282-5000,Hybrid_HWR,Hybrid Hospital-Wide All-Cause Readmission Measure (HWR),No Different Than the National Rate,1115,16.2,14.9,17.6,Not Applicable,Not Applicable,,07/01/2023,06/30/2024
260190,LEE'S SUMMIT MEDICAL CENTER,2100 SE BLUE PARKWAY,LEES SUMMIT,MO,64063,JACKSON,(816) 282-5000,OP_32,"Rate of unplanned hospital visits after colonoscopy (per 1,000 colonoscopies)",No Different Than the National Rate,649,12.1,9.2,16,Not Applicable,Not Applicable,,01/01/2022,12/31/2024
260190,LEE'S SUMMIT MEDICAL CENTER,2100 SE BLUE PARKWAY,LEES SUMMIT,MO,64063,JACKSON,(816) 282-5000,OP_35_ADM,Rate of inpatient admissions for patients receiving outpatient chemotherapy,No Different Than the National Rate,29,10.6,7.3,15.1,Not Applicable,Not Applicable,,01/01/2024,12/31/2024
260190,LEE'S SUMMIT MEDICAL CENTER,2100 SE BLUE PARKWAY,LEES SUMMIT,MO,64063,JACKSON,(816) 282-5000,OP_35_ED,Rate of emergency department (ED) visits for patients receiving outpatient chemotherapy,No Different Than the National Rate,29,5.7,3.7,8.9,Not Applicable,Not Applicable,,01/01/2024,12/31/2024
260190,LEE'S SUMMIT MEDICAL CENTER,2100 SE BLUE PARKWAY,LEES SUMMIT,MO,64063,JACKSON,(816) 282-5000,OP_36,Ratio of unplanned hospital visits after hospital outpatient surgery,No Different than expected,153,1,0.7,1.4,Not Applicable,Not Applicable,,01/01/2024,12/31/2024
260190,LEE'S SUMMIT MEDICAL CENTER,2100 SE BLUE PARKWAY,LEES SUMMIT,MO,64063,JACKSON,(816) 282-5000,READM_30_AMI,Acute Myocardial Infarction (AMI) 30-Day Readmission Rate,No Different Than the National Rate,49,13.7,11.0,17.2,Not Applicable,Not Applicable,,07/01/2021,06/30/2024
260190,LEE'S SUMMIT MEDICAL CENTER,2100 SE BLUE PARKWAY,LEES SUMMIT,MO,64063,JACKSON,(816) 282-5000,READM_30_CABG,Rate of readmission for CABG,Not Available,Not Available,Not Available,Not Available,Not Available,Not Applicable,Not Applicable,5,07/01/2021,06/30/2024
260190,LEE'S SUMMIT MEDICAL CENTER,2100 SE BLUE PARKWAY,LEES SUMMIT,MO,64063,JACKSON,(816) 282-5000,READM_30_COPD,Rate of readmission for chronic obstructive pulmonary disease (COPD) patients,No Different Than the National Rate,56,17.7,14.5,21.4,Not Applicable,Not Applicable,,07/01/2021,06/30/2024
260190,LEE'S SUMMIT MEDICAL CENTER,2100 SE BLUE PARKWAY,LEES SUMMIT,MO,64063,JACKSON,(816) 282-5000,READM_30_HF,Heart failure (HF) 30-Day Readmission Rate,No Different Than the National Rate,141,19.7,16.7,23.4,Not Applicable,Not Applicable,,07/01/2021,06/30/2024
260190,LEE'S SUMMIT MEDICAL CENTER,2100 SE BLUE PARKWAY,LEES SUMMIT,MO,64063,JACKSON,(816) 282-5000,READM_30_HIP_KNEE,Rate of readmission after hip/knee replacement,No Different Than the National Rate,57,4.9,3.1,8.0,Not Applicable,Not Applicable,,07/01/2021,06/30/2024
260190,LEE'S SUMMIT MEDICAL CENTER,2100 SE BLUE PARKWAY,LEES SUMMIT,MO,64063,JACKSON,(816) 282-5000,READM_30_PN,Pneumonia (PN) 30-Day Readmission Rate,No Different Than the National Rate,172,16.8,14.0,20.0,Not Applicable,Not Applicable,,07/01/2021,06/30/2024
260191,BARNES-JEWISH ST PETERS HOSPITAL,10 HOSPITAL DR,SAINT PETERS,MO,63376,ST. CHARLES,(636) 916-9000,EDAC_30_AMI,Hospital return days for heart attack patients,Average Days per 100 Discharges,75,14.5,-4.4,38.2,74,20,,07/01/2021,06/30/2024
260191,BARNES-JEWISH ST PETERS HOSPITAL,10 HOSPITAL DR,SAINT PETERS,MO,63376,ST. CHARLES,(636) 916-9000,EDAC_30_HF,Hospital return days for heart failure patients,More Days Than Average per 100 Discharges,258,17.6,3.2,33.2,214,69,,07/01/2021,06/30/2024
260191,BARNES-JEWISH ST PETERS HOSPITAL,10 HOSPITAL DR,SAINT PETERS,MO,63376,ST. CHARLES,(636) 916-9000,EDAC_30_PN,Hospital return days for pneumonia patients,More Days Than Average per 100 Discharges,323,15.9,3.7,29.3,280,77,,07/01/2021,06/30/2024
260191,BARNES-JEWISH ST PETERS HOSPITAL,10 HOSPITAL DR,SAINT PETERS,MO,63376,ST. CHARLES,(636) 916-9000,Hybrid_HWR,Hybrid Hospital-Wide All-Cause Readmission Measure (HWR),No Different Than the National Rate,1440,15.3,14.1,16.5,Not Applicable,Not Applicable,,07/01/2023,06/30/2024
260191,BARNES-JEWISH ST PETERS HOSPITAL,10 HOSPITAL DR,SAINT PETERS,MO,63376,ST. CHARLES,(636) 916-9000,OP_32,"Rate of unplanned hospital visits after colonoscopy (per 1,000 colonoscopies)",No Different Than the National Rate,763,13.7,10.4,18.1,Not Applicable,Not Applicable,,01/01/2022,12/31/2024
260191,BARNES-JEWISH ST PETERS HOSPITAL,10 HOSPITAL DR,SAINT PETERS,MO,63376,ST. CHARLES,(636) 916-9000,OP_35_ADM,Rate of inpatient admissions for patients receiving outpatient chemotherapy,No Different Than the National Rate,28,10,6.5,15.2,Not Applicable,Not Applicable,,01/01/2024,12/31/2024
260191,BARNES-JEWISH ST PETERS HOSPITAL,10 HOSPITAL DR,SAINT PETERS,MO,63376,ST. CHARLES,(636) 916-9000,OP_35_ED,Rate of emergency department (ED) visits for patients receiving outpatient chemotherapy,No Different Than the National Rate,28,5.1,3.1,8.2,Not Applicable,Not Applicable,,01/01/2024,12/31/2024
260191,BARNES-JEWISH ST PETERS HOSPITAL,10 HOSPITAL DR,SAINT PETERS,MO,63376,ST. CHARLES,(636) 916-9000,OP_36,Ratio of unplanned hospital visits after hospital outpatient surgery,No Different than expected,477,0.9,0.7,1.2,Not Applicable,Not Applicable,,01/01/2024,12/31/2024
260191,BARNES-JEWISH ST PETERS HOSPITAL,10 HOSPITAL DR,SAINT PETERS,MO,63376,ST. CHARLES,(636) 916-9000,READM_30_AMI,Acute Myocardial Infarction (AMI) 30-Day Readmission Rate,No Different Than the National Rate,75,13.6,10.9,16.9,Not Applicable,Not Applicable,,07/01/2021,06/30/2024
260191,BARNES-JEWISH ST PETERS HOSPITAL,10 HOSPITAL DR,SAINT PETERS,MO,63376,ST. CHARLES,(636) 916-9000,READM_30_CABG,Rate of readmission for CABG,Not Available,Not Available,Not Available,Not Available,Not Available,Not Applicable,Not Applicable,5,07/01/2021,06/30/2024
260191,BARNES-JEWISH ST PETERS HOSPITAL,10 HOSPITAL DR,SAINT PETERS,MO,63376,ST. CHARLES,(636) 916-9000,READM_30_COPD,Rate of readmission for chronic obstructive pulmonary disease (COPD) patients,No Different Than the National Rate,114,17.5,14.7,20.7,Not Applicable,Not Applicable,,07/01/2021,06/30/2024
260191,BARNES-JEWISH ST PETERS HOSPITAL,10 HOSPITAL DR,SAINT PETERS,MO,63376,ST. CHARLES,(636) 916-9000,READM_30_HF,Heart failure (HF) 30-Day Readmission Rate,No Different Than the National Rate,258,21.2,18.2,24.4,Not Applicable,Not Applicable,,07/01/2021,06/30/2024
260191,BARNES-JEWISH ST PETERS HOSPITAL,10 HOSPITAL DR,SAINT PETERS,MO,63376,ST. CHARLES,(636) 916-9000,READM_30_HIP_KNEE,Rate of readmission after hip/knee replacement,No Different Than the National Rate,62,5.3,3.2,8.3,Not Applicable,Not Applicable,,07/01/2021,06/30/2024
260191,BARNES-JEWISH ST PETERS HOSPITAL,10 HOSPITAL DR,SAINT PETERS,MO,63376,ST. CHARLES,(636) 916-9000,READM_30_PN,Pneumonia (PN) 30-Day Readmission Rate,No Different Than the National Rate,323,15.5,13.1,18.2,Not Applicable,Not Applicable,,07/01/2021,06/30/2024
260193,ST MARY'S MEDICAL CENTER,201 NW R D MIZE RD,BLUE SPRINGS,MO,64014,JACKSON,(816) 228-5900,EDAC_30_AMI,Hospital return days for heart attack patients,Average Days per 100 Discharges,54,15.6,-9.4,44.9,53,19,,07/01/2021,06/30/2024
260193,ST MARY'S MEDICAL CENTER,201 NW R D MIZE RD,BLUE SPRINGS,MO,64014,JACKSON,(816) 228-5900,EDAC_30_HF,Hospital return days for heart failure patients,Average Days per 100 Discharges,109,19.7,-1.5,43.9,97,32,,07/01/2021,06/30/2024
260193,ST MARY'S MEDICAL CENTER,201 NW R D MIZE RD,BLUE SPRINGS,MO,64014,JACKSON,(816) 228-5900,EDAC_30_PN,Hospital return days for pneumonia patients,Average Days per 100 Discharges,271,9.1,-3.9,23.1,239,75,,07/01/2021,06/30/2024
260193,ST MARY'S MEDICAL CENTER,201 NW R D MIZE RD,BLUE SPRINGS,MO,64014,JACKSON,(816) 228-5900,Hybrid_HWR,Hybrid Hospital-Wide All-Cause Readmission Measure (HWR),Worse Than the National Rate,610,17,15.4,18.7,Not Applicable,Not Applicable,,07/01/2023,06/30/2024
260193,ST MARY'S MEDICAL CENTER,201 NW R D MIZE RD,BLUE SPRINGS,MO,64014,JACKSON,(816) 228-5900,OP_32,"Rate of unplanned hospital visits after colonoscopy (per 1,000 colonoscopies)",Number of Cases Too Small,Not Available,Not Available,Not Available,Not Available,Not Applicable,Not Applicable,1,01/01/2022,12/31/2024
260193,ST MARY'S MEDICAL CENTER,201 NW R D MIZE RD,BLUE SPRINGS,MO,64014,JACKSON,(816) 228-5900,OP_35_ADM,Rate of inpatient admissions for patients receiving outpatient chemotherapy,Number of Cases Too Small,Not Available,Not Available,Not Available,Not Available,Not Applicable,Not Applicable,1,01/01/2024,12/31/2024
260193,ST MARY'S MEDICAL CENTER,201 NW R D MIZE RD,BLUE SPRINGS,MO,64014,JACKSON,(816) 228-5900,OP_35_ED,Rate of emergency department (ED) visits for patients receiving outpatient chemotherapy,Number of Cases Too Small,Not Available,Not Available,Not Available,Not Available,Not Applicable,Not Applicable,1,01/01/2024,12/31/2024
260193,ST MARY'S MEDICAL CENTER,201 NW R D MIZE RD,BLUE SPRINGS,MO,64014,JACKSON,(816) 228-5900,OP_36,Ratio of unplanned hospital visits after hospital outpatient surgery,Number of cases too small,Not Available,Not Available,Not Available,Not Available,Not Applicable,Not Applicable,1,01/01/2024,12/31/2024
260193,ST MARY'S MEDICAL CENTER,201 NW R D MIZE RD,BLUE SPRINGS,MO,64014,JACKSON,(816) 228-5900,READM_30_AMI,Acute Myocardial Infarction (AMI) 30-Day Readmission Rate,No Different Than the National Rate,54,13.9,11.0,17.1,Not Applicable,Not Applicable,,07/01/2021,06/30/2024
260193,ST MARY'S MEDICAL CENTER,201 NW R D MIZE RD,BLUE SPRINGS,MO,64014,JACKSON,(816) 228-5900,READM_30_CABG,Rate of readmission for CABG,Not Available,Not Available,Not Available,Not Available,Not Available,Not Applicable,Not Applicable,5,07/01/2021,06/30/2024
260193,ST MARY'S MEDICAL CENTER,201 NW R D MIZE RD,BLUE SPRINGS,MO,64014,JACKSON,(816) 228-5900,READM_30_COPD,Rate of readmission for chronic obstructive pulmonary disease (COPD) patients,No Different Than the National Rate,35,18.1,14.8,21.8,Not Applicable,Not Applicable,,07/01/2021,06/30/2024
260193,ST MARY'S MEDICAL CENTER,201 NW R D MIZE RD,BLUE SPRINGS,MO,64014,JACKSON,(816) 228-5900,READM_30_HF,Heart failure (HF) 30-Day Readmission Rate,No Different Than the National Rate,109,20.5,16.9,24.6,Not Applicable,Not Applicable,,07/01/2021,06/30/2024
260193,ST MARY'S MEDICAL CENTER,201 NW R D MIZE RD,BLUE SPRINGS,MO,64014,JACKSON,(816) 228-5900,READM_30_HIP_KNEE,Rate of readmission after hip/knee replacement,No Different Than the National Rate,26,4.4,2.7,7.3,Not Applicable,Not Applicable,,07/01/2021,06/30/2024
260193,ST MARY'S MEDICAL CENTER,201 NW R D MIZE RD,BLUE SPRINGS,MO,64014,JACKSON,(816) 228-5900,READM_30_PN,Pneumonia (PN) 30-Day Readmission Rate,No Different Than the National Rate,271,17.4,14.7,20.6,Not Applicable,Not Applicable,,07/01/2021,06/30/2024
260195,CITIZENS MEMORIAL HOSPITAL,1500 N OAKLAND,BOLIVAR,MO,65613,POLK,(417) 326-6000,EDAC_30_AMI,Hospital return days for heart attack patients,More Days Than Average per 100 Discharges,72,41.2,18.9,66.8,72,29,,07/01/2021,06/30/2024
260195,CITIZENS MEMORIAL HOSPITAL,1500 N OAKLAND,BOLIVAR,MO,65613,POLK,(417) 326-6000,EDAC_30_HF,Hospital return days for heart failure patients,Fewer Days Than Average per 100 Discharges,69,-63,-79,-41.6,64,17,,07/01/2021,06/30/2024
260195,CITIZENS MEMORIAL HOSPITAL,1500 N OAKLAND,BOLIVAR,MO,65613,POLK,(417) 326-6000,EDAC_30_PN,Hospital return days for pneumonia patients,Average Days per 100 Discharges,65,-8.3,-27.5,15.9,62,19,,07/01/2021,06/30/2024
260195,CITIZENS MEMORIAL HOSPITAL,1500 N OAKLAND,BOLIVAR,MO,65613,POLK,(417) 326-6000,Hybrid_HWR,Hybrid Hospital-Wide All-Cause Readmission Measure (HWR),No Different Than the National Rate,331,14.6,13.1,16.1,Not Applicable,Not Applicable,,07/01/2023,06/30/2024
260195,CITIZENS MEMORIAL HOSPITAL,1500 N OAKLAND,BOLIVAR,MO,65613,POLK,(417) 326-6000,OP_32,"Rate of unplanned hospital visits after colonoscopy (per 1,000 colonoscopies)",No Different Than the National Rate,748,11.8,8.8,15.7,Not Applicable,Not Applicable,,01/01/2022,12/31/2024
260195,CITIZENS MEMORIAL HOSPITAL,1500 N OAKLAND,BOLIVAR,MO,65613,POLK,(417) 326-6000,OP_35_ADM,Rate of inpatient admissions for patients receiving outpatient chemotherapy,Number of Cases Too Small,Not Available,Not Available,Not Available,Not Available,Not Applicable,Not Applicable,1,01/01/2024,12/31/2024
260195,CITIZENS MEMORIAL HOSPITAL,1500 N OAKLAND,BOLIVAR,MO,65613,POLK,(417) 326-6000,OP_35_ED,Rate of emergency department (ED) visits for patients receiving outpatient chemotherapy,Number of Cases Too Small,Not Available,Not Available,Not Available,Not Available,Not Applicable,Not Applicable,1,01/01/2024,12/31/2024
260195,CITIZENS MEMORIAL HOSPITAL,1500 N OAKLAND,BOLIVAR,MO,65613,POLK,(417) 326-6000,OP_36,Ratio of unplanned hospital visits after hospital outpatient surgery,No Different than expected,273,1.1,0.8,1.5,Not Applicable,Not Applicable,,01/01/2024,12/31/2024
260195,CITIZENS MEMORIAL HOSPITAL,1500 N OAKLAND,BOLIVAR,MO,65613,POLK,(417) 326-6000,READM_30_AMI,Acute Myocardial Infarction (AMI) 30-Day Readmission Rate,No Different Than the National Rate,72,14.9,11.9,18.4,Not Applicable,Not Applicable,,07/01/2021,06/30/2024
260195,CITIZENS MEMORIAL HOSPITAL,1500 N OAKLAND,BOLIVAR,MO,65613,POLK,(417) 326-6000,READM_30_CABG,Rate of readmission for CABG,Not Available,Not Available,Not Available,Not Available,Not Available,Not Applicable,Not Applicable,5,07/01/2021,06/30/2024
260195,CITIZENS MEMORIAL HOSPITAL,1500 N OAKLAND,BOLIVAR,MO,65613,POLK,(417) 326-6000,READM_30_COPD,Rate of readmission for chronic obstructive pulmonary disease (COPD) patients,No Different Than the National Rate,25,17.5,14.4,21.3,Not Applicable,Not Applicable,,07/01/2021,06/30/2024
260195,CITIZENS MEMORIAL HOSPITAL,1500 N OAKLAND,BOLIVAR,MO,65613,POLK,(417) 326-6000,READM_30_HF,Heart failure (HF) 30-Day Readmission Rate,No Different Than the National Rate,69,18.6,15.3,22.5,Not Applicable,Not Applicable,,07/01/2021,06/30/2024
260195,CITIZENS MEMORIAL HOSPITAL,1500 N OAKLAND,BOLIVAR,MO,65613,POLK,(417) 326-6000,READM_30_HIP_KNEE,Rate of readmission after hip/knee replacement,Number of Cases Too Small,Not Available,Not Available,Not Available,Not Available,Not Applicable,Not Applicable,1,07/01/2021,06/30/2024
260195,CITIZENS MEMORIAL HOSPITAL,1500 N OAKLAND,BOLIVAR,MO,65613,POLK,(417) 326-6000,READM_30_PN,Pneumonia (PN) 30-Day Readmission Rate,No Different Than the National Rate,65,15.4,12.5,18.9,Not Applicable,Not Applicable,,07/01/2021,06/30/2024
260200,SSM ST JOSEPH HOSPITAL WEST,100 MEDICAL PLAZA,LAKE SAINT LOUIS,MO,63367,ST. CHARLES,(636) 625-5200,EDAC_30_AMI,Hospital return days for heart attack patients,More Days Than Average per 100 Discharges,116,37.1,18.6,58.5,113,25,,07/01/2021,06/30/2024
260200,SSM ST JOSEPH HOSPITAL WEST,100 MEDICAL PLAZA,LAKE SAINT LOUIS,MO,63367,ST. CHARLES,(636) 625-5200,EDAC_30_HF,Hospital return days for heart failure patients,Average Days per 100 Discharges,394,-9.9,-20.5,2.3,334,121,,07/01/2021,06/30/2024
260200,SSM ST JOSEPH HOSPITAL WEST,100 MEDICAL PLAZA,LAKE SAINT LOUIS,MO,63367,ST. CHARLES,(636) 625-5200,EDAC_30_PN,Hospital return days for pneumonia patients,Average Days per 100 Discharges,364,-8.8,-18.3,1.9,318,82,,07/01/2021,06/30/2024
260200,SSM ST JOSEPH HOSPITAL WEST,100 MEDICAL PLAZA,LAKE SAINT LOUIS,MO,63367,ST. CHARLES,(636) 625-5200,Hybrid_HWR,Hybrid Hospital-Wide All-Cause Readmission Measure (HWR),No Different Than the National Rate,1865,14.3,13.3,15.5,Not Applicable,Not Applicable,,07/01/2023,06/30/2024
260200,SSM ST JOSEPH HOSPITAL WEST,100 MEDICAL PLAZA,LAKE SAINT LOUIS,MO,63367,ST. CHARLES,(636) 625-5200,OP_32,"Rate of unplanned hospital visits after colonoscopy (per 1,000 colonoscopies)",No Different Than the National Rate,784,11.7,8.8,15.3,Not Applicable,Not Applicable,,01/01/2022,12/31/2024
260200,SSM ST JOSEPH HOSPITAL WEST,100 MEDICAL PLAZA,LAKE SAINT LOUIS,MO,63367,ST. CHARLES,(636) 625-5200,OP_35_ADM,Rate of inpatient admissions for patients receiving outpatient chemotherapy,Number of Cases Too Small,Not Available,Not Available,Not Available,Not Available,Not Applicable,Not Applicable,1,01/01/2024,12/31/2024
260200,SSM ST JOSEPH HOSPITAL WEST,100 MEDICAL PLAZA,LAKE SAINT LOUIS,MO,63367,ST. CHARLES,(636) 625-5200,OP_35_ED,Rate of emergency department (ED) visits for patients receiving outpatient chemotherapy,Number of Cases Too Small,Not Available,Not Available,Not Available,Not Available,Not Applicable,Not Applicable,1,01/01/2024,12/31/2024
260200,SSM ST JOSEPH HOSPITAL WEST,100 MEDICAL PLAZA,LAKE SAINT LOUIS,MO,63367,ST. CHARLES,(636) 625-5200,OP_36,Ratio of unplanned hospital visits after hospital outpatient surgery,No Different than expected,320,1,0.7,1.3,Not Applicable,Not Applicable,,01/01/2024,12/31/2024
260200,SSM ST JOSEPH HOSPITAL WEST,100 MEDICAL PLAZA,LAKE SAINT LOUIS,MO,63367,ST. CHARLES,(636) 625-5200,READM_30_AMI,Acute Myocardial Infarction (AMI) 30-Day Readmission Rate,No Different Than the National Rate,116,12.9,10.5,15.8,Not Applicable,Not Applicable,,07/01/2021,06/30/2024
260200,SSM ST JOSEPH HOSPITAL WEST,100 MEDICAL PLAZA,LAKE SAINT LOUIS,MO,63367,ST. CHARLES,(636) 625-5200,READM_30_CABG,Rate of readmission for CABG,Not Available,Not Available,Not Available,Not Available,Not Available,Not Applicable,Not Applicable,7,07/01/2021,06/30/2024
260200,SSM ST JOSEPH HOSPITAL WEST,100 MEDICAL PLAZA,LAKE SAINT LOUIS,MO,63367,ST. CHARLES,(636) 625-5200,READM_30_COPD,Rate of readmission for chronic obstructive pulmonary disease (COPD) patients,No Different Than the National Rate,106,17.8,14.9,21.1,Not Applicable,Not Applicable,,07/01/2021,06/30/2024
260200,SSM ST JOSEPH HOSPITAL WEST,100 MEDICAL PLAZA,LAKE SAINT LOUIS,MO,63367,ST. CHARLES,(636) 625-5200,READM_30_HF,Heart failure (HF) 30-Day Readmission Rate,No Different Than the National Rate,394,19.1,16.6,22.0,Not Applicable,Not Applicable,,07/01/2021,06/30/2024
260200,SSM ST JOSEPH HOSPITAL WEST,100 MEDICAL PLAZA,LAKE SAINT LOUIS,MO,63367,ST. CHARLES,(636) 625-5200,READM_30_HIP_KNEE,Rate of readmission after hip/knee replacement,Number of Cases Too Small,Not Available,Not Available,Not Available,Not Available,Not Applicable,Not Applicable,1,07/01/2021,06/30/2024
260200,SSM ST JOSEPH HOSPITAL WEST,100 MEDICAL PLAZA,LAKE SAINT LOUIS,MO,63367,ST. CHARLES,(636) 625-5200,READM_30_PN,Pneumonia (PN) 30-Day Readmission Rate,No Different Than the National Rate,364,15.3,13.1,17.8,Not Applicable,Not Applicable,,07/01/2021,06/30/2024
260214,BELTON REGIONAL MEDICAL CENTER,17065 S 71 HIGHWAY,BELTON,MO,64012,CASS,(816) 348-1200,EDAC_30_AMI,Hospital return days for heart attack patients,Number of Cases Too Small,Not Available,Not Available,Not Available,Not Available,Not Available,Not Available,1,07/01/2021,06/30/2024
260214,BELTON REGIONAL MEDICAL CENTER,17065 S 71 HIGHWAY,BELTON,MO,64012,CASS,(816) 348-1200,EDAC_30_HF,Hospital return days for heart failure patients,Average Days per 100 Discharges,86,11.1,-11.3,37.6,79,27,,07/01/2021,06/30/2024
260214,BELTON REGIONAL MEDICAL CENTER,17065 S 71 HIGHWAY,BELTON,MO,64012,CASS,(816) 348-1200,EDAC_30_PN,Hospital return days for pneumonia patients,More Days Than Average per 100 Discharges,151,51.8,33.1,71.9,135,44,,07/01/2021,06/30/2024
260214,BELTON REGIONAL MEDICAL CENTER,17065 S 71 HIGHWAY,BELTON,MO,64012,CASS,(816) 348-1200,Hybrid_HWR,Hybrid Hospital-Wide All-Cause Readmission Measure (HWR),No Different Than the National Rate,592,16.2,14.7,17.9,Not Applicable,Not Applicable,,07/01/2023,06/30/2024
260214,BELTON REGIONAL MEDICAL CENTER,17065 S 71 HIGHWAY,BELTON,MO,64012,CASS,(816) 348-1200,OP_32,"Rate of unplanned hospital visits after colonoscopy (per 1,000 colonoscopies)",No Different Than the National Rate,411,12.9,9.7,17.5,Not Applicable,Not Applicable,,01/01/2022,12/31/2024
260214,BELTON REGIONAL MEDICAL CENTER,17065 S 71 HIGHWAY,BELTON,MO,64012,CASS,(816) 348-1200,OP_35_ADM,Rate of inpatient admissions for patients receiving outpatient chemotherapy,No Different Than the National Rate,31,10.6,7.3,14.9,Not Applicable,Not Applicable,,01/01/2024,12/31/2024
260214,BELTON REGIONAL MEDICAL CENTER,17065 S 71 HIGHWAY,BELTON,MO,64012,CASS,(816) 348-1200,OP_35_ED,Rate of emergency department (ED) visits for patients receiving outpatient chemotherapy,No Different Than the National Rate,31,5.4,3.4,8.4,Not Applicable,Not Applicable,,01/01/2024,12/31/2024
260214,BELTON REGIONAL MEDICAL CENTER,17065 S 71 HIGHWAY,BELTON,MO,64012,CASS,(816) 348-1200,OP_36,Ratio of unplanned hospital visits after hospital outpatient surgery,No Different than expected,65,1.2,0.8,1.7,Not Applicable,Not Applicable,,01/01/2024,12/31/2024
260214,BELTON REGIONAL MEDICAL CENTER,17065 S 71 HIGHWAY,BELTON,MO,64012,CASS,(816) 348-1200,READM_30_AMI,Acute Myocardial Infarction (AMI) 30-Day Readmission Rate,Number of Cases Too Small,Not Available,Not Available,Not Available,Not Available,Not Applicable,Not Applicable,1,07/01/2021,06/30/2024
260214,BELTON REGIONAL MEDICAL CENTER,17065 S 71 HIGHWAY,BELTON,MO,64012,CASS,(816) 348-1200,READM_30_CABG,Rate of readmission for CABG,Not Available,Not Available,Not Available,Not Available,Not Available,Not Applicable,Not Applicable,5,07/01/2021,06/30/2024
260214,BELTON REGIONAL MEDICAL CENTER,17065 S 71 HIGHWAY,BELTON,MO,64012,CASS,(816) 348-1200,READM_30_COPD,Rate of readmission for chronic obstructive pulmonary disease (COPD) patients,No Different Than the National Rate,37,19.3,15.8,23.3,Not Applicable,Not Applicable,,07/01/2021,06/30/2024
260214,BELTON REGIONAL MEDICAL CENTER,17065 S 71 HIGHWAY,BELTON,MO,64012,CASS,(816) 348-1200,READM_30_HF,Heart failure (HF) 30-Day Readmission Rate,No Different Than the National Rate,86,19.8,16.4,23.5,Not Applicable,Not Applicable,,07/01/2021,06/30/2024
260214,BELTON REGIONAL MEDICAL CENTER,17065 S 71 HIGHWAY,BELTON,MO,64012,CASS,(816) 348-1200,READM_30_HIP_KNEE,Rate of readmission after hip/knee replacement,No Different Than the National Rate,29,5.5,3.2,9.0,Not Applicable,Not Applicable,,07/01/2021,06/30/2024
260214,BELTON REGIONAL MEDICAL CENTER,17065 S 71 HIGHWAY,BELTON,MO,64012,CASS,(816) 348-1200,READM_30_PN,Pneumonia (PN) 30-Day Readmission Rate,No Different Than the National Rate,151,17.4,14.4,20.7,Not Applicable,Not Applicable,,07/01/2021,06/30/2024
260216,SAINT LUKE'S EAST  HOSPITAL,100 N E SAINT LUKE'S BOULEVARD,LEES SUMMIT,MO,64086,JACKSON,(816) 347-5000,EDAC_30_AMI,Hospital return days for heart attack patients,Average Days per 100 Discharges,167,1.7,-10.7,14.6,165,44,,07/01/2021,06/30/2024
260216,SAINT LUKE'S EAST  HOSPITAL,100 N E SAINT LUKE'S BOULEVARD,LEES SUMMIT,MO,64086,JACKSON,(816) 347-5000,EDAC_30_HF,Hospital return days for heart failure patients,Fewer Days Than Average per 100 Discharges,827,-22.2,-29.3,-14.7,662,191,,07/01/2021,06/30/2024
260216,SAINT LUKE'S EAST  HOSPITAL,100 N E SAINT LUKE'S BOULEVARD,LEES SUMMIT,MO,64086,JACKSON,(816) 347-5000,EDAC_30_PN,Hospital return days for pneumonia patients,More Days Than Average per 100 Discharges,539,28,18.8,37.9,485,131,,07/01/2021,06/30/2024
260216,SAINT LUKE'S EAST  HOSPITAL,100 N E SAINT LUKE'S BOULEVARD,LEES SUMMIT,MO,64086,JACKSON,(816) 347-5000,Hybrid_HWR,Hybrid Hospital-Wide All-Cause Readmission Measure (HWR),No Different Than the National Rate,2883,14.3,13.4,15.4,Not Applicable,Not Applicable,,07/01/2023,06/30/2024
260216,SAINT LUKE'S EAST  HOSPITAL,100 N E SAINT LUKE'S BOULEVARD,LEES SUMMIT,MO,64086,JACKSON,(816) 347-5000,OP_32,"Rate of unplanned hospital visits after colonoscopy (per 1,000 colonoscopies)",No Different Than the National Rate,350,12.9,9.7,17.2,Not Applicable,Not Applicable,,01/01/2022,12/31/2024
260216,SAINT LUKE'S EAST  HOSPITAL,100 N E SAINT LUKE'S BOULEVARD,LEES SUMMIT,MO,64086,JACKSON,(816) 347-5000,OP_35_ADM,Rate of inpatient admissions for patients receiving outpatient chemotherapy,Number of Cases Too Small,Not Available,Not Available,Not Available,Not Available,Not Applicable,Not Applicable,1,01/01/2024,12/31/2024
260216,SAINT LUKE'S EAST  HOSPITAL,100 N E SAINT LUKE'S BOULEVARD,LEES SUMMIT,MO,64086,JACKSON,(816) 347-5000,OP_35_ED,Rate of emergency department (ED) visits for patients receiving outpatient chemotherapy,Number of Cases Too Small,Not Available,Not Available,Not Available,Not Available,Not Applicable,Not Applicable,1,01/01/2024,12/31/2024
260216,SAINT LUKE'S EAST  HOSPITAL,100 N E SAINT LUKE'S BOULEVARD,LEES SUMMIT,MO,64086,JACKSON,(816) 347-5000,OP_36,Ratio of unplanned hospital visits after hospital outpatient surgery,No Different than expected,448,0.9,0.6,1.1,Not Applicable,Not Applicable,,01/01/2024,12/31/2024
260216,SAINT LUKE'S EAST  HOSPITAL,100 N E SAINT LUKE'S BOULEVARD,LEES SUMMIT,MO,64086,JACKSON,(816) 347-5000,READM_30_AMI,Acute Myocardial Infarction (AMI) 30-Day Readmission Rate,No Different Than the National Rate,167,13.4,10.6,16.3,Not Applicable,Not Applicable,,07/01/2021,06/30/2024
260216,SAINT LUKE'S EAST  HOSPITAL,100 N E SAINT LUKE'S BOULEVARD,LEES SUMMIT,MO,64086,JACKSON,(816) 347-5000,READM_30_CABG,Rate of readmission for CABG,Not Available,Not Available,Not Available,Not Available,Not Available,Not Applicable,Not Applicable,5,07/01/2021,06/30/2024
260216,SAINT LUKE'S EAST  HOSPITAL,100 N E SAINT LUKE'S BOULEVARD,LEES SUMMIT,MO,64086,JACKSON,(816) 347-5000,READM_30_COPD,Rate of readmission for chronic obstructive pulmonary disease (COPD) patients,No Different Than the National Rate,206,17.5,14.7,20.5,Not Applicable,Not Applicable,,07/01/2021,06/30/2024
260216,SAINT LUKE'S EAST  HOSPITAL,100 N E SAINT LUKE'S BOULEVARD,LEES SUMMIT,MO,64086,JACKSON,(816) 347-5000,READM_30_HF,Heart failure (HF) 30-Day Readmission Rate,Better Than the National Rate,827,17,15.0,19.1,Not Applicable,Not Applicable,,07/01/2021,06/30/2024
260216,SAINT LUKE'S EAST  HOSPITAL,100 N E SAINT LUKE'S BOULEVARD,LEES SUMMIT,MO,64086,JACKSON,(816) 347-5000,READM_30_HIP_KNEE,Rate of readmission after hip/knee replacement,No Different Than the National Rate,42,5.8,3.6,9.3,Not Applicable,Not Applicable,,07/01/2021,06/30/2024
260216,SAINT LUKE'S EAST  HOSPITAL,100 N E SAINT LUKE'S BOULEVARD,LEES SUMMIT,MO,64086,JACKSON,(816) 347-5000,READM_30_PN,Pneumonia (PN) 30-Day Readmission Rate,No Different Than the National Rate,539,16.6,14.5,19.0,Not Applicable,Not Applicable,,07/01/2021,06/30/2024
260219,PROGRESS WEST HOSPITAL,2 PROGRESS POINT PKWY,OFALLON,MO,63368,ST. CHARLES,(636) 344-2273,EDAC_30_AMI,Hospital return days for heart attack patients,Number of Cases Too Small,Not Available,Not Available,Not Available,Not Available,Not Available,Not Available,1,07/01/2021,06/30/2024
260219,PROGRESS WEST HOSPITAL,2 PROGRESS POINT PKWY,OFALLON,MO,63368,ST. CHARLES,(636) 344-2273,EDAC_30_HF,Hospital return days for heart failure patients,Average Days per 100 Discharges,124,8.5,-10.5,29.1,114,27,,07/01/2021,06/30/2024
260219,PROGRESS WEST HOSPITAL,2 PROGRESS POINT PKWY,OFALLON,MO,63368,ST. CHARLES,(636) 344-2273,EDAC_30_PN,Hospital return days for pneumonia patients,Fewer Days Than Average per 100 Discharges,180,-26.9,-40.2,-11.9,160,34,,07/01/2021,06/30/2024
260219,PROGRESS WEST HOSPITAL,2 PROGRESS POINT PKWY,OFALLON,MO,63368,ST. CHARLES,(636) 344-2273,Hybrid_HWR,Hybrid Hospital-Wide All-Cause Readmission Measure (HWR),No Different Than the National Rate,724,13.7,12.4,15.1,Not Applicable,Not Applicable,,07/01/2023,06/30/2024
260219,PROGRESS WEST HOSPITAL,2 PROGRESS POINT PKWY,OFALLON,MO,63368,ST. CHARLES,(636) 344-2273,OP_32,"Rate of unplanned hospital visits after colonoscopy (per 1,000 colonoscopies)",No Different Than the National Rate,780,12.9,9.8,17.2,Not Applicable,Not Applicable,,01/01/2022,12/31/2024
260219,PROGRESS WEST HOSPITAL,2 PROGRESS POINT PKWY,OFALLON,MO,63368,ST. CHARLES,(636) 344-2273,OP_35_ADM,Rate of inpatient admissions for patients receiving outpatient chemotherapy,Number of Cases Too Small,Not Available,Not Available,Not Available,Not Available,Not Applicable,Not Applicable,1,01/01/2024,12/31/2024
260219,PROGRESS WEST HOSPITAL,2 PROGRESS POINT PKWY,OFALLON,MO,63368,ST. CHARLES,(636) 344-2273,OP_35_ED,Rate of emergency department (ED) visits for patients receiving outpatient chemotherapy,Number of Cases Too Small,Not Available,Not Available,Not Available,Not Available,Not Applicable,Not Applicable,1,01/01/2024,12/31/2024
260219,PROGRESS WEST HOSPITAL,2 PROGRESS POINT PKWY,OFALLON,MO,63368,ST. CHARLES,(636) 344-2273,OP_36,Ratio of unplanned hospital visits after hospital outpatient surgery,No Different than expected,253,0.9,0.7,1.2,Not Applicable,Not Applicable,,01/01/2024,12/31/2024
260219,PROGRESS WEST HOSPITAL,2 PROGRESS POINT PKWY,OFALLON,MO,63368,ST. CHARLES,(636) 344-2273,READM_30_AMI,Acute Myocardial Infarction (AMI) 30-Day Readmission Rate,No Different Than the National Rate,36,13.1,10.3,16.5,Not Applicable,Not Applicable,,07/01/2021,06/30/2024
260219,PROGRESS WEST HOSPITAL,2 PROGRESS POINT PKWY,OFALLON,MO,63368,ST. CHARLES,(636) 344-2273,READM_30_CABG,Rate of readmission for CABG,Not Available,Not Available,Not Available,Not Available,Not Available,Not Applicable,Not Applicable,5,07/01/2021,06/30/2024
260219,PROGRESS WEST HOSPITAL,2 PROGRESS POINT PKWY,OFALLON,MO,63368,ST. CHARLES,(636) 344-2273,READM_30_COPD,Rate of readmission for chronic obstructive pulmonary disease (COPD) patients,No Different Than the National Rate,60,17.7,14.6,21.1,Not Applicable,Not Applicable,,07/01/2021,06/30/2024
260219,PROGRESS WEST HOSPITAL,2 PROGRESS POINT PKWY,OFALLON,MO,63368,ST. CHARLES,(636) 344-2273,READM_30_HF,Heart failure (HF) 30-Day Readmission Rate,No Different Than the National Rate,124,18.6,15.4,22.1,Not Applicable,Not Applicable,,07/01/2021,06/30/2024
260219,PROGRESS WEST HOSPITAL,2 PROGRESS POINT PKWY,OFALLON,MO,63368,ST. CHARLES,(636) 344-2273,READM_30_HIP_KNEE,Rate of readmission after hip/knee replacement,No Different Than the National Rate,41,4.7,2.8,7.6,Not Applicable,Not Applicable,,07/01/2021,06/30/2024
260219,PROGRESS WEST HOSPITAL,2 PROGRESS POINT PKWY,OFALLON,MO,63368,ST. CHARLES,(636) 344-2273,READM_30_PN,Pneumonia (PN) 30-Day Readmission Rate,No Different Than the National Rate,180,15.1,12.7,18.0,Not Applicable,Not Applicable,,07/01/2021,06/30/2024
26023F,COLUMBIA MO VA MEDICAL CENTER,800 HOSPITAL DR,COLUMBIA,MO,65201,BOONE,(573) 814-6000,EDAC_30_AMI,Hospital return days for heart attack patients,More Days Than Average per 100 Discharges,187,41.6,26.5,58.7,175,65,,07/01/2021,06/30/2024
26023F,COLUMBIA MO VA MEDICAL CENTER,800 HOSPITAL DR,COLUMBIA,MO,65201,BOONE,(573) 814-6000,EDAC_30_HF,Hospital return days for heart failure patients,More Days Than Average per 100 Discharges,549,17.5,7.3,27.8,428,161,,07/01/2021,06/30/2024
26023F,COLUMBIA MO VA MEDICAL CENTER,800 HOSPITAL DR,COLUMBIA,MO,65201,BOONE,(573) 814-6000,EDAC_30_PN,Hospital return days for pneumonia patients,More Days Than Average per 100 Discharges,513,21.8,12.9,31.9,447,138,,07/01/2021,06/30/2024
26023F,COLUMBIA MO VA MEDICAL CENTER,800 HOSPITAL DR,COLUMBIA,MO,65201,BOONE,(573) 814-6000,Hybrid_HWR,Hybrid Hospital-Wide All-Cause Readmission Measure (HWR),No Different Than the National Rate,2801,15.9,14.9,17.0,Not Applicable,Not Applicable,,07/01/2023,06/30/2024
26023F,COLUMBIA MO VA MEDICAL CENTER,800 HOSPITAL DR,COLUMBIA,MO,65201,BOONE,(573) 814-6000,OP_32,"Rate of unplanned hospital visits after colonoscopy (per 1,000 colonoscopies)",Not Available,Not Available,Not Available,Not Available,Not Available,Not Applicable,Not Applicable,5,01/01/2022,12/31/2024
26023F,COLUMBIA MO VA MEDICAL CENTER,800 HOSPITAL DR,COLUMBIA,MO,65201,BOONE,(573) 814-6000,OP_35_ADM,Rate of inpatient admissions for patients receiving outpatient chemotherapy,Not Available,Not Available,Not Available,Not Available,Not Available,Not Applicable,Not Applicable,5,01/01/2024,12/31/2024
26023F,COLUMBIA MO VA MEDICAL CENTER,800 HOSPITAL DR,COLUMBIA,MO,65201,BOONE,(573) 814-6000,OP_35_ED,Rate of emergency department (ED) visits for patients receiving outpatient chemotherapy,Not Available,Not Available,Not Available,Not Available,Not Available,Not Applicable,Not Applicable,5,01/01/2024,12/31/2024
26023F,COLUMBIA MO VA MEDICAL CENTER,800 HOSPITAL DR,COLUMBIA,MO,65201,BOONE,(573) 814-6000,OP_36,Ratio of unplanned hospital visits after hospital outpatient surgery,Not Available,Not Available,Not Available,Not Available,Not Available,Not Applicable,Not Applicable,5,01/01/2024,12/31/2024
26023F,COLUMBIA MO VA MEDICAL CENTER,800 HOSPITAL DR,COLUMBIA,MO,65201,BOONE,(573) 814-6000,READM_30_AMI,Acute Myocardial Infarction (AMI) 30-Day Readmission Rate,No Different Than the National Rate,187,15.8,13.0,19.2,Not Applicable,Not Applicable,,07/01/2021,06/30/2024
26023F,COLUMBIA MO VA MEDICAL CENTER,800 HOSPITAL DR,COLUMBIA,MO,65201,BOONE,(573) 814-6000,READM_30_CABG,Rate of readmission for CABG,Not Available,Not Available,Not Available,Not Available,Not Available,Not Applicable,Not Applicable,5,07/01/2021,06/30/2024
26023F,COLUMBIA MO VA MEDICAL CENTER,800 HOSPITAL DR,COLUMBIA,MO,65201,BOONE,(573) 814-6000,READM_30_COPD,Rate of readmission for chronic obstructive pulmonary disease (COPD) patients,No Different Than the National Rate,277,18.7,15.8,21.8,Not Applicable,Not Applicable,,07/01/2021,06/30/2024
26023F,COLUMBIA MO VA MEDICAL CENTER,800 HOSPITAL DR,COLUMBIA,MO,65201,BOONE,(573) 814-6000,READM_30_HF,Heart failure (HF) 30-Day Readmission Rate,No Different Than the National Rate,549,21.7,19.1,24.4,Not Applicable,Not Applicable,,07/01/2021,06/30/2024
26023F,COLUMBIA MO VA MEDICAL CENTER,800 HOSPITAL DR,COLUMBIA,MO,65201,BOONE,(573) 814-6000,READM_30_HIP_KNEE,Rate of readmission after hip/knee replacement,No Different Than the National Rate,451,3.4,2.3,5.1,Not Applicable,Not Applicable,,07/01/2021,06/30/2024
26023F,COLUMBIA MO VA MEDICAL CENTER,800 HOSPITAL DR,COLUMBIA,MO,65201,BOONE,(573) 814-6000,READM_30_PN,Pneumonia (PN) 30-Day Readmission Rate,No Different Than the National Rate,513,17.3,15.0,20.0,Not Applicable,Not Applicable,,07/01/2021,06/30/2024
260779,PARKLAND HEALTH CENTER - BONNE TERRE,7245 RAIDER ROAD,BONNE TERRE,MO,63628,ST. FRANCOIS,(573) 358-1400,EDAC_30_AMI,Hospital return days for heart attack patients,Not Available,Not Available,Not Available,Not Available,Not Available,Not Available,Not Available,19,07/01/2021,06/30/2024
260779,PARKLAND HEALTH CENTER - BONNE TERRE,7245 RAIDER ROAD,BONNE TERRE,MO,63628,ST. FRANCOIS,(573) 358-1400,EDAC_30_HF,Hospital return days for heart failure patients,Not Available,Not Available,Not Available,Not Available,Not Available,Not Available,Not Available,19,07/01/2021,06/30/2024
260779,PARKLAND HEALTH CENTER - BONNE TERRE,7245 RAIDER ROAD,BONNE TERRE,MO,63628,ST. FRANCOIS,(573) 358-1400,EDAC_30_PN,Hospital return days for pneumonia patients,Not Available,Not Available,Not Available,Not Available,Not Available,Not Available,Not Available,19,07/01/2021,06/30/2024
260779,PARKLAND HEALTH CENTER - BONNE TERRE,7245 RAIDER ROAD,BONNE TERRE,MO,63628,ST. FRANCOIS,(573) 358-1400,Hybrid_HWR,Hybrid Hospital-Wide All-Cause Readmission Measure (HWR),Not Available,Not Available,Not Available,Not Available,Not Available,Not Applicable,Not Applicable,19,07/01/2023,06/30/2024
260779,PARKLAND HEALTH CENTER - BONNE TERRE,7245 RAIDER ROAD,BONNE TERRE,MO,63628,ST. FRANCOIS,(573) 358-1400,OP_32,"Rate of unplanned hospital visits after colonoscopy (per 1,000 colonoscopies)",Not Available,Not Available,Not Available,Not Available,Not Available,Not Applicable,Not Applicable,19,01/01/2022,12/31/2024
260779,PARKLAND HEALTH CENTER - BONNE TERRE,7245 RAIDER ROAD,BONNE TERRE,MO,63628,ST. FRANCOIS,(573) 358-1400,OP_35_ADM,Rate of inpatient admissions for patients receiving outpatient chemotherapy,Not Available,Not Available,Not Available,Not Available,Not Available,Not Applicable,Not Applicable,19,01/01/2024,12/31/2024
260779,PARKLAND HEALTH CENTER - BONNE TERRE,7245 RAIDER ROAD,BONNE TERRE,MO,63628,ST. FRANCOIS,(573) 358-1400,OP_35_ED,Rate of emergency department (ED) visits for patients receiving outpatient chemotherapy,Not Available,Not Available,Not Available,Not Available,Not Available,Not Applicable,Not Applicable,19,01/01/2024,12/31/2024
260779,PARKLAND HEALTH CENTER - BONNE TERRE,7245 RAIDER ROAD,BONNE TERRE,MO,63628,ST. FRANCOIS,(573) 358-1400,OP_36,Ratio of unplanned hospital visits after hospital outpatient surgery,Not Available,Not Available,Not Available,Not Available,Not Available,Not Applicable,Not Applicable,19,01/01/2024,12/31/2024
260779,PARKLAND HEALTH CENTER - BONNE TERRE,7245 RAIDER ROAD,BONNE TERRE,MO,63628,ST. FRANCOIS,(573) 358-1400,READM_30_AMI,Acute Myocardial Infarction (AMI) 30-Day Readmission Rate,Not Available,Not Available,Not Available,Not Available,Not Available,Not Applicable,Not Applicable,19,07/01/2021,06/30/2024
260779,PARKLAND HEALTH CENTER - BONNE TERRE,7245 RAIDER ROAD,BONNE TERRE,MO,63628,ST. FRANCOIS,(573) 358-1400,READM_30_CABG,Rate of readmission for CABG,Not Available,Not Available,Not Available,Not Available,Not Available,Not Applicable,Not Applicable,19,07/01/2021,06/30/2024
260779,PARKLAND HEALTH CENTER - BONNE TERRE,7245 RAIDER ROAD,BONNE TERRE,MO,63628,ST. FRANCOIS,(573) 358-1400,READM_30_COPD,Rate of readmission for chronic obstructive pulmonary disease (COPD) patients,Not Available,Not Available,Not Available,Not Available,Not Available,Not Applicable,Not Applicable,19,07/01/2021,06/30/2024
260779,PARKLAND HEALTH CENTER - BONNE TERRE,7245 RAIDER ROAD,BONNE TERRE,MO,63628,ST. FRANCOIS,(573) 358-1400,READM_30_HF,Heart failure (HF) 30-Day Readmission Rate,Not Available,Not Available,Not Available,Not Available,Not Available,Not Applicable,Not Applicable,19,07/01/2021,06/30/2024
260779,PARKLAND HEALTH CENTER - BONNE TERRE,7245 RAIDER ROAD,BONNE TERRE,MO,63628,ST. FRANCOIS,(573) 358-1400,READM_30_HIP_KNEE,Rate of readmission after hip/knee replacement,Not Available,Not Available,Not Available,Not Available,Not Available,Not Applicable,Not Applicable,19,07/01/2021,06/30/2024
260779,PARKLAND HEALTH CENTER - BONNE TERRE,7245 RAIDER ROAD,BONNE TERRE,MO,63628,ST. FRANCOIS,(573) 358-1400,READM_30_PN,Pneumonia (PN) 30-Day Readmission Rate,Not Available,Not Available,Not Available,Not Available,Not Available,Not Applicable,Not Applicable,19,07/01/2021,06/30/2024
261301,ELLETT MEMORIAL HOSPITAL,610 N OHIO STREET,APPLETON CITY,MO,64724,ST. CLAIR,(660) 476-2111,EDAC_30_AMI,Hospital return days for heart attack patients,Number of Cases Too Small,Not Available,Not Available,Not Available,Not Available,Not Available,Not Available,1,07/01/2021,06/30/2024
261301,ELLETT MEMORIAL HOSPITAL,610 N OHIO STREET,APPLETON CITY,MO,64724,ST. CLAIR,(660) 476-2111,EDAC_30_HF,Hospital return days for heart failure patients,Number of Cases Too Small,Not Available,Not Available,Not Available,Not Available,Not Available,Not Available,1,07/01/2021,06/30/2024
261301,ELLETT MEMORIAL HOSPITAL,610 N OHIO STREET,APPLETON CITY,MO,64724,ST. CLAIR,(660) 476-2111,EDAC_30_PN,Hospital return days for pneumonia patients,Number of Cases Too Small,Not Available,Not Available,Not Available,Not Available,Not Available,Not Available,1,07/01/2021,06/30/2024
261301,ELLETT MEMORIAL HOSPITAL,610 N OHIO STREET,APPLETON CITY,MO,64724,ST. CLAIR,(660) 476-2111,Hybrid_HWR,Hybrid Hospital-Wide All-Cause Readmission Measure (HWR),Number of Cases Too Small,Not Available,Not Available,Not Available,Not Available,Not Applicable,Not Applicable,1,07/01/2023,06/30/2024
261301,ELLETT MEMORIAL HOSPITAL,610 N OHIO STREET,APPLETON CITY,MO,64724,ST. CLAIR,(660) 476-2111,OP_32,"Rate of unplanned hospital visits after colonoscopy (per 1,000 colonoscopies)",Not Available,Not Available,Not Available,Not Available,Not Available,Not Applicable,Not Applicable,5,01/01/2022,12/31/2024
261301,ELLETT MEMORIAL HOSPITAL,610 N OHIO STREET,APPLETON CITY,MO,64724,ST. CLAIR,(660) 476-2111,OP_35_ADM,Rate of inpatient admissions for patients receiving outpatient chemotherapy,Not Available,Not Available,Not Available,Not Available,Not Available,Not Applicable,Not Applicable,5,01/01/2024,12/31/2024
261301,ELLETT MEMORIAL HOSPITAL,610 N OHIO STREET,APPLETON CITY,MO,64724,ST. CLAIR,(660) 476-2111,OP_35_ED,Rate of emergency department (ED) visits for patients receiving outpatient chemotherapy,Not Available,Not Available,Not Available,Not Available,Not Available,Not Applicable,Not Applicable,5,01/01/2024,12/31/2024
261301,ELLETT MEMORIAL HOSPITAL,610 N OHIO STREET,APPLETON CITY,MO,64724,ST. CLAIR,(660) 476-2111,OP_36,Ratio of unplanned hospital visits after hospital outpatient surgery,Not Available,Not Available,Not Available,Not Available,Not Available,Not Applicable,Not Applicable,5,01/01/2024,12/31/2024
261301,ELLETT MEMORIAL HOSPITAL,610 N OHIO STREET,APPLETON CITY,MO,64724,ST. CLAIR,(660) 476-2111,READM_30_AMI,Acute Myocardial Infarction (AMI) 30-Day Readmission Rate,Number of Cases Too Small,Not Available,Not Available,Not Available,Not Available,Not Applicable,Not Applicable,1,07/01/2021,06/30/2024
261301,ELLETT MEMORIAL HOSPITAL,610 N OHIO STREET,APPLETON CITY,MO,64724,ST. CLAIR,(660) 476-2111,READM_30_CABG,Rate of readmission for CABG,Not Available,Not Available,Not Available,Not Available,Not Available,Not Applicable,Not Applicable,5,07/01/2021,06/30/2024
261301,ELLETT MEMORIAL HOSPITAL,610 N OHIO STREET,APPLETON CITY,MO,64724,ST. CLAIR,(660) 476-2111,READM_30_COPD,Rate of readmission for chronic obstructive pulmonary disease (COPD) patients,Number of Cases Too Small,Not Available,Not Available,Not Available,Not Available,Not Applicable,Not Applicable,1,07/01/2021,06/30/2024
261301,ELLETT MEMORIAL HOSPITAL,610 N OHIO STREET,APPLETON CITY,MO,64724,ST. CLAIR,(660) 476-2111,READM_30_HF,Heart failure (HF) 30-Day Readmission Rate,Number of Cases Too Small,Not Available,Not Available,Not Available,Not Available,Not Applicable,Not Applicable,1,07/01/2021,06/30/2024
261301,ELLETT MEMORIAL HOSPITAL,610 N OHIO STREET,APPLETON CITY,MO,64724,ST. CLAIR,(660) 476-2111,READM_30_HIP_KNEE,Rate of readmission after hip/knee replacement,Not Available,Not Available,Not Available,Not Available,Not Available,Not Applicable,Not Applicable,5,07/01/2021,06/30/2024
261301,ELLETT MEMORIAL HOSPITAL,610 N OHIO STREET,APPLETON CITY,MO,64724,ST. CLAIR,(660) 476-2111,READM_30_PN,Pneumonia (PN) 30-Day Readmission Rate,Number of Cases Too Small,Not Available,Not Available,Not Available,Not Available,Not Applicable,Not Applicable,1,07/01/2021,06/30/2024
261302,MADISON MEDICAL CENTER,611 W MAIN ST,FREDERICKTOWN,MO,63645,MADISON,(573) 781-3341,EDAC_30_AMI,Hospital return days for heart attack patients,Not Available,Not Available,Not Available,Not Available,Not Available,Not Available,Not Available,5,07/01/2021,06/30/2024
261302,MADISON MEDICAL CENTER,611 W MAIN ST,FREDERICKTOWN,MO,63645,MADISON,(573) 781-3341,EDAC_30_HF,Hospital return days for heart failure patients,Number of Cases Too Small,Not Available,Not Available,Not Available,Not Available,Not Available,Not Available,1,07/01/2021,06/30/2024
261302,MADISON MEDICAL CENTER,611 W MAIN ST,FREDERICKTOWN,MO,63645,MADISON,(573) 781-3341,EDAC_30_PN,Hospital return days for pneumonia patients,Average Days per 100 Discharges,58,0,-19.3,24.2,50,15,,07/01/2021,06/30/2024
261302,MADISON MEDICAL CENTER,611 W MAIN ST,FREDERICKTOWN,MO,63645,MADISON,(573) 781-3341,Hybrid_HWR,Hybrid Hospital-Wide All-Cause Readmission Measure (HWR),No Different Than the National Rate,49,14.4,12.5,16.7,Not Applicable,Not Applicable,,07/01/2023,06/30/2024
261302,MADISON MEDICAL CENTER,611 W MAIN ST,FREDERICKTOWN,MO,63645,MADISON,(573) 781-3341,OP_32,"Rate of unplanned hospital visits after colonoscopy (per 1,000 colonoscopies)",No Different Than the National Rate,47,13.4,9.8,18.4,Not Applicable,Not Applicable,,01/01/2022,12/31/2024
261302,MADISON MEDICAL CENTER,611 W MAIN ST,FREDERICKTOWN,MO,63645,MADISON,(573) 781-3341,OP_35_ADM,Rate of inpatient admissions for patients receiving outpatient chemotherapy,Not Available,Not Available,Not Available,Not Available,Not Available,Not Applicable,Not Applicable,5,01/01/2024,12/31/2024
261302,MADISON MEDICAL CENTER,611 W MAIN ST,FREDERICKTOWN,MO,63645,MADISON,(573) 781-3341,OP_35_ED,Rate of emergency department (ED) visits for patients receiving outpatient chemotherapy,Not Available,Not Available,Not Available,Not Available,Not Available,Not Applicable,Not Applicable,5,01/01/2024,12/31/2024
261302,MADISON MEDICAL CENTER,611 W MAIN ST,FREDERICKTOWN,MO,63645,MADISON,(573) 781-3341,OP_36,Ratio of unplanned hospital visits after hospital outpatient surgery,Not Available,Not Available,Not Available,Not Available,Not Available,Not Applicable,Not Applicable,7,01/01/2024,12/31/2024
261302,MADISON MEDICAL CENTER,611 W MAIN ST,FREDERICKTOWN,MO,63645,MADISON,(573) 781-3341,READM_30_AMI,Acute Myocardial Infarction (AMI) 30-Day Readmission Rate,Not Available,Not Available,Not Available,Not Available,Not Available,Not Applicable,Not Applicable,5,07/01/2021,06/30/2024
261302,MADISON MEDICAL CENTER,611 W MAIN ST,FREDERICKTOWN,MO,63645,MADISON,(573) 781-3341,READM_30_CABG,Rate of readmission for CABG,Not Available,Not Available,Not Available,Not Available,Not Available,Not Applicable,Not Applicable,5,07/01/2021,06/30/2024
261302,MADISON MEDICAL CENTER,611 W MAIN ST,FREDERICKTOWN,MO,63645,MADISON,(573) 781-3341,READM_30_COPD,Rate of readmission for chronic obstructive pulmonary disease (COPD) patients,Not Available,Not Available,Not Available,Not Available,Not Available,Not Applicable,Not Applicable,5,07/01/2021,06/30/2024
261302,MADISON MEDICAL CENTER,611 W MAIN ST,FREDERICKTOWN,MO,63645,MADISON,(573) 781-3341,READM_30_HF,Heart failure (HF) 30-Day Readmission Rate,Number of Cases Too Small,Not Available,Not Available,Not Available,Not Available,Not Applicable,Not Applicable,1,07/01/2021,06/30/2024
261302,MADISON MEDICAL CENTER,611 W MAIN ST,FREDERICKTOWN,MO,63645,MADISON,(573) 781-3341,READM_30_HIP_KNEE,Rate of readmission after hip/knee replacement,Not Available,Not Available,Not Available,Not Available,Not Available,Not Applicable,Not Applicable,5,07/01/2021,06/30/2024
261302,MADISON MEDICAL CENTER,611 W MAIN ST,FREDERICKTOWN,MO,63645,MADISON,(573) 781-3341,READM_30_PN,Pneumonia (PN) 30-Day Readmission Rate,No Different Than the National Rate,58,15.4,12.4,19.0,Not Applicable,Not Applicable,,07/01/2021,06/30/2024
261303,COMMUNITY HOSPITAL ASSOCIATION,"26136 US HIGHWAY 59, PO BOX 107",FAIRFAX,MO,64446,ATCHISON,(660) 686-2211,EDAC_30_AMI,Hospital return days for heart attack patients,Number of Cases Too Small,Not Available,Not Available,Not Available,Not Available,Not Available,Not Available,1,07/01/2021,06/30/2024
261303,COMMUNITY HOSPITAL ASSOCIATION,"26136 US HIGHWAY 59, PO BOX 107",FAIRFAX,MO,64446,ATCHISON,(660) 686-2211,EDAC_30_HF,Hospital return days for heart failure patients,Fewer Days Than Average per 100 Discharges,36,-44.3,-64.3,-17,27,6,,07/01/2021,06/30/2024
261303,COMMUNITY HOSPITAL ASSOCIATION,"26136 US HIGHWAY 59, PO BOX 107",FAIRFAX,MO,64446,ATCHISON,(660) 686-2211,EDAC_30_PN,Hospital return days for pneumonia patients,More Days Than Average per 100 Discharges,74,45,22.2,71.3,66,21,,07/01/2021,06/30/2024
261303,COMMUNITY HOSPITAL ASSOCIATION,"26136 US HIGHWAY 59, PO BOX 107",FAIRFAX,MO,64446,ATCHISON,(660) 686-2211,Hybrid_HWR,Hybrid Hospital-Wide All-Cause Readmission Measure (HWR),No Different Than the National Rate,118,14.9,13.0,17.0,Not Applicable,Not Applicable,,07/01/2023,06/30/2024
261303,COMMUNITY HOSPITAL ASSOCIATION,"26136 US HIGHWAY 59, PO BOX 107",FAIRFAX,MO,64446,ATCHISON,(660) 686-2211,OP_32,"Rate of unplanned hospital visits after colonoscopy (per 1,000 colonoscopies)",Number of Cases Too Small,Not Available,Not Available,Not Available,Not Available,Not Applicable,Not Applicable,1,01/01/2022,12/31/2024
261303,COMMUNITY HOSPITAL ASSOCIATION,"26136 US HIGHWAY 59, PO BOX 107",FAIRFAX,MO,64446,ATCHISON,(660) 686-2211,OP_35_ADM,Rate of inpatient admissions for patients receiving outpatient chemotherapy,Number of Cases Too Small,Not Available,Not Available,Not Available,Not Available,Not Applicable,Not Applicable,1,01/01/2024,12/31/2024
261303,COMMUNITY HOSPITAL ASSOCIATION,"26136 US HIGHWAY 59, PO BOX 107",FAIRFAX,MO,64446,ATCHISON,(660) 686-2211,OP_35_ED,Rate of emergency department (ED) visits for patients receiving outpatient chemotherapy,Number of Cases Too Small,Not Available,Not Available,Not Available,Not Available,Not Applicable,Not Applicable,1,01/01/2024,12/31/2024
261303,COMMUNITY HOSPITAL ASSOCIATION,"26136 US HIGHWAY 59, PO BOX 107",FAIRFAX,MO,64446,ATCHISON,(660) 686-2211,OP_36,Ratio of unplanned hospital visits after hospital outpatient surgery,Number of cases too small,Not Available,Not Available,Not Available,Not Available,Not Applicable,Not Applicable,1,01/01/2024,12/31/2024
261303,COMMUNITY HOSPITAL ASSOCIATION,"26136 US HIGHWAY 59, PO BOX 107",FAIRFAX,MO,64446,ATCHISON,(660) 686-2211,READM_30_AMI,Acute Myocardial Infarction (AMI) 30-Day Readmission Rate,Number of Cases Too Small,Not Available,Not Available,Not Available,Not Available,Not Applicable,Not Applicable,1,07/01/2021,06/30/2024
261303,COMMUNITY HOSPITAL ASSOCIATION,"26136 US HIGHWAY 59, PO BOX 107",FAIRFAX,MO,64446,ATCHISON,(660) 686-2211,READM_30_CABG,Rate of readmission for CABG,Not Available,Not Available,Not Available,Not Available,Not Available,Not Applicable,Not Applicable,5,07/01/2021,06/30/2024
261303,COMMUNITY HOSPITAL ASSOCIATION,"26136 US HIGHWAY 59, PO BOX 107",FAIRFAX,MO,64446,ATCHISON,(660) 686-2211,READM_30_COPD,Rate of readmission for chronic obstructive pulmonary disease (COPD) patients,No Different Than the National Rate,53,17.8,14.3,21.8,Not Applicable,Not Applicable,,07/01/2021,06/30/2024
261303,COMMUNITY HOSPITAL ASSOCIATION,"26136 US HIGHWAY 59, PO BOX 107",FAIRFAX,MO,64446,ATCHISON,(660) 686-2211,READM_30_HF,Heart failure (HF) 30-Day Readmission Rate,No Different Than the National Rate,36,19.2,15.5,23.4,Not Applicable,Not Applicable,,07/01/2021,06/30/2024
261303,COMMUNITY HOSPITAL ASSOCIATION,"26136 US HIGHWAY 59, PO BOX 107",FAIRFAX,MO,64446,ATCHISON,(660) 686-2211,READM_30_HIP_KNEE,Rate of readmission after hip/knee replacement,Not Available,Not Available,Not Available,Not Available,Not Available,Not Applicable,Not Applicable,5,07/01/2021,06/30/2024
261303,COMMUNITY HOSPITAL ASSOCIATION,"26136 US HIGHWAY 59, PO BOX 107",FAIRFAX,MO,64446,ATCHISON,(660) 686-2211,READM_30_PN,Pneumonia (PN) 30-Day Readmission Rate,No Different Than the National Rate,74,16.8,13.6,20.6,Not Applicable,Not Applicable,,07/01/2021,06/30/2024
261305,PUTNAM COUNTY MEMORIAL HOSPITAL,"1926 OAK STREET,  PO BOX 389",UNIONVILLE,MO,63565,PUTNAM,(660) 947-2411,EDAC_30_AMI,Hospital return days for heart attack patients,Number of Cases Too Small,Not Available,Not Available,Not Available,Not Available,Not Available,Not Available,1,07/01/2021,06/30/2024
261305,PUTNAM COUNTY MEMORIAL HOSPITAL,"1926 OAK STREET,  PO BOX 389",UNIONVILLE,MO,63565,PUTNAM,(660) 947-2411,EDAC_30_HF,Hospital return days for heart failure patients,Number of Cases Too Small,Not Available,Not Available,Not Available,Not Available,Not Available,Not Available,1,07/01/2021,06/30/2024
261305,PUTNAM COUNTY MEMORIAL HOSPITAL,"1926 OAK STREET,  PO BOX 389",UNIONVILLE,MO,63565,PUTNAM,(660) 947-2411,EDAC_30_PN,Hospital return days for pneumonia patients,Number of Cases Too Small,Not Available,Not Available,Not Available,Not Available,Not Available,Not Available,1,07/01/2021,06/30/2024
261305,PUTNAM COUNTY MEMORIAL HOSPITAL,"1926 OAK STREET,  PO BOX 389",UNIONVILLE,MO,63565,PUTNAM,(660) 947-2411,Hybrid_HWR,Hybrid Hospital-Wide All-Cause Readmission Measure (HWR),No Different Than the National Rate,35,15.1,13.0,17.6,Not Applicable,Not Applicable,,07/01/2023,06/30/2024
261305,PUTNAM COUNTY MEMORIAL HOSPITAL,"1926 OAK STREET,  PO BOX 389",UNIONVILLE,MO,63565,PUTNAM,(660) 947-2411,OP_32,"Rate of unplanned hospital visits after colonoscopy (per 1,000 colonoscopies)",Not Available,Not Available,Not Available,Not Available,Not Available,Not Applicable,Not Applicable,5,01/01/2022,12/31/2024
261305,PUTNAM COUNTY MEMORIAL HOSPITAL,"1926 OAK STREET,  PO BOX 389",UNIONVILLE,MO,63565,PUTNAM,(660) 947-2411,OP_35_ADM,Rate of inpatient admissions for patients receiving outpatient chemotherapy,Not Available,Not Available,Not Available,Not Available,Not Available,Not Applicable,Not Applicable,5,01/01/2024,12/31/2024
261305,PUTNAM COUNTY MEMORIAL HOSPITAL,"1926 OAK STREET,  PO BOX 389",UNIONVILLE,MO,63565,PUTNAM,(660) 947-2411,OP_35_ED,Rate of emergency department (ED) visits for patients receiving outpatient chemotherapy,Not Available,Not Available,Not Available,Not Available,Not Available,Not Applicable,Not Applicable,5,01/01/2024,12/31/2024
261305,PUTNAM COUNTY MEMORIAL HOSPITAL,"1926 OAK STREET,  PO BOX 389",UNIONVILLE,MO,63565,PUTNAM,(660) 947-2411,OP_36,Ratio of unplanned hospital visits after hospital outpatient surgery,Not Available,Not Available,Not Available,Not Available,Not Available,Not Applicable,Not Applicable,5,01/01/2024,12/31/2024
261305,PUTNAM COUNTY MEMORIAL HOSPITAL,"1926 OAK STREET,  PO BOX 389",UNIONVILLE,MO,63565,PUTNAM,(660) 947-2411,READM_30_AMI,Acute Myocardial Infarction (AMI) 30-Day Readmission Rate,Number of Cases Too Small,Not Available,Not Available,Not Available,Not Available,Not Applicable,Not Applicable,1,07/01/2021,06/30/2024
261305,PUTNAM COUNTY MEMORIAL HOSPITAL,"1926 OAK STREET,  PO BOX 389",UNIONVILLE,MO,63565,PUTNAM,(660) 947-2411,READM_30_CABG,Rate of readmission for CABG,Not Available,Not Available,Not Available,Not Available,Not Available,Not Applicable,Not Applicable,5,07/01/2021,06/30/2024
261305,PUTNAM COUNTY MEMORIAL HOSPITAL,"1926 OAK STREET,  PO BOX 389",UNIONVILLE,MO,63565,PUTNAM,(660) 947-2411,READM_30_COPD,Rate of readmission for chronic obstructive pulmonary disease (COPD) patients,Number of Cases Too Small,Not Available,Not Available,Not Available,Not Available,Not Applicable,Not Applicable,1,07/01/2021,06/30/2024
261305,PUTNAM COUNTY MEMORIAL HOSPITAL,"1926 OAK STREET,  PO BOX 389",UNIONVILLE,MO,63565,PUTNAM,(660) 947-2411,READM_30_HF,Heart failure (HF) 30-Day Readmission Rate,Number of Cases Too Small,Not Available,Not Available,Not Available,Not Available,Not Applicable,Not Applicable,1,07/01/2021,06/30/2024
261305,PUTNAM COUNTY MEMORIAL HOSPITAL,"1926 OAK STREET,  PO BOX 389",UNIONVILLE,MO,63565,PUTNAM,(660) 947-2411,READM_30_HIP_KNEE,Rate of readmission after hip/knee replacement,Not Available,Not Available,Not Available,Not Available,Not Available,Not Applicable,Not Applicable,5,07/01/2021,06/30/2024
261305,PUTNAM COUNTY MEMORIAL HOSPITAL,"1926 OAK STREET,  PO BOX 389",UNIONVILLE,MO,63565,PUTNAM,(660) 947-2411,READM_30_PN,Pneumonia (PN) 30-Day Readmission Rate,Number of Cases Too Small,Not Available,Not Available,Not Available,Not Available,Not Applicable,Not Applicable,1,07/01/2021,06/30/2024
261306,SULLIVAN COUNTY MEMORIAL HOSPITAL,630 WEST THIRD STREET,MILAN,MO,63556,SULLIVAN,(660) 265-4212,EDAC_30_AMI,Hospital return days for heart attack patients,Not Available,Not Available,Not Available,Not Available,Not Available,Not Available,Not Available,5,07/01/2021,06/30/2024
261306,SULLIVAN COUNTY MEMORIAL HOSPITAL,630 WEST THIRD STREET,MILAN,MO,63556,SULLIVAN,(660) 265-4212,EDAC_30_HF,Hospital return days for heart failure patients,Number of Cases Too Small,Not Available,Not Available,Not Available,Not Available,Not Available,Not Available,1,07/01/2021,06/30/2024
261306,SULLIVAN COUNTY MEMORIAL HOSPITAL,630 WEST THIRD STREET,MILAN,MO,63556,SULLIVAN,(660) 265-4212,EDAC_30_PN,Hospital return days for pneumonia patients,Number of Cases Too Small,Not Available,Not Available,Not Available,Not Available,Not Available,Not Available,1,07/01/2021,06/30/2024
261306,SULLIVAN COUNTY MEMORIAL HOSPITAL,630 WEST THIRD STREET,MILAN,MO,63556,SULLIVAN,(660) 265-4212,Hybrid_HWR,Hybrid Hospital-Wide All-Cause Readmission Measure (HWR),No Different Than the National Rate,32,14.8,12.7,17.4,Not Applicable,Not Applicable,,07/01/2023,06/30/2024
261306,SULLIVAN COUNTY MEMORIAL HOSPITAL,630 WEST THIRD STREET,MILAN,MO,63556,SULLIVAN,(660) 265-4212,OP_32,"Rate of unplanned hospital visits after colonoscopy (per 1,000 colonoscopies)",Not Available,Not Available,Not Available,Not Available,Not Available,Not Applicable,Not Applicable,5,01/01/2022,12/31/2024
261306,SULLIVAN COUNTY MEMORIAL HOSPITAL,630 WEST THIRD STREET,MILAN,MO,63556,SULLIVAN,(660) 265-4212,OP_35_ADM,Rate of inpatient admissions for patients receiving outpatient chemotherapy,Not Available,Not Available,Not Available,Not Available,Not Available,Not Applicable,Not Applicable,5,01/01/2024,12/31/2024
261306,SULLIVAN COUNTY MEMORIAL HOSPITAL,630 WEST THIRD STREET,MILAN,MO,63556,SULLIVAN,(660) 265-4212,OP_35_ED,Rate of emergency department (ED) visits for patients receiving outpatient chemotherapy,Not Available,Not Available,Not Available,Not Available,Not Available,Not Applicable,Not Applicable,5,01/01/2024,12/31/2024
261306,SULLIVAN COUNTY MEMORIAL HOSPITAL,630 WEST THIRD STREET,MILAN,MO,63556,SULLIVAN,(660) 265-4212,OP_36,Ratio of unplanned hospital visits after hospital outpatient surgery,Not Available,Not Available,Not Available,Not Available,Not Available,Not Applicable,Not Applicable,5,01/01/2024,12/31/2024
261306,SULLIVAN COUNTY MEMORIAL HOSPITAL,630 WEST THIRD STREET,MILAN,MO,63556,SULLIVAN,(660) 265-4212,READM_30_AMI,Acute Myocardial Infarction (AMI) 30-Day Readmission Rate,Not Available,Not Available,Not Available,Not Available,Not Available,Not Applicable,Not Applicable,5,07/01/2021,06/30/2024
261306,SULLIVAN COUNTY MEMORIAL HOSPITAL,630 WEST THIRD STREET,MILAN,MO,63556,SULLIVAN,(660) 265-4212,READM_30_CABG,Rate of readmission for CABG,Not Available,Not Available,Not Available,Not Available,Not Available,Not Applicable,Not Applicable,5,07/01/2021,06/30/2024
261306,SULLIVAN COUNTY MEMORIAL HOSPITAL,630 WEST THIRD STREET,MILAN,MO,63556,SULLIVAN,(660) 265-4212,READM_30_COPD,Rate of readmission for chronic obstructive pulmonary disease (COPD) patients,Number of Cases Too Small,Not Available,Not Available,Not Available,Not Available,Not Applicable,Not Applicable,1,07/01/2021,06/30/2024
261306,SULLIVAN COUNTY MEMORIAL HOSPITAL,630 WEST THIRD STREET,MILAN,MO,63556,SULLIVAN,(660) 265-4212,READM_30_HF,Heart failure (HF) 30-Day Readmission Rate,Number of Cases Too Small,Not Available,Not Available,Not Available,Not Available,Not Applicable,Not Applicable,1,07/01/2021,06/30/2024
261306,SULLIVAN COUNTY MEMORIAL HOSPITAL,630 WEST THIRD STREET,MILAN,MO,63556,SULLIVAN,(660) 265-4212,READM_30_HIP_KNEE,Rate of readmission after hip/knee replacement,Not Available,Not Available,Not Available,Not Available,Not Available,Not Applicable,Not Applicable,5,07/01/2021,06/30/2024
261306,SULLIVAN COUNTY MEMORIAL HOSPITAL,630 WEST THIRD STREET,MILAN,MO,63556,SULLIVAN,(660) 265-4212,READM_30_PN,Pneumonia (PN) 30-Day Readmission Rate,Number of Cases Too Small,Not Available,Not Available,Not Available,Not Available,Not Applicable,Not Applicable,1,07/01/2021,06/30/2024
261307,PERSHING MEMORIAL HOSPITAL,130 EAST LOCKLING,BROOKFIELD,MO,64628,LINN,(660) 258-2222,EDAC_30_AMI,Hospital return days for heart attack patients,Number of Cases Too Small,Not Available,Not Available,Not Available,Not Available,Not Available,Not Available,1,07/01/2021,06/30/2024
261307,PERSHING MEMORIAL HOSPITAL,130 EAST LOCKLING,BROOKFIELD,MO,64628,LINN,(660) 258-2222,EDAC_30_HF,Hospital return days for heart failure patients,Number of Cases Too Small,Not Available,Not Available,Not Available,Not Available,Not Available,Not Available,1,07/01/2021,06/30/2024
261307,PERSHING MEMORIAL HOSPITAL,130 EAST LOCKLING,BROOKFIELD,MO,64628,LINN,(660) 258-2222,EDAC_30_PN,Hospital return days for pneumonia patients,Average Days per 100 Discharges,57,-5.8,-24,19.4,55,11,,07/01/2021,06/30/2024
261307,PERSHING MEMORIAL HOSPITAL,130 EAST LOCKLING,BROOKFIELD,MO,64628,LINN,(660) 258-2222,Hybrid_HWR,Hybrid Hospital-Wide All-Cause Readmission Measure (HWR),No Different Than the National Rate,92,14.7,12.8,17.0,Not Applicable,Not Applicable,,07/01/2023,06/30/2024
261307,PERSHING MEMORIAL HOSPITAL,130 EAST LOCKLING,BROOKFIELD,MO,64628,LINN,(660) 258-2222,OP_32,"Rate of unplanned hospital visits after colonoscopy (per 1,000 colonoscopies)",No Different Than the National Rate,191,13.3,9.7,17.8,Not Applicable,Not Applicable,,01/01/2022,12/31/2024
261307,PERSHING MEMORIAL HOSPITAL,130 EAST LOCKLING,BROOKFIELD,MO,64628,LINN,(660) 258-2222,OP_35_ADM,Rate of inpatient admissions for patients receiving outpatient chemotherapy,Not Available,Not Available,Not Available,Not Available,Not Available,Not Applicable,Not Applicable,5,01/01/2024,12/31/2024
261307,PERSHING MEMORIAL HOSPITAL,130 EAST LOCKLING,BROOKFIELD,MO,64628,LINN,(660) 258-2222,OP_35_ED,Rate of emergency department (ED) visits for patients receiving outpatient chemotherapy,Not Available,Not Available,Not Available,Not Available,Not Available,Not Applicable,Not Applicable,5,01/01/2024,12/31/2024
261307,PERSHING MEMORIAL HOSPITAL,130 EAST LOCKLING,BROOKFIELD,MO,64628,LINN,(660) 258-2222,OP_36,Ratio of unplanned hospital visits after hospital outpatient surgery,Not Available,Not Available,Not Available,Not Available,Not Available,Not Applicable,Not Applicable,5,01/01/2024,12/31/2024
261307,PERSHING MEMORIAL HOSPITAL,130 EAST LOCKLING,BROOKFIELD,MO,64628,LINN,(660) 258-2222,READM_30_AMI,Acute Myocardial Infarction (AMI) 30-Day Readmission Rate,Number of Cases Too Small,Not Available,Not Available,Not Available,Not Available,Not Applicable,Not Applicable,1,07/01/2021,06/30/2024
261307,PERSHING MEMORIAL HOSPITAL,130 EAST LOCKLING,BROOKFIELD,MO,64628,LINN,(660) 258-2222,READM_30_CABG,Rate of readmission for CABG,Not Available,Not Available,Not Available,Not Available,Not Available,Not Applicable,Not Applicable,5,07/01/2021,06/30/2024
261307,PERSHING MEMORIAL HOSPITAL,130 EAST LOCKLING,BROOKFIELD,MO,64628,LINN,(660) 258-2222,READM_30_COPD,Rate of readmission for chronic obstructive pulmonary disease (COPD) patients,No Different Than the National Rate,28,17.6,14.1,21.7,Not Applicable,Not Applicable,,07/01/2021,06/30/2024
261307,PERSHING MEMORIAL HOSPITAL,130 EAST LOCKLING,BROOKFIELD,MO,64628,LINN,(660) 258-2222,READM_30_HF,Heart failure (HF) 30-Day Readmission Rate,Number of Cases Too Small,Not Available,Not Available,Not Available,Not Available,Not Applicable,Not Applicable,1,07/01/2021,06/30/2024
261307,PERSHING MEMORIAL HOSPITAL,130 EAST LOCKLING,BROOKFIELD,MO,64628,LINN,(660) 258-2222,READM_30_HIP_KNEE,Rate of readmission after hip/knee replacement,Not Available,Not Available,Not Available,Not Available,Not Available,Not Applicable,Not Applicable,5,07/01/2021,06/30/2024
261307,PERSHING MEMORIAL HOSPITAL,130 EAST LOCKLING,BROOKFIELD,MO,64628,LINN,(660) 258-2222,READM_30_PN,Pneumonia (PN) 30-Day Readmission Rate,No Different Than the National Rate,57,15.5,12.5,19.3,Not Applicable,Not Applicable,,07/01/2021,06/30/2024
261308,WASHINGTON COUNTY MEMORIAL HOSPITAL,300 HEALTH WAY,POTOSI,MO,63664,WASHINGTON,(573) 438-5451,EDAC_30_AMI,Hospital return days for heart attack patients,Not Available,Not Available,Not Available,Not Available,Not Available,Not Available,Not Available,5,07/01/2021,06/30/2024
261308,WASHINGTON COUNTY MEMORIAL HOSPITAL,300 HEALTH WAY,POTOSI,MO,63664,WASHINGTON,(573) 438-5451,EDAC_30_HF,Hospital return days for heart failure patients,Number of Cases Too Small,Not Available,Not Available,Not Available,Not Available,Not Available,Not Available,1,07/01/2021,06/30/2024
261308,WASHINGTON COUNTY MEMORIAL HOSPITAL,300 HEALTH WAY,POTOSI,MO,63664,WASHINGTON,(573) 438-5451,EDAC_30_PN,Hospital return days for pneumonia patients,Average Days per 100 Discharges,55,15.8,-10.1,46.3,48,19,,07/01/2021,06/30/2024
261308,WASHINGTON COUNTY MEMORIAL HOSPITAL,300 HEALTH WAY,POTOSI,MO,63664,WASHINGTON,(573) 438-5451,Hybrid_HWR,Hybrid Hospital-Wide All-Cause Readmission Measure (HWR),No Different Than the National Rate,85,15.5,13.5,17.7,Not Applicable,Not Applicable,,07/01/2023,06/30/2024
261308,WASHINGTON COUNTY MEMORIAL HOSPITAL,300 HEALTH WAY,POTOSI,MO,63664,WASHINGTON,(573) 438-5451,OP_32,"Rate of unplanned hospital visits after colonoscopy (per 1,000 colonoscopies)",Not Available,Not Available,Not Available,Not Available,Not Available,Not Applicable,Not Applicable,5,01/01/2022,12/31/2024
261308,WASHINGTON COUNTY MEMORIAL HOSPITAL,300 HEALTH WAY,POTOSI,MO,63664,WASHINGTON,(573) 438-5451,OP_35_ADM,Rate of inpatient admissions for patients receiving outpatient chemotherapy,Not Available,Not Available,Not Available,Not Available,Not Available,Not Applicable,Not Applicable,5,01/01/2024,12/31/2024
261308,WASHINGTON COUNTY MEMORIAL HOSPITAL,300 HEALTH WAY,POTOSI,MO,63664,WASHINGTON,(573) 438-5451,OP_35_ED,Rate of emergency department (ED) visits for patients receiving outpatient chemotherapy,Not Available,Not Available,Not Available,Not Available,Not Available,Not Applicable,Not Applicable,5,01/01/2024,12/31/2024
261308,WASHINGTON COUNTY MEMORIAL HOSPITAL,300 HEALTH WAY,POTOSI,MO,63664,WASHINGTON,(573) 438-5451,OP_36,Ratio of unplanned hospital visits after hospital outpatient surgery,Not Available,Not Available,Not Available,Not Available,Not Available,Not Applicable,Not Applicable,5,01/01/2024,12/31/2024
261308,WASHINGTON COUNTY MEMORIAL HOSPITAL,300 HEALTH WAY,POTOSI,MO,63664,WASHINGTON,(573) 438-5451,READM_30_AMI,Acute Myocardial Infarction (AMI) 30-Day Readmission Rate,Not Available,Not Available,Not Available,Not Available,Not Available,Not Applicable,Not Applicable,5,07/01/2021,06/30/2024
261308,WASHINGTON COUNTY MEMORIAL HOSPITAL,300 HEALTH WAY,POTOSI,MO,63664,WASHINGTON,(573) 438-5451,READM_30_CABG,Rate of readmission for CABG,Not Available,Not Available,Not Available,Not Available,Not Available,Not Applicable,Not Applicable,5,07/01/2021,06/30/2024
261308,WASHINGTON COUNTY MEMORIAL HOSPITAL,300 HEALTH WAY,POTOSI,MO,63664,WASHINGTON,(573) 438-5451,READM_30_COPD,Rate of readmission for chronic obstructive pulmonary disease (COPD) patients,Number of Cases Too Small,Not Available,Not Available,Not Available,Not Available,Not Applicable,Not Applicable,1,07/01/2021,06/30/2024
261308,WASHINGTON COUNTY MEMORIAL HOSPITAL,300 HEALTH WAY,POTOSI,MO,63664,WASHINGTON,(573) 438-5451,READM_30_HF,Heart failure (HF) 30-Day Readmission Rate,Number of Cases Too Small,Not Available,Not Available,Not Available,Not Available,Not Applicable,Not Applicable,1,07/01/2021,06/30/2024
261308,WASHINGTON COUNTY MEMORIAL HOSPITAL,300 HEALTH WAY,POTOSI,MO,63664,WASHINGTON,(573) 438-5451,READM_30_HIP_KNEE,Rate of readmission after hip/knee replacement,Not Available,Not Available,Not Available,Not Available,Not Available,Not Applicable,Not Applicable,5,07/01/2021,06/30/2024
261308,WASHINGTON COUNTY MEMORIAL HOSPITAL,300 HEALTH WAY,POTOSI,MO,63664,WASHINGTON,(573) 438-5451,READM_30_PN,Pneumonia (PN) 30-Day Readmission Rate,No Different Than the National Rate,55,16.7,13.5,20.4,Not Applicable,Not Applicable,,07/01/2021,06/30/2024
261309,WRIGHT MEMORIAL HOSPITAL,191 IOWA BOULEVARD,TRENTON,MO,64683,GRUNDY,(660) 359-5621,EDAC_30_AMI,Hospital return days for heart attack patients,Number of Cases Too Small,Not Available,Not Available,Not Available,Not Available,Not Available,Not Available,1,07/01/2021,06/30/2024
261309,WRIGHT MEMORIAL HOSPITAL,191 IOWA BOULEVARD,TRENTON,MO,64683,GRUNDY,(660) 359-5621,EDAC_30_HF,Hospital return days for heart failure patients,Average Days per 100 Discharges,28,-19,-47.1,16.5,25,6,,07/01/2021,06/30/2024
261309,WRIGHT MEMORIAL HOSPITAL,191 IOWA BOULEVARD,TRENTON,MO,64683,GRUNDY,(660) 359-5621,EDAC_30_PN,Hospital return days for pneumonia patients,Fewer Days Than Average per 100 Discharges,42,-55.6,-69.6,-35.7,37,7,,07/01/2021,06/30/2024
261309,WRIGHT MEMORIAL HOSPITAL,191 IOWA BOULEVARD,TRENTON,MO,64683,GRUNDY,(660) 359-5621,Hybrid_HWR,Hybrid Hospital-Wide All-Cause Readmission Measure (HWR),No Different Than the National Rate,94,14.2,12.2,16.6,Not Applicable,Not Applicable,,07/01/2023,06/30/2024
261309,WRIGHT MEMORIAL HOSPITAL,191 IOWA BOULEVARD,TRENTON,MO,64683,GRUNDY,(660) 359-5621,OP_32,"Rate of unplanned hospital visits after colonoscopy (per 1,000 colonoscopies)",Not Available,Not Available,Not Available,Not Available,Not Available,Not Applicable,Not Applicable,5,01/01/2022,12/31/2024
261309,WRIGHT MEMORIAL HOSPITAL,191 IOWA BOULEVARD,TRENTON,MO,64683,GRUNDY,(660) 359-5621,OP_35_ADM,Rate of inpatient admissions for patients receiving outpatient chemotherapy,Number of Cases Too Small,Not Available,Not Available,Not Available,Not Available,Not Applicable,Not Applicable,1,01/01/2024,12/31/2024
261309,WRIGHT MEMORIAL HOSPITAL,191 IOWA BOULEVARD,TRENTON,MO,64683,GRUNDY,(660) 359-5621,OP_35_ED,Rate of emergency department (ED) visits for patients receiving outpatient chemotherapy,Number of Cases Too Small,Not Available,Not Available,Not Available,Not Available,Not Applicable,Not Applicable,1,01/01/2024,12/31/2024
261309,WRIGHT MEMORIAL HOSPITAL,191 IOWA BOULEVARD,TRENTON,MO,64683,GRUNDY,(660) 359-5621,OP_36,Ratio of unplanned hospital visits after hospital outpatient surgery,Not Available,Not Available,Not Available,Not Available,Not Available,Not Applicable,Not Applicable,5,01/01/2024,12/31/2024
261309,WRIGHT MEMORIAL HOSPITAL,191 IOWA BOULEVARD,TRENTON,MO,64683,GRUNDY,(660) 359-5621,READM_30_AMI,Acute Myocardial Infarction (AMI) 30-Day Readmission Rate,Number of Cases Too Small,Not Available,Not Available,Not Available,Not Available,Not Applicable,Not Applicable,1,07/01/2021,06/30/2024
261309,WRIGHT MEMORIAL HOSPITAL,191 IOWA BOULEVARD,TRENTON,MO,64683,GRUNDY,(660) 359-5621,READM_30_CABG,Rate of readmission for CABG,Not Available,Not Available,Not Available,Not Available,Not Available,Not Applicable,Not Applicable,5,07/01/2021,06/30/2024
261309,WRIGHT MEMORIAL HOSPITAL,191 IOWA BOULEVARD,TRENTON,MO,64683,GRUNDY,(660) 359-5621,READM_30_COPD,Rate of readmission for chronic obstructive pulmonary disease (COPD) patients,Number of Cases Too Small,Not Available,Not Available,Not Available,Not Available,Not Applicable,Not Applicable,1,07/01/2021,06/30/2024
261309,WRIGHT MEMORIAL HOSPITAL,191 IOWA BOULEVARD,TRENTON,MO,64683,GRUNDY,(660) 359-5621,READM_30_HF,Heart failure (HF) 30-Day Readmission Rate,No Different Than the National Rate,28,19,15.4,23.1,Not Applicable,Not Applicable,,07/01/2021,06/30/2024
261309,WRIGHT MEMORIAL HOSPITAL,191 IOWA BOULEVARD,TRENTON,MO,64683,GRUNDY,(660) 359-5621,READM_30_HIP_KNEE,Rate of readmission after hip/knee replacement,Not Available,Not Available,Not Available,Not Available,Not Available,Not Applicable,Not Applicable,5,07/01/2021,06/30/2024
261309,WRIGHT MEMORIAL HOSPITAL,191 IOWA BOULEVARD,TRENTON,MO,64683,GRUNDY,(660) 359-5621,READM_30_PN,Pneumonia (PN) 30-Day Readmission Rate,No Different Than the National Rate,42,15.3,12.3,18.8,Not Applicable,Not Applicable,,07/01/2021,06/30/2024
261310,SCOTLAND COUNTY  HOSPITAL,450 E SIGLER AVENUE,MEMPHIS,MO,63555,SCOTLAND,(660) 465-8511,EDAC_30_AMI,Hospital return days for heart attack patients,Number of Cases Too Small,Not Available,Not Available,Not Available,Not Available,Not Available,Not Available,1,07/01/2021,06/30/2024
261310,SCOTLAND COUNTY  HOSPITAL,450 E SIGLER AVENUE,MEMPHIS,MO,63555,SCOTLAND,(660) 465-8511,EDAC_30_HF,Hospital return days for heart failure patients,Number of Cases Too Small,Not Available,Not Available,Not Available,Not Available,Not Available,Not Available,1,07/01/2021,06/30/2024
261310,SCOTLAND COUNTY  HOSPITAL,450 E SIGLER AVENUE,MEMPHIS,MO,63555,SCOTLAND,(660) 465-8511,EDAC_30_PN,Hospital return days for pneumonia patients,Average Days per 100 Discharges,36,-19.3,-38,7.1,35,5,,07/01/2021,06/30/2024
261310,SCOTLAND COUNTY  HOSPITAL,450 E SIGLER AVENUE,MEMPHIS,MO,63555,SCOTLAND,(660) 465-8511,Hybrid_HWR,Hybrid Hospital-Wide All-Cause Readmission Measure (HWR),No Different Than the National Rate,140,15.6,13.6,17.9,Not Applicable,Not Applicable,,07/01/2023,06/30/2024
261310,SCOTLAND COUNTY  HOSPITAL,450 E SIGLER AVENUE,MEMPHIS,MO,63555,SCOTLAND,(660) 465-8511,OP_32,"Rate of unplanned hospital visits after colonoscopy (per 1,000 colonoscopies)",Number of Cases Too Small,Not Available,Not Available,Not Available,Not Available,Not Applicable,Not Applicable,1,01/01/2022,12/31/2024
261310,SCOTLAND COUNTY  HOSPITAL,450 E SIGLER AVENUE,MEMPHIS,MO,63555,SCOTLAND,(660) 465-8511,OP_35_ADM,Rate of inpatient admissions for patients receiving outpatient chemotherapy,Number of Cases Too Small,Not Available,Not Available,Not Available,Not Available,Not Applicable,Not Applicable,1,01/01/2024,12/31/2024
261310,SCOTLAND COUNTY  HOSPITAL,450 E SIGLER AVENUE,MEMPHIS,MO,63555,SCOTLAND,(660) 465-8511,OP_35_ED,Rate of emergency department (ED) visits for patients receiving outpatient chemotherapy,Number of Cases Too Small,Not Available,Not Available,Not Available,Not Available,Not Applicable,Not Applicable,1,01/01/2024,12/31/2024
261310,SCOTLAND COUNTY  HOSPITAL,450 E SIGLER AVENUE,MEMPHIS,MO,63555,SCOTLAND,(660) 465-8511,OP_36,Ratio of unplanned hospital visits after hospital outpatient surgery,Not Available,Not Available,Not Available,Not Available,Not Available,Not Applicable,Not Applicable,5,01/01/2024,12/31/2024
261310,SCOTLAND COUNTY  HOSPITAL,450 E SIGLER AVENUE,MEMPHIS,MO,63555,SCOTLAND,(660) 465-8511,READM_30_AMI,Acute Myocardial Infarction (AMI) 30-Day Readmission Rate,Number of Cases Too Small,Not Available,Not Available,Not Available,Not Available,Not Applicable,Not Applicable,1,07/01/2021,06/30/2024
261310,SCOTLAND COUNTY  HOSPITAL,450 E SIGLER AVENUE,MEMPHIS,MO,63555,SCOTLAND,(660) 465-8511,READM_30_CABG,Rate of readmission for CABG,Not Available,Not Available,Not Available,Not Available,Not Available,Not Applicable,Not Applicable,5,07/01/2021,06/30/2024
261310,SCOTLAND COUNTY  HOSPITAL,450 E SIGLER AVENUE,MEMPHIS,MO,63555,SCOTLAND,(660) 465-8511,READM_30_COPD,Rate of readmission for chronic obstructive pulmonary disease (COPD) patients,No Different Than the National Rate,27,17.8,14.5,21.6,Not Applicable,Not Applicable,,07/01/2021,06/30/2024
261310,SCOTLAND COUNTY  HOSPITAL,450 E SIGLER AVENUE,MEMPHIS,MO,63555,SCOTLAND,(660) 465-8511,READM_30_HF,Heart failure (HF) 30-Day Readmission Rate,Number of Cases Too Small,Not Available,Not Available,Not Available,Not Available,Not Applicable,Not Applicable,1,07/01/2021,06/30/2024
261310,SCOTLAND COUNTY  HOSPITAL,450 E SIGLER AVENUE,MEMPHIS,MO,63555,SCOTLAND,(660) 465-8511,READM_30_HIP_KNEE,Rate of readmission after hip/knee replacement,Not Available,Not Available,Not Available,Not Available,Not Available,Not Applicable,Not Applicable,5,07/01/2021,06/30/2024
261310,SCOTLAND COUNTY  HOSPITAL,450 E SIGLER AVENUE,MEMPHIS,MO,63555,SCOTLAND,(660) 465-8511,READM_30_PN,Pneumonia (PN) 30-Day Readmission Rate,No Different Than the National Rate,36,15.8,12.7,19.5,Not Applicable,Not Applicable,,07/01/2021,06/30/2024
261311,MERCY HOSPITAL PERRY,434 NORTH WEST STREET,PERRYVILLE,MO,63775,PERRY,(573) 547-2536,EDAC_30_AMI,Hospital return days for heart attack patients,Number of Cases Too Small,Not Available,Not Available,Not Available,Not Available,Not Available,Not Available,1,07/01/2021,06/30/2024
261311,MERCY HOSPITAL PERRY,434 NORTH WEST STREET,PERRYVILLE,MO,63775,PERRY,(573) 547-2536,EDAC_30_HF,Hospital return days for heart failure patients,Average Days per 100 Discharges,57,-8.1,-30.5,19.6,52,15,,07/01/2021,06/30/2024
261311,MERCY HOSPITAL PERRY,434 NORTH WEST STREET,PERRYVILLE,MO,63775,PERRY,(573) 547-2536,EDAC_30_PN,Hospital return days for pneumonia patients,Average Days per 100 Discharges,200,10.5,-2.5,25.2,160,54,,07/01/2021,06/30/2024
261311,MERCY HOSPITAL PERRY,434 NORTH WEST STREET,PERRYVILLE,MO,63775,PERRY,(573) 547-2536,Hybrid_HWR,Hybrid Hospital-Wide All-Cause Readmission Measure (HWR),No Different Than the National Rate,334,15.2,13.6,17.0,Not Applicable,Not Applicable,,07/01/2023,06/30/2024
261311,MERCY HOSPITAL PERRY,434 NORTH WEST STREET,PERRYVILLE,MO,63775,PERRY,(573) 547-2536,OP_32,"Rate of unplanned hospital visits after colonoscopy (per 1,000 colonoscopies)",No Different Than the National Rate,448,13.3,10,17.9,Not Applicable,Not Applicable,,01/01/2022,12/31/2024
261311,MERCY HOSPITAL PERRY,434 NORTH WEST STREET,PERRYVILLE,MO,63775,PERRY,(573) 547-2536,OP_35_ADM,Rate of inpatient admissions for patients receiving outpatient chemotherapy,Number of Cases Too Small,Not Available,Not Available,Not Available,Not Available,Not Applicable,Not Applicable,1,01/01/2024,12/31/2024
261311,MERCY HOSPITAL PERRY,434 NORTH WEST STREET,PERRYVILLE,MO,63775,PERRY,(573) 547-2536,OP_35_ED,Rate of emergency department (ED) visits for patients receiving outpatient chemotherapy,Number of Cases Too Small,Not Available,Not Available,Not Available,Not Available,Not Applicable,Not Applicable,1,01/01/2024,12/31/2024
261311,MERCY HOSPITAL PERRY,434 NORTH WEST STREET,PERRYVILLE,MO,63775,PERRY,(573) 547-2536,OP_36,Ratio of unplanned hospital visits after hospital outpatient surgery,No Different than expected,150,1,0.7,1.3,Not Applicable,Not Applicable,,01/01/2024,12/31/2024
261311,MERCY HOSPITAL PERRY,434 NORTH WEST STREET,PERRYVILLE,MO,63775,PERRY,(573) 547-2536,READM_30_AMI,Acute Myocardial Infarction (AMI) 30-Day Readmission Rate,Number of Cases Too Small,Not Available,Not Available,Not Available,Not Available,Not Applicable,Not Applicable,1,07/01/2021,06/30/2024
261311,MERCY HOSPITAL PERRY,434 NORTH WEST STREET,PERRYVILLE,MO,63775,PERRY,(573) 547-2536,READM_30_CABG,Rate of readmission for CABG,Not Available,Not Available,Not Available,Not Available,Not Available,Not Applicable,Not Applicable,5,07/01/2021,06/30/2024
261311,MERCY HOSPITAL PERRY,434 NORTH WEST STREET,PERRYVILLE,MO,63775,PERRY,(573) 547-2536,READM_30_COPD,Rate of readmission for chronic obstructive pulmonary disease (COPD) patients,No Different Than the National Rate,30,17.8,14.5,21.8,Not Applicable,Not Applicable,,07/01/2021,06/30/2024
261311,MERCY HOSPITAL PERRY,434 NORTH WEST STREET,PERRYVILLE,MO,63775,PERRY,(573) 547-2536,READM_30_HF,Heart failure (HF) 30-Day Readmission Rate,No Different Than the National Rate,57,19.5,16.0,23.7,Not Applicable,Not Applicable,,07/01/2021,06/30/2024
261311,MERCY HOSPITAL PERRY,434 NORTH WEST STREET,PERRYVILLE,MO,63775,PERRY,(573) 547-2536,READM_30_HIP_KNEE,Rate of readmission after hip/knee replacement,No Different Than the National Rate,103,5.3,3.3,8.4,Not Applicable,Not Applicable,,07/01/2021,06/30/2024
261311,MERCY HOSPITAL PERRY,434 NORTH WEST STREET,PERRYVILLE,MO,63775,PERRY,(573) 547-2536,READM_30_PN,Pneumonia (PN) 30-Day Readmission Rate,No Different Than the National Rate,200,18.2,15.2,21.5,Not Applicable,Not Applicable,,07/01/2021,06/30/2024
261312,HARRISON COUNTY COMMUNITY HOSPITAL,2600 MILLER STREET,BETHANY,MO,64424,HARRISON,(660) 425-2211,EDAC_30_AMI,Hospital return days for heart attack patients,Not Available,Not Available,Not Available,Not Available,Not Available,Not Available,Not Available,5,07/01/2021,06/30/2024
261312,HARRISON COUNTY COMMUNITY HOSPITAL,2600 MILLER STREET,BETHANY,MO,64424,HARRISON,(660) 425-2211,EDAC_30_HF,Hospital return days for heart failure patients,Number of Cases Too Small,Not Available,Not Available,Not Available,Not Available,Not Available,Not Available,1,07/01/2021,06/30/2024
261312,HARRISON COUNTY COMMUNITY HOSPITAL,2600 MILLER STREET,BETHANY,MO,64424,HARRISON,(660) 425-2211,EDAC_30_PN,Hospital return days for pneumonia patients,Average Days per 100 Discharges,56,1.9,-17.5,28.4,51,13,,07/01/2021,06/30/2024
261312,HARRISON COUNTY COMMUNITY HOSPITAL,2600 MILLER STREET,BETHANY,MO,64424,HARRISON,(660) 425-2211,Hybrid_HWR,Hybrid Hospital-Wide All-Cause Readmission Measure (HWR),No Different Than the National Rate,91,15.5,13.4,17.8,Not Applicable,Not Applicable,,07/01/2023,06/30/2024
261312,HARRISON COUNTY COMMUNITY HOSPITAL,2600 MILLER STREET,BETHANY,MO,64424,HARRISON,(660) 425-2211,OP_32,"Rate of unplanned hospital visits after colonoscopy (per 1,000 colonoscopies)",Not Available,Not Available,Not Available,Not Available,Not Available,Not Applicable,Not Applicable,5,01/01/2022,12/31/2024
261312,HARRISON COUNTY COMMUNITY HOSPITAL,2600 MILLER STREET,BETHANY,MO,64424,HARRISON,(660) 425-2211,OP_35_ADM,Rate of inpatient admissions for patients receiving outpatient chemotherapy,Not Available,Not Available,Not Available,Not Available,Not Available,Not Applicable,Not Applicable,5,01/01/2024,12/31/2024
261312,HARRISON COUNTY COMMUNITY HOSPITAL,2600 MILLER STREET,BETHANY,MO,64424,HARRISON,(660) 425-2211,OP_35_ED,Rate of emergency department (ED) visits for patients receiving outpatient chemotherapy,Not Available,Not Available,Not Available,Not Available,Not Available,Not Applicable,Not Applicable,5,01/01/2024,12/31/2024
261312,HARRISON COUNTY COMMUNITY HOSPITAL,2600 MILLER STREET,BETHANY,MO,64424,HARRISON,(660) 425-2211,OP_36,Ratio of unplanned hospital visits after hospital outpatient surgery,Not Available,Not Available,Not Available,Not Available,Not Available,Not Applicable,Not Applicable,5,01/01/2024,12/31/2024
261312,HARRISON COUNTY COMMUNITY HOSPITAL,2600 MILLER STREET,BETHANY,MO,64424,HARRISON,(660) 425-2211,READM_30_AMI,Acute Myocardial Infarction (AMI) 30-Day Readmission Rate,Not Available,Not Available,Not Available,Not Available,Not Available,Not Applicable,Not Applicable,5,07/01/2021,06/30/2024
261312,HARRISON COUNTY COMMUNITY HOSPITAL,2600 MILLER STREET,BETHANY,MO,64424,HARRISON,(660) 425-2211,READM_30_CABG,Rate of readmission for CABG,Not Available,Not Available,Not Available,Not Available,Not Available,Not Applicable,Not Applicable,5,07/01/2021,06/30/2024
261312,HARRISON COUNTY COMMUNITY HOSPITAL,2600 MILLER STREET,BETHANY,MO,64424,HARRISON,(660) 425-2211,READM_30_COPD,Rate of readmission for chronic obstructive pulmonary disease (COPD) patients,No Different Than the National Rate,40,18.6,15.0,22.7,Not Applicable,Not Applicable,,07/01/2021,06/30/2024
261312,HARRISON COUNTY COMMUNITY HOSPITAL,2600 MILLER STREET,BETHANY,MO,64424,HARRISON,(660) 425-2211,READM_30_HF,Heart failure (HF) 30-Day Readmission Rate,Number of Cases Too Small,Not Available,Not Available,Not Available,Not Available,Not Applicable,Not Applicable,1,07/01/2021,06/30/2024
261312,HARRISON COUNTY COMMUNITY HOSPITAL,2600 MILLER STREET,BETHANY,MO,64424,HARRISON,(660) 425-2211,READM_30_HIP_KNEE,Rate of readmission after hip/knee replacement,Not Available,Not Available,Not Available,Not Available,Not Available,Not Applicable,Not Applicable,5,07/01/2021,06/30/2024
261312,HARRISON COUNTY COMMUNITY HOSPITAL,2600 MILLER STREET,BETHANY,MO,64424,HARRISON,(660) 425-2211,READM_30_PN,Pneumonia (PN) 30-Day Readmission Rate,No Different Than the National Rate,56,15.9,12.9,19.7,Not Applicable,Not Applicable,,07/01/2021,06/30/2024
261313,MACON COUNTY SAMARITAN MEMORIAL HOSPITAL,1205 NORTH MISSOURI ST,MACON,MO,63552,MACON,(660) 385-8700,EDAC_30_AMI,Hospital return days for heart attack patients,Not Available,Not Available,Not Available,Not Available,Not Available,Not Available,Not Available,7,07/01/2021,06/30/2024
261313,MACON COUNTY SAMARITAN MEMORIAL HOSPITAL,1205 NORTH MISSOURI ST,MACON,MO,63552,MACON,(660) 385-8700,EDAC_30_HF,Hospital return days for heart failure patients,Number of Cases Too Small,Not Available,Not Available,Not Available,Not Available,Not Available,Not Available,1,07/01/2021,06/30/2024
261313,MACON COUNTY SAMARITAN MEMORIAL HOSPITAL,1205 NORTH MISSOURI ST,MACON,MO,63552,MACON,(660) 385-8700,EDAC_30_PN,Hospital return days for pneumonia patients,Fewer Days Than Average per 100 Discharges,78,-40.5,-53.3,-23.8,70,15,,07/01/2021,06/30/2024
261313,MACON COUNTY SAMARITAN MEMORIAL HOSPITAL,1205 NORTH MISSOURI ST,MACON,MO,63552,MACON,(660) 385-8700,Hybrid_HWR,Hybrid Hospital-Wide All-Cause Readmission Measure (HWR),No Different Than the National Rate,154,14.7,12.9,16.9,Not Applicable,Not Applicable,,07/01/2023,06/30/2024
261313,MACON COUNTY SAMARITAN MEMORIAL HOSPITAL,1205 NORTH MISSOURI ST,MACON,MO,63552,MACON,(660) 385-8700,OP_32,"Rate of unplanned hospital visits after colonoscopy (per 1,000 colonoscopies)",No Different Than the National Rate,214,12.8,9.4,17.1,Not Applicable,Not Applicable,,01/01/2022,12/31/2024
261313,MACON COUNTY SAMARITAN MEMORIAL HOSPITAL,1205 NORTH MISSOURI ST,MACON,MO,63552,MACON,(660) 385-8700,OP_35_ADM,Rate of inpatient admissions for patients receiving outpatient chemotherapy,Number of Cases Too Small,Not Available,Not Available,Not Available,Not Available,Not Applicable,Not Applicable,1,01/01/2024,12/31/2024
261313,MACON COUNTY SAMARITAN MEMORIAL HOSPITAL,1205 NORTH MISSOURI ST,MACON,MO,63552,MACON,(660) 385-8700,OP_35_ED,Rate of emergency department (ED) visits for patients receiving outpatient chemotherapy,Number of Cases Too Small,Not Available,Not Available,Not Available,Not Available,Not Applicable,Not Applicable,1,01/01/2024,12/31/2024
261313,MACON COUNTY SAMARITAN MEMORIAL HOSPITAL,1205 NORTH MISSOURI ST,MACON,MO,63552,MACON,(660) 385-8700,OP_36,Ratio of unplanned hospital visits after hospital outpatient surgery,Not Available,Not Available,Not Available,Not Available,Not Available,Not Applicable,Not Applicable,7,01/01/2024,12/31/2024
261313,MACON COUNTY SAMARITAN MEMORIAL HOSPITAL,1205 NORTH MISSOURI ST,MACON,MO,63552,MACON,(660) 385-8700,READM_30_AMI,Acute Myocardial Infarction (AMI) 30-Day Readmission Rate,Not Available,Not Available,Not Available,Not Available,Not Available,Not Applicable,Not Applicable,7,07/01/2021,06/30/2024
261313,MACON COUNTY SAMARITAN MEMORIAL HOSPITAL,1205 NORTH MISSOURI ST,MACON,MO,63552,MACON,(660) 385-8700,READM_30_CABG,Rate of readmission for CABG,Not Available,Not Available,Not Available,Not Available,Not Available,Not Applicable,Not Applicable,5,07/01/2021,06/30/2024
261313,MACON COUNTY SAMARITAN MEMORIAL HOSPITAL,1205 NORTH MISSOURI ST,MACON,MO,63552,MACON,(660) 385-8700,READM_30_COPD,Rate of readmission for chronic obstructive pulmonary disease (COPD) patients,Number of Cases Too Small,Not Available,Not Available,Not Available,Not Available,Not Applicable,Not Applicable,1,07/01/2021,06/30/2024
261313,MACON COUNTY SAMARITAN MEMORIAL HOSPITAL,1205 NORTH MISSOURI ST,MACON,MO,63552,MACON,(660) 385-8700,READM_30_HF,Heart failure (HF) 30-Day Readmission Rate,Number of Cases Too Small,Not Available,Not Available,Not Available,Not Available,Not Applicable,Not Applicable,1,07/01/2021,06/30/2024
261313,MACON COUNTY SAMARITAN MEMORIAL HOSPITAL,1205 NORTH MISSOURI ST,MACON,MO,63552,MACON,(660) 385-8700,READM_30_HIP_KNEE,Rate of readmission after hip/knee replacement,Number of Cases Too Small,Not Available,Not Available,Not Available,Not Available,Not Applicable,Not Applicable,1,07/01/2021,06/30/2024
261313,MACON COUNTY SAMARITAN MEMORIAL HOSPITAL,1205 NORTH MISSOURI ST,MACON,MO,63552,MACON,(660) 385-8700,READM_30_PN,Pneumonia (PN) 30-Day Readmission Rate,No Different Than the National Rate,78,15,12.2,18.4,Not Applicable,Not Applicable,,07/01/2021,06/30/2024
261314,HERMANN AREA DISTRICT HOSPITAL,509 W 18TH ST,HERMANN,MO,65041,GASCONADE,(573) 486-2191,EDAC_30_AMI,Hospital return days for heart attack patients,Number of Cases Too Small,Not Available,Not Available,Not Available,Not Available,Not Available,Not Available,1,07/01/2021,06/30/2024
261314,HERMANN AREA DISTRICT HOSPITAL,509 W 18TH ST,HERMANN,MO,65041,GASCONADE,(573) 486-2191,EDAC_30_HF,Hospital return days for heart failure patients,Number of Cases Too Small,Not Available,Not Available,Not Available,Not Available,Not Available,Not Available,1,07/01/2021,06/30/2024
261314,HERMANN AREA DISTRICT HOSPITAL,509 W 18TH ST,HERMANN,MO,65041,GASCONADE,(573) 486-2191,EDAC_30_PN,Hospital return days for pneumonia patients,Average Days per 100 Discharges,28,11.8,-14.1,47.3,24,6,,07/01/2021,06/30/2024
261314,HERMANN AREA DISTRICT HOSPITAL,509 W 18TH ST,HERMANN,MO,65041,GASCONADE,(573) 486-2191,Hybrid_HWR,Hybrid Hospital-Wide All-Cause Readmission Measure (HWR),No Different Than the National Rate,29,15.3,13.2,17.5,Not Applicable,Not Applicable,,07/01/2023,06/30/2024
261314,HERMANN AREA DISTRICT HOSPITAL,509 W 18TH ST,HERMANN,MO,65041,GASCONADE,(573) 486-2191,OP_32,"Rate of unplanned hospital visits after colonoscopy (per 1,000 colonoscopies)",No Different Than the National Rate,78,13.4,9.6,18.2,Not Applicable,Not Applicable,,01/01/2022,12/31/2024
261314,HERMANN AREA DISTRICT HOSPITAL,509 W 18TH ST,HERMANN,MO,65041,GASCONADE,(573) 486-2191,OP_35_ADM,Rate of inpatient admissions for patients receiving outpatient chemotherapy,Not Available,Not Available,Not Available,Not Available,Not Available,Not Applicable,Not Applicable,5,01/01/2024,12/31/2024
261314,HERMANN AREA DISTRICT HOSPITAL,509 W 18TH ST,HERMANN,MO,65041,GASCONADE,(573) 486-2191,OP_35_ED,Rate of emergency department (ED) visits for patients receiving outpatient chemotherapy,Not Available,Not Available,Not Available,Not Available,Not Available,Not Applicable,Not Applicable,5,01/01/2024,12/31/2024
261314,HERMANN AREA DISTRICT HOSPITAL,509 W 18TH ST,HERMANN,MO,65041,GASCONADE,(573) 486-2191,OP_36,Ratio of unplanned hospital visits after hospital outpatient surgery,Number of cases too small,Not Available,Not Available,Not Available,Not Available,Not Applicable,Not Applicable,1,01/01/2024,12/31/2024
261314,HERMANN AREA DISTRICT HOSPITAL,509 W 18TH ST,HERMANN,MO,65041,GASCONADE,(573) 486-2191,READM_30_AMI,Acute Myocardial Infarction (AMI) 30-Day Readmission Rate,Number of Cases Too Small,Not Available,Not Available,Not Available,Not Available,Not Applicable,Not Applicable,1,07/01/2021,06/30/2024
261314,HERMANN AREA DISTRICT HOSPITAL,509 W 18TH ST,HERMANN,MO,65041,GASCONADE,(573) 486-2191,READM_30_CABG,Rate of readmission for CABG,Not Available,Not Available,Not Available,Not Available,Not Available,Not Applicable,Not Applicable,5,07/01/2021,06/30/2024
261314,HERMANN AREA DISTRICT HOSPITAL,509 W 18TH ST,HERMANN,MO,65041,GASCONADE,(573) 486-2191,READM_30_COPD,Rate of readmission for chronic obstructive pulmonary disease (COPD) patients,Number of Cases Too Small,Not Available,Not Available,Not Available,Not Available,Not Applicable,Not Applicable,1,07/01/2021,06/30/2024
261314,HERMANN AREA DISTRICT HOSPITAL,509 W 18TH ST,HERMANN,MO,65041,GASCONADE,(573) 486-2191,READM_30_HF,Heart failure (HF) 30-Day Readmission Rate,Number of Cases Too Small,Not Available,Not Available,Not Available,Not Available,Not Applicable,Not Applicable,1,07/01/2021,06/30/2024
261314,HERMANN AREA DISTRICT HOSPITAL,509 W 18TH ST,HERMANN,MO,65041,GASCONADE,(573) 486-2191,READM_30_HIP_KNEE,Rate of readmission after hip/knee replacement,Number of Cases Too Small,Not Available,Not Available,Not Available,Not Available,Not Applicable,Not Applicable,1,07/01/2021,06/30/2024
261314,HERMANN AREA DISTRICT HOSPITAL,509 W 18TH ST,HERMANN,MO,65041,GASCONADE,(573) 486-2191,READM_30_PN,Pneumonia (PN) 30-Day Readmission Rate,No Different Than the National Rate,28,16.1,12.8,20.0,Not Applicable,Not Applicable,,07/01/2021,06/30/2024
261316,MERCY HOSPITAL AURORA,500 PORTER AVENUE,AURORA,MO,65605,LAWRENCE,(417) 678-2122,EDAC_30_AMI,Hospital return days for heart attack patients,Number of Cases Too Small,Not Available,Not Available,Not Available,Not Available,Not Available,Not Available,1,07/01/2021,06/30/2024
261316,MERCY HOSPITAL AURORA,500 PORTER AVENUE,AURORA,MO,65605,LAWRENCE,(417) 678-2122,EDAC_30_HF,Hospital return days for heart failure patients,Number of Cases Too Small,Not Available,Not Available,Not Available,Not Available,Not Available,Not Available,1,07/01/2021,06/30/2024
261316,MERCY HOSPITAL AURORA,500 PORTER AVENUE,AURORA,MO,65605,LAWRENCE,(417) 678-2122,EDAC_30_PN,Hospital return days for pneumonia patients,Average Days per 100 Discharges,58,-7.2,-26.5,18.8,54,13,,07/01/2021,06/30/2024
261316,MERCY HOSPITAL AURORA,500 PORTER AVENUE,AURORA,MO,65605,LAWRENCE,(417) 678-2122,Hybrid_HWR,Hybrid Hospital-Wide All-Cause Readmission Measure (HWR),No Different Than the National Rate,91,15,12.9,17.2,Not Applicable,Not Applicable,,07/01/2023,06/30/2024
261316,MERCY HOSPITAL AURORA,500 PORTER AVENUE,AURORA,MO,65605,LAWRENCE,(417) 678-2122,OP_32,"Rate of unplanned hospital visits after colonoscopy (per 1,000 colonoscopies)",No Different Than the National Rate,75,12.7,9.3,17.7,Not Applicable,Not Applicable,,01/01/2022,12/31/2024
261316,MERCY HOSPITAL AURORA,500 PORTER AVENUE,AURORA,MO,65605,LAWRENCE,(417) 678-2122,OP_35_ADM,Rate of inpatient admissions for patients receiving outpatient chemotherapy,Not Available,Not Available,Not Available,Not Available,Not Available,Not Applicable,Not Applicable,5,01/01/2024,12/31/2024
261316,MERCY HOSPITAL AURORA,500 PORTER AVENUE,AURORA,MO,65605,LAWRENCE,(417) 678-2122,OP_35_ED,Rate of emergency department (ED) visits for patients receiving outpatient chemotherapy,Not Available,Not Available,Not Available,Not Available,Not Available,Not Applicable,Not Applicable,5,01/01/2024,12/31/2024
261316,MERCY HOSPITAL AURORA,500 PORTER AVENUE,AURORA,MO,65605,LAWRENCE,(417) 678-2122,OP_36,Ratio of unplanned hospital visits after hospital outpatient surgery,Not Available,Not Available,Not Available,Not Available,Not Available,Not Applicable,Not Applicable,5,01/01/2024,12/31/2024
261316,MERCY HOSPITAL AURORA,500 PORTER AVENUE,AURORA,MO,65605,LAWRENCE,(417) 678-2122,READM_30_AMI,Acute Myocardial Infarction (AMI) 30-Day Readmission Rate,Number of Cases Too Small,Not Available,Not Available,Not Available,Not Available,Not Applicable,Not Applicable,1,07/01/2021,06/30/2024
261316,MERCY HOSPITAL AURORA,500 PORTER AVENUE,AURORA,MO,65605,LAWRENCE,(417) 678-2122,READM_30_CABG,Rate of readmission for CABG,Not Available,Not Available,Not Available,Not Available,Not Available,Not Applicable,Not Applicable,5,07/01/2021,06/30/2024
261316,MERCY HOSPITAL AURORA,500 PORTER AVENUE,AURORA,MO,65605,LAWRENCE,(417) 678-2122,READM_30_COPD,Rate of readmission for chronic obstructive pulmonary disease (COPD) patients,Number of Cases Too Small,Not Available,Not Available,Not Available,Not Available,Not Applicable,Not Applicable,1,07/01/2021,06/30/2024
261316,MERCY HOSPITAL AURORA,500 PORTER AVENUE,AURORA,MO,65605,LAWRENCE,(417) 678-2122,READM_30_HF,Heart failure (HF) 30-Day Readmission Rate,Number of Cases Too Small,Not Available,Not Available,Not Available,Not Available,Not Applicable,Not Applicable,1,07/01/2021,06/30/2024
261316,MERCY HOSPITAL AURORA,500 PORTER AVENUE,AURORA,MO,65605,LAWRENCE,(417) 678-2122,READM_30_HIP_KNEE,Rate of readmission after hip/knee replacement,Not Available,Not Available,Not Available,Not Available,Not Available,Not Applicable,Not Applicable,5,07/01/2021,06/30/2024
261316,MERCY HOSPITAL AURORA,500 PORTER AVENUE,AURORA,MO,65605,LAWRENCE,(417) 678-2122,READM_30_PN,Pneumonia (PN) 30-Day Readmission Rate,No Different Than the National Rate,58,16.5,13.3,20.3,Not Applicable,Not Applicable,,07/01/2021,06/30/2024
261317,MERCY HOSPITAL - CASSVILLE,94 MAIN STREET,CASSVILLE,MO,65625,BARRY,(417) 847-6065,EDAC_30_AMI,Hospital return days for heart attack patients,Not Available,Not Available,Not Available,Not Available,Not Available,Not Available,Not Available,5,07/01/2021,06/30/2024
261317,MERCY HOSPITAL - CASSVILLE,94 MAIN STREET,CASSVILLE,MO,65625,BARRY,(417) 847-6065,EDAC_30_HF,Hospital return days for heart failure patients,Number of Cases Too Small,Not Available,Not Available,Not Available,Not Available,Not Available,Not Available,1,07/01/2021,06/30/2024
261317,MERCY HOSPITAL - CASSVILLE,94 MAIN STREET,CASSVILLE,MO,65625,BARRY,(417) 847-6065,EDAC_30_PN,Hospital return days for pneumonia patients,More Days Than Average per 100 Discharges,44,34.4,5.8,69.7,41,13,,07/01/2021,06/30/2024
261317,MERCY HOSPITAL - CASSVILLE,94 MAIN STREET,CASSVILLE,MO,65625,BARRY,(417) 847-6065,Hybrid_HWR,Hybrid Hospital-Wide All-Cause Readmission Measure (HWR),No Different Than the National Rate,64,15.3,13.3,17.7,Not Applicable,Not Applicable,,07/01/2023,06/30/2024
261317,MERCY HOSPITAL - CASSVILLE,94 MAIN STREET,CASSVILLE,MO,65625,BARRY,(417) 847-6065,OP_32,"Rate of unplanned hospital visits after colonoscopy (per 1,000 colonoscopies)",No Different Than the National Rate,109,12.6,9.3,17.1,Not Applicable,Not Applicable,,01/01/2022,12/31/2024
261317,MERCY HOSPITAL - CASSVILLE,94 MAIN STREET,CASSVILLE,MO,65625,BARRY,(417) 847-6065,OP_35_ADM,Rate of inpatient admissions for patients receiving outpatient chemotherapy,Not Available,Not Available,Not Available,Not Available,Not Available,Not Applicable,Not Applicable,5,01/01/2024,12/31/2024
261317,MERCY HOSPITAL - CASSVILLE,94 MAIN STREET,CASSVILLE,MO,65625,BARRY,(417) 847-6065,OP_35_ED,Rate of emergency department (ED) visits for patients receiving outpatient chemotherapy,Not Available,Not Available,Not Available,Not Available,Not Available,Not Applicable,Not Applicable,5,01/01/2024,12/31/2024
261317,MERCY HOSPITAL - CASSVILLE,94 MAIN STREET,CASSVILLE,MO,65625,BARRY,(417) 847-6065,OP_36,Ratio of unplanned hospital visits after hospital outpatient surgery,Not Available,Not Available,Not Available,Not Available,Not Available,Not Applicable,Not Applicable,5,01/01/2024,12/31/2024
261317,MERCY HOSPITAL - CASSVILLE,94 MAIN STREET,CASSVILLE,MO,65625,BARRY,(417) 847-6065,READM_30_AMI,Acute Myocardial Infarction (AMI) 30-Day Readmission Rate,Not Available,Not Available,Not Available,Not Available,Not Available,Not Applicable,Not Applicable,5,07/01/2021,06/30/2024
261317,MERCY HOSPITAL - CASSVILLE,94 MAIN STREET,CASSVILLE,MO,65625,BARRY,(417) 847-6065,READM_30_CABG,Rate of readmission for CABG,Not Available,Not Available,Not Available,Not Available,Not Available,Not Applicable,Not Applicable,5,07/01/2021,06/30/2024
261317,MERCY HOSPITAL - CASSVILLE,94 MAIN STREET,CASSVILLE,MO,65625,BARRY,(417) 847-6065,READM_30_COPD,Rate of readmission for chronic obstructive pulmonary disease (COPD) patients,Number of Cases Too Small,Not Available,Not Available,Not Available,Not Available,Not Applicable,Not Applicable,1,07/01/2021,06/30/2024
261317,MERCY HOSPITAL - CASSVILLE,94 MAIN STREET,CASSVILLE,MO,65625,BARRY,(417) 847-6065,READM_30_HF,Heart failure (HF) 30-Day Readmission Rate,Number of Cases Too Small,Not Available,Not Available,Not Available,Not Available,Not Applicable,Not Applicable,1,07/01/2021,06/30/2024
261317,MERCY HOSPITAL - CASSVILLE,94 MAIN STREET,CASSVILLE,MO,65625,BARRY,(417) 847-6065,READM_30_HIP_KNEE,Rate of readmission after hip/knee replacement,Not Available,Not Available,Not Available,Not Available,Not Available,Not Applicable,Not Applicable,5,07/01/2021,06/30/2024
261317,MERCY HOSPITAL - CASSVILLE,94 MAIN STREET,CASSVILLE,MO,65625,BARRY,(417) 847-6065,READM_30_PN,Pneumonia (PN) 30-Day Readmission Rate,No Different Than the National Rate,44,16.5,13.0,20.4,Not Applicable,Not Applicable,,07/01/2021,06/30/2024
261318,SALEM MEMORIAL DISTRICT HOSPITAL,PO BOX 774,SALEM,MO,65560,DENT,(573) 729-6626,EDAC_30_AMI,Hospital return days for heart attack patients,Number of Cases Too Small,Not Available,Not Available,Not Available,Not Available,Not Available,Not Available,1,07/01/2021,06/30/2024
261318,SALEM MEMORIAL DISTRICT HOSPITAL,PO BOX 774,SALEM,MO,65560,DENT,(573) 729-6626,EDAC_30_HF,Hospital return days for heart failure patients,More Days Than Average per 100 Discharges,52,46.2,15,81.9,45,17,,07/01/2021,06/30/2024
261318,SALEM MEMORIAL DISTRICT HOSPITAL,PO BOX 774,SALEM,MO,65560,DENT,(573) 729-6626,EDAC_30_PN,Hospital return days for pneumonia patients,Fewer Days Than Average per 100 Discharges,104,-23.9,-38.6,-5.8,94,25,,07/01/2021,06/30/2024
261318,SALEM MEMORIAL DISTRICT HOSPITAL,PO BOX 774,SALEM,MO,65560,DENT,(573) 729-6626,Hybrid_HWR,Hybrid Hospital-Wide All-Cause Readmission Measure (HWR),No Different Than the National Rate,116,14.8,12.9,16.8,Not Applicable,Not Applicable,,07/01/2023,06/30/2024
261318,SALEM MEMORIAL DISTRICT HOSPITAL,PO BOX 774,SALEM,MO,65560,DENT,(573) 729-6626,OP_32,"Rate of unplanned hospital visits after colonoscopy (per 1,000 colonoscopies)",No Different Than the National Rate,83,13,9.7,17.7,Not Applicable,Not Applicable,,01/01/2022,12/31/2024
261318,SALEM MEMORIAL DISTRICT HOSPITAL,PO BOX 774,SALEM,MO,65560,DENT,(573) 729-6626,OP_35_ADM,Rate of inpatient admissions for patients receiving outpatient chemotherapy,Not Available,Not Available,Not Available,Not Available,Not Available,Not Applicable,Not Applicable,5,01/01/2024,12/31/2024
261318,SALEM MEMORIAL DISTRICT HOSPITAL,PO BOX 774,SALEM,MO,65560,DENT,(573) 729-6626,OP_35_ED,Rate of emergency department (ED) visits for patients receiving outpatient chemotherapy,Not Available,Not Available,Not Available,Not Available,Not Available,Not Applicable,Not Applicable,5,01/01/2024,12/31/2024
261318,SALEM MEMORIAL DISTRICT HOSPITAL,PO BOX 774,SALEM,MO,65560,DENT,(573) 729-6626,OP_36,Ratio of unplanned hospital visits after hospital outpatient surgery,No Different than expected,42,1,0.7,1.4,Not Applicable,Not Applicable,,01/01/2024,12/31/2024
261318,SALEM MEMORIAL DISTRICT HOSPITAL,PO BOX 774,SALEM,MO,65560,DENT,(573) 729-6626,READM_30_AMI,Acute Myocardial Infarction (AMI) 30-Day Readmission Rate,Number of Cases Too Small,Not Available,Not Available,Not Available,Not Available,Not Applicable,Not Applicable,1,07/01/2021,06/30/2024
261318,SALEM MEMORIAL DISTRICT HOSPITAL,PO BOX 774,SALEM,MO,65560,DENT,(573) 729-6626,READM_30_CABG,Rate of readmission for CABG,Not Available,Not Available,Not Available,Not Available,Not Available,Not Applicable,Not Applicable,5,07/01/2021,06/30/2024
261318,SALEM MEMORIAL DISTRICT HOSPITAL,PO BOX 774,SALEM,MO,65560,DENT,(573) 729-6626,READM_30_COPD,Rate of readmission for chronic obstructive pulmonary disease (COPD) patients,No Different Than the National Rate,25,18,14.6,21.9,Not Applicable,Not Applicable,,07/01/2021,06/30/2024
261318,SALEM MEMORIAL DISTRICT HOSPITAL,PO BOX 774,SALEM,MO,65560,DENT,(573) 729-6626,READM_30_HF,Heart failure (HF) 30-Day Readmission Rate,No Different Than the National Rate,52,19.7,16.3,23.6,Not Applicable,Not Applicable,,07/01/2021,06/30/2024
261318,SALEM MEMORIAL DISTRICT HOSPITAL,PO BOX 774,SALEM,MO,65560,DENT,(573) 729-6626,READM_30_HIP_KNEE,Rate of readmission after hip/knee replacement,Not Available,Not Available,Not Available,Not Available,Not Available,Not Applicable,Not Applicable,5,07/01/2021,06/30/2024
261318,SALEM MEMORIAL DISTRICT HOSPITAL,PO BOX 774,SALEM,MO,65560,DENT,(573) 729-6626,READM_30_PN,Pneumonia (PN) 30-Day Readmission Rate,No Different Than the National Rate,104,15,12.4,18.1,Not Applicable,Not Applicable,,07/01/2021,06/30/2024
261319,MERCY HOSPITAL LINCOLN,1000 EAST CHERRY STREET,TROY,MO,63379,LINCOLN,(636) 528-8551,EDAC_30_AMI,Hospital return days for heart attack patients,Not Available,Not Available,Not Available,Not Available,Not Available,Not Available,Not Available,5,07/01/2021,06/30/2024
261319,MERCY HOSPITAL LINCOLN,1000 EAST CHERRY STREET,TROY,MO,63379,LINCOLN,(636) 528-8551,EDAC_30_HF,Hospital return days for heart failure patients,Average Days per 100 Discharges,25,-25.1,-54.3,12.9,21,6,,07/01/2021,06/30/2024
261319,MERCY HOSPITAL LINCOLN,1000 EAST CHERRY STREET,TROY,MO,63379,LINCOLN,(636) 528-8551,EDAC_30_PN,Hospital return days for pneumonia patients,Fewer Days Than Average per 100 Discharges,43,-44.1,-60.8,-21.7,39,5,,07/01/2021,06/30/2024
261319,MERCY HOSPITAL LINCOLN,1000 EAST CHERRY STREET,TROY,MO,63379,LINCOLN,(636) 528-8551,Hybrid_HWR,Hybrid Hospital-Wide All-Cause Readmission Measure (HWR),No Different Than the National Rate,120,14.2,12.5,16.1,Not Applicable,Not Applicable,,07/01/2023,06/30/2024
261319,MERCY HOSPITAL LINCOLN,1000 EAST CHERRY STREET,TROY,MO,63379,LINCOLN,(636) 528-8551,OP_32,"Rate of unplanned hospital visits after colonoscopy (per 1,000 colonoscopies)",No Different Than the National Rate,80,13.3,9.9,17.8,Not Applicable,Not Applicable,,01/01/2022,12/31/2024
261319,MERCY HOSPITAL LINCOLN,1000 EAST CHERRY STREET,TROY,MO,63379,LINCOLN,(636) 528-8551,OP_35_ADM,Rate of inpatient admissions for patients receiving outpatient chemotherapy,Number of Cases Too Small,Not Available,Not Available,Not Available,Not Available,Not Applicable,Not Applicable,1,01/01/2024,12/31/2024
261319,MERCY HOSPITAL LINCOLN,1000 EAST CHERRY STREET,TROY,MO,63379,LINCOLN,(636) 528-8551,OP_35_ED,Rate of emergency department (ED) visits for patients receiving outpatient chemotherapy,Number of Cases Too Small,Not Available,Not Available,Not Available,Not Available,Not Applicable,Not Applicable,1,01/01/2024,12/31/2024
261319,MERCY HOSPITAL LINCOLN,1000 EAST CHERRY STREET,TROY,MO,63379,LINCOLN,(636) 528-8551,OP_36,Ratio of unplanned hospital visits after hospital outpatient surgery,No Different than expected,43,1,0.7,1.5,Not Applicable,Not Applicable,,01/01/2024,12/31/2024
261319,MERCY HOSPITAL LINCOLN,1000 EAST CHERRY STREET,TROY,MO,63379,LINCOLN,(636) 528-8551,READM_30_AMI,Acute Myocardial Infarction (AMI) 30-Day Readmission Rate,Not Available,Not Available,Not Available,Not Available,Not Available,Not Applicable,Not Applicable,5,07/01/2021,06/30/2024
261319,MERCY HOSPITAL LINCOLN,1000 EAST CHERRY STREET,TROY,MO,63379,LINCOLN,(636) 528-8551,READM_30_CABG,Rate of readmission for CABG,Not Available,Not Available,Not Available,Not Available,Not Available,Not Applicable,Not Applicable,5,07/01/2021,06/30/2024
261319,MERCY HOSPITAL LINCOLN,1000 EAST CHERRY STREET,TROY,MO,63379,LINCOLN,(636) 528-8551,READM_30_COPD,Rate of readmission for chronic obstructive pulmonary disease (COPD) patients,Number of Cases Too Small,Not Available,Not Available,Not Available,Not Available,Not Applicable,Not Applicable,1,07/01/2021,06/30/2024
261319,MERCY HOSPITAL LINCOLN,1000 EAST CHERRY STREET,TROY,MO,63379,LINCOLN,(636) 528-8551,READM_30_HF,Heart failure (HF) 30-Day Readmission Rate,No Different Than the National Rate,25,19.8,16.0,24.1,Not Applicable,Not Applicable,,07/01/2021,06/30/2024
261319,MERCY HOSPITAL LINCOLN,1000 EAST CHERRY STREET,TROY,MO,63379,LINCOLN,(636) 528-8551,READM_30_HIP_KNEE,Rate of readmission after hip/knee replacement,Number of Cases Too Small,Not Available,Not Available,Not Available,Not Available,Not Applicable,Not Applicable,1,07/01/2021,06/30/2024
261319,MERCY HOSPITAL LINCOLN,1000 EAST CHERRY STREET,TROY,MO,63379,LINCOLN,(636) 528-8551,READM_30_PN,Pneumonia (PN) 30-Day Readmission Rate,No Different Than the National Rate,43,15.5,12.4,19.1,Not Applicable,Not Applicable,,07/01/2021,06/30/2024
261320,LAFAYETTE REGIONAL HEALTH CENTER,1500 STATE STREET,LEXINGTON,MO,64067,LAFAYETTE,(660) 259-2203,EDAC_30_AMI,Hospital return days for heart attack patients,Number of Cases Too Small,Not Available,Not Available,Not Available,Not Available,Not Available,Not Available,1,07/01/2021,06/30/2024
261320,LAFAYETTE REGIONAL HEALTH CENTER,1500 STATE STREET,LEXINGTON,MO,64067,LAFAYETTE,(660) 259-2203,EDAC_30_HF,Hospital return days for heart failure patients,More Days Than Average per 100 Discharges,29,179.9,123.9,242.9,26,13,,07/01/2021,06/30/2024
261320,LAFAYETTE REGIONAL HEALTH CENTER,1500 STATE STREET,LEXINGTON,MO,64067,LAFAYETTE,(660) 259-2203,EDAC_30_PN,Hospital return days for pneumonia patients,Average Days per 100 Discharges,39,9.5,-16.1,44.2,36,12,,07/01/2021,06/30/2024
261320,LAFAYETTE REGIONAL HEALTH CENTER,1500 STATE STREET,LEXINGTON,MO,64067,LAFAYETTE,(660) 259-2203,Hybrid_HWR,Hybrid Hospital-Wide All-Cause Readmission Measure (HWR),No Different Than the National Rate,136,16.2,14.0,18.7,Not Applicable,Not Applicable,,07/01/2023,06/30/2024
261320,LAFAYETTE REGIONAL HEALTH CENTER,1500 STATE STREET,LEXINGTON,MO,64067,LAFAYETTE,(660) 259-2203,OP_32,"Rate of unplanned hospital visits after colonoscopy (per 1,000 colonoscopies)",No Different Than the National Rate,93,12.6,9.1,17.1,Not Applicable,Not Applicable,,01/01/2022,12/31/2024
261320,LAFAYETTE REGIONAL HEALTH CENTER,1500 STATE STREET,LEXINGTON,MO,64067,LAFAYETTE,(660) 259-2203,OP_35_ADM,Rate of inpatient admissions for patients receiving outpatient chemotherapy,Number of Cases Too Small,Not Available,Not Available,Not Available,Not Available,Not Applicable,Not Applicable,1,01/01/2024,12/31/2024
261320,LAFAYETTE REGIONAL HEALTH CENTER,1500 STATE STREET,LEXINGTON,MO,64067,LAFAYETTE,(660) 259-2203,OP_35_ED,Rate of emergency department (ED) visits for patients receiving outpatient chemotherapy,Number of Cases Too Small,Not Available,Not Available,Not Available,Not Available,Not Applicable,Not Applicable,1,01/01/2024,12/31/2024
261320,LAFAYETTE REGIONAL HEALTH CENTER,1500 STATE STREET,LEXINGTON,MO,64067,LAFAYETTE,(660) 259-2203,OP_36,Ratio of unplanned hospital visits after hospital outpatient surgery,Number of cases too small,Not Available,Not Available,Not Available,Not Available,Not Applicable,Not Applicable,1,01/01/2024,12/31/2024
261320,LAFAYETTE REGIONAL HEALTH CENTER,1500 STATE STREET,LEXINGTON,MO,64067,LAFAYETTE,(660) 259-2203,READM_30_AMI,Acute Myocardial Infarction (AMI) 30-Day Readmission Rate,Number of Cases Too Small,Not Available,Not Available,Not Available,Not Available,Not Applicable,Not Applicable,1,07/01/2021,06/30/2024
261320,LAFAYETTE REGIONAL HEALTH CENTER,1500 STATE STREET,LEXINGTON,MO,64067,LAFAYETTE,(660) 259-2203,READM_30_CABG,Rate of readmission for CABG,Not Available,Not Available,Not Available,Not Available,Not Available,Not Applicable,Not Applicable,5,07/01/2021,06/30/2024
261320,LAFAYETTE REGIONAL HEALTH CENTER,1500 STATE STREET,LEXINGTON,MO,64067,LAFAYETTE,(660) 259-2203,READM_30_COPD,Rate of readmission for chronic obstructive pulmonary disease (COPD) patients,Number of Cases Too Small,Not Available,Not Available,Not Available,Not Available,Not Applicable,Not Applicable,1,07/01/2021,06/30/2024
261320,LAFAYETTE REGIONAL HEALTH CENTER,1500 STATE STREET,LEXINGTON,MO,64067,LAFAYETTE,(660) 259-2203,READM_30_HF,Heart failure (HF) 30-Day Readmission Rate,No Different Than the National Rate,29,21.2,17.3,25.4,Not Applicable,Not Applicable,,07/01/2021,06/30/2024
261320,LAFAYETTE REGIONAL HEALTH CENTER,1500 STATE STREET,LEXINGTON,MO,64067,LAFAYETTE,(660) 259-2203,READM_30_HIP_KNEE,Rate of readmission after hip/knee replacement,Number of Cases Too Small,Not Available,Not Available,Not Available,Not Available,Not Applicable,Not Applicable,1,07/01/2021,06/30/2024
261320,LAFAYETTE REGIONAL HEALTH CENTER,1500 STATE STREET,LEXINGTON,MO,64067,LAFAYETTE,(660) 259-2203,READM_30_PN,Pneumonia (PN) 30-Day Readmission Rate,No Different Than the National Rate,39,16.7,13.7,20.5,Not Applicable,Not Applicable,,07/01/2021,06/30/2024
261321,HEDRICK MEDICAL CENTER,2799 NORTH WASHINGTON STREET,CHILLICOTHE,MO,64601,LIVINGSTON,(660) 646-1480,EDAC_30_AMI,Hospital return days for heart attack patients,Not Available,Not Available,Not Available,Not Available,Not Available,Not Available,Not Available,7,07/01/2021,06/30/2024
261321,HEDRICK MEDICAL CENTER,2799 NORTH WASHINGTON STREET,CHILLICOTHE,MO,64601,LIVINGSTON,(660) 646-1480,EDAC_30_HF,Hospital return days for heart failure patients,Fewer Days Than Average per 100 Discharges,54,-44.8,-62.9,-20.1,48,13,,07/01/2021,06/30/2024
261321,HEDRICK MEDICAL CENTER,2799 NORTH WASHINGTON STREET,CHILLICOTHE,MO,64601,LIVINGSTON,(660) 646-1480,EDAC_30_PN,Hospital return days for pneumonia patients,Fewer Days Than Average per 100 Discharges,90,-29,-44,-10,79,19,,07/01/2021,06/30/2024
261321,HEDRICK MEDICAL CENTER,2799 NORTH WASHINGTON STREET,CHILLICOTHE,MO,64601,LIVINGSTON,(660) 646-1480,Hybrid_HWR,Hybrid Hospital-Wide All-Cause Readmission Measure (HWR),No Different Than the National Rate,199,14.9,12.9,17.0,Not Applicable,Not Applicable,,07/01/2023,06/30/2024
261321,HEDRICK MEDICAL CENTER,2799 NORTH WASHINGTON STREET,CHILLICOTHE,MO,64601,LIVINGSTON,(660) 646-1480,OP_32,"Rate of unplanned hospital visits after colonoscopy (per 1,000 colonoscopies)",Number of Cases Too Small,Not Available,Not Available,Not Available,Not Available,Not Applicable,Not Applicable,1,01/01/2022,12/31/2024
261321,HEDRICK MEDICAL CENTER,2799 NORTH WASHINGTON STREET,CHILLICOTHE,MO,64601,LIVINGSTON,(660) 646-1480,OP_35_ADM,Rate of inpatient admissions for patients receiving outpatient chemotherapy,Number of Cases Too Small,Not Available,Not Available,Not Available,Not Available,Not Applicable,Not Applicable,1,01/01/2024,12/31/2024
261321,HEDRICK MEDICAL CENTER,2799 NORTH WASHINGTON STREET,CHILLICOTHE,MO,64601,LIVINGSTON,(660) 646-1480,OP_35_ED,Rate of emergency department (ED) visits for patients receiving outpatient chemotherapy,Number of Cases Too Small,Not Available,Not Available,Not Available,Not Available,Not Applicable,Not Applicable,1,01/01/2024,12/31/2024
261321,HEDRICK MEDICAL CENTER,2799 NORTH WASHINGTON STREET,CHILLICOTHE,MO,64601,LIVINGSTON,(660) 646-1480,OP_36,Ratio of unplanned hospital visits after hospital outpatient surgery,Number of cases too small,Not Available,Not Available,Not Available,Not Available,Not Applicable,Not Applicable,1,01/01/2024,12/31/2024
261321,HEDRICK MEDICAL CENTER,2799 NORTH WASHINGTON STREET,CHILLICOTHE,MO,64601,LIVINGSTON,(660) 646-1480,READM_30_AMI,Acute Myocardial Infarction (AMI) 30-Day Readmission Rate,Not Available,Not Available,Not Available,Not Available,Not Available,Not Applicable,Not Applicable,7,07/01/2021,06/30/2024
261321,HEDRICK MEDICAL CENTER,2799 NORTH WASHINGTON STREET,CHILLICOTHE,MO,64601,LIVINGSTON,(660) 646-1480,READM_30_CABG,Rate of readmission for CABG,Not Available,Not Available,Not Available,Not Available,Not Available,Not Applicable,Not Applicable,5,07/01/2021,06/30/2024
261321,HEDRICK MEDICAL CENTER,2799 NORTH WASHINGTON STREET,CHILLICOTHE,MO,64601,LIVINGSTON,(660) 646-1480,READM_30_COPD,Rate of readmission for chronic obstructive pulmonary disease (COPD) patients,No Different Than the National Rate,32,18.4,14.9,22.4,Not Applicable,Not Applicable,,07/01/2021,06/30/2024
261321,HEDRICK MEDICAL CENTER,2799 NORTH WASHINGTON STREET,CHILLICOTHE,MO,64601,LIVINGSTON,(660) 646-1480,READM_30_HF,Heart failure (HF) 30-Day Readmission Rate,No Different Than the National Rate,54,19.2,15.9,23.3,Not Applicable,Not Applicable,,07/01/2021,06/30/2024
261321,HEDRICK MEDICAL CENTER,2799 NORTH WASHINGTON STREET,CHILLICOTHE,MO,64601,LIVINGSTON,(660) 646-1480,READM_30_HIP_KNEE,Rate of readmission after hip/knee replacement,Not Available,Not Available,Not Available,Not Available,Not Available,Not Applicable,Not Applicable,5,07/01/2021,06/30/2024
261321,HEDRICK MEDICAL CENTER,2799 NORTH WASHINGTON STREET,CHILLICOTHE,MO,64601,LIVINGSTON,(660) 646-1480,READM_30_PN,Pneumonia (PN) 30-Day Readmission Rate,No Different Than the National Rate,90,15.7,12.8,19.2,Not Applicable,Not Applicable,,07/01/2021,06/30/2024
261322,EXCELSIOR SPRINGS HOSPITAL,1700 RAINBOW BOULEVARD,EXCELSIOR SPRINGS,MO,64024,CLAY,(816) 630-6081,EDAC_30_AMI,Hospital return days for heart attack patients,Not Available,Not Available,Not Available,Not Available,Not Available,Not Available,Not Available,5,07/01/2021,06/30/2024
261322,EXCELSIOR SPRINGS HOSPITAL,1700 RAINBOW BOULEVARD,EXCELSIOR SPRINGS,MO,64024,CLAY,(816) 630-6081,EDAC_30_HF,Hospital return days for heart failure patients,Number of Cases Too Small,Not Available,Not Available,Not Available,Not Available,Not Available,Not Available,1,07/01/2021,06/30/2024
261322,EXCELSIOR SPRINGS HOSPITAL,1700 RAINBOW BOULEVARD,EXCELSIOR SPRINGS,MO,64024,CLAY,(816) 630-6081,EDAC_30_PN,Hospital return days for pneumonia patients,Average Days per 100 Discharges,32,2.3,-22.4,34,30,8,,07/01/2021,06/30/2024
261322,EXCELSIOR SPRINGS HOSPITAL,1700 RAINBOW BOULEVARD,EXCELSIOR SPRINGS,MO,64024,CLAY,(816) 630-6081,Hybrid_HWR,Hybrid Hospital-Wide All-Cause Readmission Measure (HWR),No Different Than the National Rate,49,15.3,13.1,17.8,Not Applicable,Not Applicable,,07/01/2023,06/30/2024
261322,EXCELSIOR SPRINGS HOSPITAL,1700 RAINBOW BOULEVARD,EXCELSIOR SPRINGS,MO,64024,CLAY,(816) 630-6081,OP_32,"Rate of unplanned hospital visits after colonoscopy (per 1,000 colonoscopies)",Number of Cases Too Small,Not Available,Not Available,Not Available,Not Available,Not Applicable,Not Applicable,1,01/01/2022,12/31/2024
261322,EXCELSIOR SPRINGS HOSPITAL,1700 RAINBOW BOULEVARD,EXCELSIOR SPRINGS,MO,64024,CLAY,(816) 630-6081,OP_35_ADM,Rate of inpatient admissions for patients receiving outpatient chemotherapy,Number of Cases Too Small,Not Available,Not Available,Not Available,Not Available,Not Applicable,Not Applicable,1,01/01/2024,12/31/2024
261322,EXCELSIOR SPRINGS HOSPITAL,1700 RAINBOW BOULEVARD,EXCELSIOR SPRINGS,MO,64024,CLAY,(816) 630-6081,OP_35_ED,Rate of emergency department (ED) visits for patients receiving outpatient chemotherapy,Number of Cases Too Small,Not Available,Not Available,Not Available,Not Available,Not Applicable,Not Applicable,1,01/01/2024,12/31/2024
261322,EXCELSIOR SPRINGS HOSPITAL,1700 RAINBOW BOULEVARD,EXCELSIOR SPRINGS,MO,64024,CLAY,(816) 630-6081,OP_36,Ratio of unplanned hospital visits after hospital outpatient surgery,Number of cases too small,Not Available,Not Available,Not Available,Not Available,Not Applicable,Not Applicable,1,01/01/2024,12/31/2024
261322,EXCELSIOR SPRINGS HOSPITAL,1700 RAINBOW BOULEVARD,EXCELSIOR SPRINGS,MO,64024,CLAY,(816) 630-6081,READM_30_AMI,Acute Myocardial Infarction (AMI) 30-Day Readmission Rate,Not Available,Not Available,Not Available,Not Available,Not Available,Not Applicable,Not Applicable,5,07/01/2021,06/30/2024
261322,EXCELSIOR SPRINGS HOSPITAL,1700 RAINBOW BOULEVARD,EXCELSIOR SPRINGS,MO,64024,CLAY,(816) 630-6081,READM_30_CABG,Rate of readmission for CABG,Not Available,Not Available,Not Available,Not Available,Not Available,Not Applicable,Not Applicable,5,07/01/2021,06/30/2024
261322,EXCELSIOR SPRINGS HOSPITAL,1700 RAINBOW BOULEVARD,EXCELSIOR SPRINGS,MO,64024,CLAY,(816) 630-6081,READM_30_COPD,Rate of readmission for chronic obstructive pulmonary disease (COPD) patients,Number of Cases Too Small,Not Available,Not Available,Not Available,Not Available,Not Applicable,Not Applicable,1,07/01/2021,06/30/2024
261322,EXCELSIOR SPRINGS HOSPITAL,1700 RAINBOW BOULEVARD,EXCELSIOR SPRINGS,MO,64024,CLAY,(816) 630-6081,READM_30_HF,Heart failure (HF) 30-Day Readmission Rate,Number of Cases Too Small,Not Available,Not Available,Not Available,Not Available,Not Applicable,Not Applicable,1,07/01/2021,06/30/2024
261322,EXCELSIOR SPRINGS HOSPITAL,1700 RAINBOW BOULEVARD,EXCELSIOR SPRINGS,MO,64024,CLAY,(816) 630-6081,READM_30_HIP_KNEE,Rate of readmission after hip/knee replacement,Number of Cases Too Small,Not Available,Not Available,Not Available,Not Available,Not Applicable,Not Applicable,1,07/01/2021,06/30/2024
261322,EXCELSIOR SPRINGS HOSPITAL,1700 RAINBOW BOULEVARD,EXCELSIOR SPRINGS,MO,64024,CLAY,(816) 630-6081,READM_30_PN,Pneumonia (PN) 30-Day Readmission Rate,No Different Than the National Rate,32,15.9,12.7,19.6,Not Applicable,Not Applicable,,07/01/2021,06/30/2024
261323,CEDAR COUNTY MEMORIAL HOSPITAL,1401 SOUTH PARK STREET,EL DORADO SPRINGS,MO,64744,CEDAR,(417) 876-2511,EDAC_30_AMI,Hospital return days for heart attack patients,Number of Cases Too Small,Not Available,Not Available,Not Available,Not Available,Not Available,Not Available,1,07/01/2021,06/30/2024
261323,CEDAR COUNTY MEMORIAL HOSPITAL,1401 SOUTH PARK STREET,EL DORADO SPRINGS,MO,64744,CEDAR,(417) 876-2511,EDAC_30_HF,Hospital return days for heart failure patients,Number of Cases Too Small,Not Available,Not Available,Not Available,Not Available,Not Available,Not Available,1,07/01/2021,06/30/2024
261323,CEDAR COUNTY MEMORIAL HOSPITAL,1401 SOUTH PARK STREET,EL DORADO SPRINGS,MO,64744,CEDAR,(417) 876-2511,EDAC_30_PN,Hospital return days for pneumonia patients,Fewer Days Than Average per 100 Discharges,29,-41,-56.2,-18.6,26,4,,07/01/2021,06/30/2024
261323,CEDAR COUNTY MEMORIAL HOSPITAL,1401 SOUTH PARK STREET,EL DORADO SPRINGS,MO,64744,CEDAR,(417) 876-2511,Hybrid_HWR,Hybrid Hospital-Wide All-Cause Readmission Measure (HWR),No Different Than the National Rate,38,14.9,12.8,17.3,Not Applicable,Not Applicable,,07/01/2023,06/30/2024
261323,CEDAR COUNTY MEMORIAL HOSPITAL,1401 SOUTH PARK STREET,EL DORADO SPRINGS,MO,64744,CEDAR,(417) 876-2511,OP_32,"Rate of unplanned hospital visits after colonoscopy (per 1,000 colonoscopies)",Number of Cases Too Small,Not Available,Not Available,Not Available,Not Available,Not Applicable,Not Applicable,1,01/01/2022,12/31/2024
261323,CEDAR COUNTY MEMORIAL HOSPITAL,1401 SOUTH PARK STREET,EL DORADO SPRINGS,MO,64744,CEDAR,(417) 876-2511,OP_35_ADM,Rate of inpatient admissions for patients receiving outpatient chemotherapy,Not Available,Not Available,Not Available,Not Available,Not Available,Not Applicable,Not Applicable,5,01/01/2024,12/31/2024
261323,CEDAR COUNTY MEMORIAL HOSPITAL,1401 SOUTH PARK STREET,EL DORADO SPRINGS,MO,64744,CEDAR,(417) 876-2511,OP_35_ED,Rate of emergency department (ED) visits for patients receiving outpatient chemotherapy,Not Available,Not Available,Not Available,Not Available,Not Available,Not Applicable,Not Applicable,5,01/01/2024,12/31/2024
261323,CEDAR COUNTY MEMORIAL HOSPITAL,1401 SOUTH PARK STREET,EL DORADO SPRINGS,MO,64744,CEDAR,(417) 876-2511,OP_36,Ratio of unplanned hospital visits after hospital outpatient surgery,Not Available,Not Available,Not Available,Not Available,Not Available,Not Applicable,Not Applicable,5,01/01/2024,12/31/2024
261323,CEDAR COUNTY MEMORIAL HOSPITAL,1401 SOUTH PARK STREET,EL DORADO SPRINGS,MO,64744,CEDAR,(417) 876-2511,READM_30_AMI,Acute Myocardial Infarction (AMI) 30-Day Readmission Rate,Number of Cases Too Small,Not Available,Not Available,Not Available,Not Available,Not Applicable,Not Applicable,1,07/01/2021,06/30/2024
261323,CEDAR COUNTY MEMORIAL HOSPITAL,1401 SOUTH PARK STREET,EL DORADO SPRINGS,MO,64744,CEDAR,(417) 876-2511,READM_30_CABG,Rate of readmission for CABG,Not Available,Not Available,Not Available,Not Available,Not Available,Not Applicable,Not Applicable,5,07/01/2021,06/30/2024
261323,CEDAR COUNTY MEMORIAL HOSPITAL,1401 SOUTH PARK STREET,EL DORADO SPRINGS,MO,64744,CEDAR,(417) 876-2511,READM_30_COPD,Rate of readmission for chronic obstructive pulmonary disease (COPD) patients,Number of Cases Too Small,Not Available,Not Available,Not Available,Not Available,Not Applicable,Not Applicable,1,07/01/2021,06/30/2024
261323,CEDAR COUNTY MEMORIAL HOSPITAL,1401 SOUTH PARK STREET,EL DORADO SPRINGS,MO,64744,CEDAR,(417) 876-2511,READM_30_HF,Heart failure (HF) 30-Day Readmission Rate,Number of Cases Too Small,Not Available,Not Available,Not Available,Not Available,Not Applicable,Not Applicable,1,07/01/2021,06/30/2024
261323,CEDAR COUNTY MEMORIAL HOSPITAL,1401 SOUTH PARK STREET,EL DORADO SPRINGS,MO,64744,CEDAR,(417) 876-2511,READM_30_HIP_KNEE,Rate of readmission after hip/knee replacement,Not Available,Not Available,Not Available,Not Available,Not Available,Not Applicable,Not Applicable,5,07/01/2021,06/30/2024
261323,CEDAR COUNTY MEMORIAL HOSPITAL,1401 SOUTH PARK STREET,EL DORADO SPRINGS,MO,64744,CEDAR,(417) 876-2511,READM_30_PN,Pneumonia (PN) 30-Day Readmission Rate,No Different Than the National Rate,29,15.6,12.3,19.5,Not Applicable,Not Applicable,,07/01/2021,06/30/2024
261324,CASS REGIONAL MEDICAL CENTER,2800 E ROCK HAVEN ROAD,HARRISONVILLE,MO,64701,CASS,(816) 380-5888,EDAC_30_AMI,Hospital return days for heart attack patients,Not Available,Not Available,Not Available,Not Available,Not Available,Not Available,Not Available,7,07/01/2021,06/30/2024
261324,CASS REGIONAL MEDICAL CENTER,2800 E ROCK HAVEN ROAD,HARRISONVILLE,MO,64701,CASS,(816) 380-5888,EDAC_30_HF,Hospital return days for heart failure patients,Number of Cases Too Small,Not Available,Not Available,Not Available,Not Available,Not Available,Not Available,1,07/01/2021,06/30/2024
261324,CASS REGIONAL MEDICAL CENTER,2800 E ROCK HAVEN ROAD,HARRISONVILLE,MO,64701,CASS,(816) 380-5888,EDAC_30_PN,Hospital return days for pneumonia patients,Average Days per 100 Discharges,33,-7.8,-31.8,23.5,29,8,,07/01/2021,06/30/2024
261324,CASS REGIONAL MEDICAL CENTER,2800 E ROCK HAVEN ROAD,HARRISONVILLE,MO,64701,CASS,(816) 380-5888,Hybrid_HWR,Hybrid Hospital-Wide All-Cause Readmission Measure (HWR),No Different Than the National Rate,175,14.5,12.7,16.4,Not Applicable,Not Applicable,,07/01/2023,06/30/2024
261324,CASS REGIONAL MEDICAL CENTER,2800 E ROCK HAVEN ROAD,HARRISONVILLE,MO,64701,CASS,(816) 380-5888,OP_32,"Rate of unplanned hospital visits after colonoscopy (per 1,000 colonoscopies)",No Different Than the National Rate,367,14.5,10.9,19.6,Not Applicable,Not Applicable,,01/01/2022,12/31/2024
261324,CASS REGIONAL MEDICAL CENTER,2800 E ROCK HAVEN ROAD,HARRISONVILLE,MO,64701,CASS,(816) 380-5888,OP_35_ADM,Rate of inpatient admissions for patients receiving outpatient chemotherapy,No Different Than the National Rate,40,12.3,8.7,16.8,Not Applicable,Not Applicable,,01/01/2024,12/31/2024
261324,CASS REGIONAL MEDICAL CENTER,2800 E ROCK HAVEN ROAD,HARRISONVILLE,MO,64701,CASS,(816) 380-5888,OP_35_ED,Rate of emergency department (ED) visits for patients receiving outpatient chemotherapy,No Different Than the National Rate,40,5.3,3.4,7.9,Not Applicable,Not Applicable,,01/01/2024,12/31/2024
261324,CASS REGIONAL MEDICAL CENTER,2800 E ROCK HAVEN ROAD,HARRISONVILLE,MO,64701,CASS,(816) 380-5888,OP_36,Ratio of unplanned hospital visits after hospital outpatient surgery,No Different than expected,34,1,0.7,1.5,Not Applicable,Not Applicable,,01/01/2024,12/31/2024
261324,CASS REGIONAL MEDICAL CENTER,2800 E ROCK HAVEN ROAD,HARRISONVILLE,MO,64701,CASS,(816) 380-5888,READM_30_AMI,Acute Myocardial Infarction (AMI) 30-Day Readmission Rate,Not Available,Not Available,Not Available,Not Available,Not Available,Not Applicable,Not Applicable,7,07/01/2021,06/30/2024
261324,CASS REGIONAL MEDICAL CENTER,2800 E ROCK HAVEN ROAD,HARRISONVILLE,MO,64701,CASS,(816) 380-5888,READM_30_CABG,Rate of readmission for CABG,Not Available,Not Available,Not Available,Not Available,Not Available,Not Applicable,Not Applicable,5,07/01/2021,06/30/2024
261324,CASS REGIONAL MEDICAL CENTER,2800 E ROCK HAVEN ROAD,HARRISONVILLE,MO,64701,CASS,(816) 380-5888,READM_30_COPD,Rate of readmission for chronic obstructive pulmonary disease (COPD) patients,No Different Than the National Rate,31,18.1,14.5,22.1,Not Applicable,Not Applicable,,07/01/2021,06/30/2024
261324,CASS REGIONAL MEDICAL CENTER,2800 E ROCK HAVEN ROAD,HARRISONVILLE,MO,64701,CASS,(816) 380-5888,READM_30_HF,Heart failure (HF) 30-Day Readmission Rate,Number of Cases Too Small,Not Available,Not Available,Not Available,Not Available,Not Applicable,Not Applicable,1,07/01/2021,06/30/2024
261324,CASS REGIONAL MEDICAL CENTER,2800 E ROCK HAVEN ROAD,HARRISONVILLE,MO,64701,CASS,(816) 380-5888,READM_30_HIP_KNEE,Rate of readmission after hip/knee replacement,Number of Cases Too Small,Not Available,Not Available,Not Available,Not Available,Not Applicable,Not Applicable,1,07/01/2021,06/30/2024
261324,CASS REGIONAL MEDICAL CENTER,2800 E ROCK HAVEN ROAD,HARRISONVILLE,MO,64701,CASS,(816) 380-5888,READM_30_PN,Pneumonia (PN) 30-Day Readmission Rate,No Different Than the National Rate,33,16.2,13.0,20.0,Not Applicable,Not Applicable,,07/01/2021,06/30/2024
261325,COX BARTON COUNTY HOSPITAL,29 NW 1ST LANE,LAMAR,MO,64759,BARTON,(417) 682-6081,EDAC_30_AMI,Hospital return days for heart attack patients,Not Available,Not Available,Not Available,Not Available,Not Available,Not Available,Not Available,7,07/01/2021,06/30/2024
261325,COX BARTON COUNTY HOSPITAL,29 NW 1ST LANE,LAMAR,MO,64759,BARTON,(417) 682-6081,EDAC_30_HF,Hospital return days for heart failure patients,Fewer Days Than Average per 100 Discharges,28,-51.7,-79.4,-13.9,23,8,,07/01/2021,06/30/2024
261325,COX BARTON COUNTY HOSPITAL,29 NW 1ST LANE,LAMAR,MO,64759,BARTON,(417) 682-6081,EDAC_30_PN,Hospital return days for pneumonia patients,Average Days per 100 Discharges,49,2.7,-19.9,30.6,46,11,,07/01/2021,06/30/2024
261325,COX BARTON COUNTY HOSPITAL,29 NW 1ST LANE,LAMAR,MO,64759,BARTON,(417) 682-6081,Hybrid_HWR,Hybrid Hospital-Wide All-Cause Readmission Measure (HWR),No Different Than the National Rate,113,14.8,12.8,16.9,Not Applicable,Not Applicable,,07/01/2023,06/30/2024
261325,COX BARTON COUNTY HOSPITAL,29 NW 1ST LANE,LAMAR,MO,64759,BARTON,(417) 682-6081,OP_32,"Rate of unplanned hospital visits after colonoscopy (per 1,000 colonoscopies)",No Different Than the National Rate,138,12.7,9.4,17.3,Not Applicable,Not Applicable,,01/01/2022,12/31/2024
261325,COX BARTON COUNTY HOSPITAL,29 NW 1ST LANE,LAMAR,MO,64759,BARTON,(417) 682-6081,OP_35_ADM,Rate of inpatient admissions for patients receiving outpatient chemotherapy,Not Available,Not Available,Not Available,Not Available,Not Available,Not Applicable,Not Applicable,5,01/01/2024,12/31/2024
261325,COX BARTON COUNTY HOSPITAL,29 NW 1ST LANE,LAMAR,MO,64759,BARTON,(417) 682-6081,OP_35_ED,Rate of emergency department (ED) visits for patients receiving outpatient chemotherapy,Not Available,Not Available,Not Available,Not Available,Not Available,Not Applicable,Not Applicable,5,01/01/2024,12/31/2024
261325,COX BARTON COUNTY HOSPITAL,29 NW 1ST LANE,LAMAR,MO,64759,BARTON,(417) 682-6081,OP_36,Ratio of unplanned hospital visits after hospital outpatient surgery,Number of cases too small,Not Available,Not Available,Not Available,Not Available,Not Applicable,Not Applicable,1,01/01/2024,12/31/2024
261325,COX BARTON COUNTY HOSPITAL,29 NW 1ST LANE,LAMAR,MO,64759,BARTON,(417) 682-6081,READM_30_AMI,Acute Myocardial Infarction (AMI) 30-Day Readmission Rate,Not Available,Not Available,Not Available,Not Available,Not Available,Not Applicable,Not Applicable,7,07/01/2021,06/30/2024
261325,COX BARTON COUNTY HOSPITAL,29 NW 1ST LANE,LAMAR,MO,64759,BARTON,(417) 682-6081,READM_30_CABG,Rate of readmission for CABG,Not Available,Not Available,Not Available,Not Available,Not Available,Not Applicable,Not Applicable,5,07/01/2021,06/30/2024
261325,COX BARTON COUNTY HOSPITAL,29 NW 1ST LANE,LAMAR,MO,64759,BARTON,(417) 682-6081,READM_30_COPD,Rate of readmission for chronic obstructive pulmonary disease (COPD) patients,Number of Cases Too Small,Not Available,Not Available,Not Available,Not Available,Not Applicable,Not Applicable,1,07/01/2021,06/30/2024
261325,COX BARTON COUNTY HOSPITAL,29 NW 1ST LANE,LAMAR,MO,64759,BARTON,(417) 682-6081,READM_30_HF,Heart failure (HF) 30-Day Readmission Rate,No Different Than the National Rate,28,19,15.6,23.1,Not Applicable,Not Applicable,,07/01/2021,06/30/2024
261325,COX BARTON COUNTY HOSPITAL,29 NW 1ST LANE,LAMAR,MO,64759,BARTON,(417) 682-6081,READM_30_HIP_KNEE,Rate of readmission after hip/knee replacement,Not Available,Not Available,Not Available,Not Available,Not Available,Not Applicable,Not Applicable,5,07/01/2021,06/30/2024
261325,COX BARTON COUNTY HOSPITAL,29 NW 1ST LANE,LAMAR,MO,64759,BARTON,(417) 682-6081,READM_30_PN,Pneumonia (PN) 30-Day Readmission Rate,No Different Than the National Rate,49,16.1,12.9,19.7,Not Applicable,Not Applicable,,07/01/2021,06/30/2024
261327,RAY COUNTY MEMORIAL HOSPITAL,904 WOLLARD BOULEVARD,RICHMOND,MO,64085,RAY,(816) 470-5432,EDAC_30_AMI,Hospital return days for heart attack patients,Not Available,Not Available,Not Available,Not Available,Not Available,Not Available,Not Available,7,07/01/2021,06/30/2024
261327,RAY COUNTY MEMORIAL HOSPITAL,904 WOLLARD BOULEVARD,RICHMOND,MO,64085,RAY,(816) 470-5432,EDAC_30_HF,Hospital return days for heart failure patients,Number of Cases Too Small,Not Available,Not Available,Not Available,Not Available,Not Available,Not Available,1,07/01/2021,06/30/2024
261327,RAY COUNTY MEMORIAL HOSPITAL,904 WOLLARD BOULEVARD,RICHMOND,MO,64085,RAY,(816) 470-5432,EDAC_30_PN,Hospital return days for pneumonia patients,Number of Cases Too Small,Not Available,Not Available,Not Available,Not Available,Not Available,Not Available,1,07/01/2021,06/30/2024
261327,RAY COUNTY MEMORIAL HOSPITAL,904 WOLLARD BOULEVARD,RICHMOND,MO,64085,RAY,(816) 470-5432,Hybrid_HWR,Hybrid Hospital-Wide All-Cause Readmission Measure (HWR),No Different Than the National Rate,55,15.3,13.1,17.7,Not Applicable,Not Applicable,,07/01/2023,06/30/2024
261327,RAY COUNTY MEMORIAL HOSPITAL,904 WOLLARD BOULEVARD,RICHMOND,MO,64085,RAY,(816) 470-5432,OP_32,"Rate of unplanned hospital visits after colonoscopy (per 1,000 colonoscopies)",No Different Than the National Rate,65,13.4,9.9,18,Not Applicable,Not Applicable,,01/01/2022,12/31/2024
261327,RAY COUNTY MEMORIAL HOSPITAL,904 WOLLARD BOULEVARD,RICHMOND,MO,64085,RAY,(816) 470-5432,OP_35_ADM,Rate of inpatient admissions for patients receiving outpatient chemotherapy,Number of Cases Too Small,Not Available,Not Available,Not Available,Not Available,Not Applicable,Not Applicable,1,01/01/2024,12/31/2024
261327,RAY COUNTY MEMORIAL HOSPITAL,904 WOLLARD BOULEVARD,RICHMOND,MO,64085,RAY,(816) 470-5432,OP_35_ED,Rate of emergency department (ED) visits for patients receiving outpatient chemotherapy,Number of Cases Too Small,Not Available,Not Available,Not Available,Not Available,Not Applicable,Not Applicable,1,01/01/2024,12/31/2024
261327,RAY COUNTY MEMORIAL HOSPITAL,904 WOLLARD BOULEVARD,RICHMOND,MO,64085,RAY,(816) 470-5432,OP_36,Ratio of unplanned hospital visits after hospital outpatient surgery,Number of cases too small,Not Available,Not Available,Not Available,Not Available,Not Applicable,Not Applicable,1,01/01/2024,12/31/2024
261327,RAY COUNTY MEMORIAL HOSPITAL,904 WOLLARD BOULEVARD,RICHMOND,MO,64085,RAY,(816) 470-5432,READM_30_AMI,Acute Myocardial Infarction (AMI) 30-Day Readmission Rate,Not Available,Not Available,Not Available,Not Available,Not Available,Not Applicable,Not Applicable,7,07/01/2021,06/30/2024
261327,RAY COUNTY MEMORIAL HOSPITAL,904 WOLLARD BOULEVARD,RICHMOND,MO,64085,RAY,(816) 470-5432,READM_30_CABG,Rate of readmission for CABG,Not Available,Not Available,Not Available,Not Available,Not Available,Not Applicable,Not Applicable,5,07/01/2021,06/30/2024
261327,RAY COUNTY MEMORIAL HOSPITAL,904 WOLLARD BOULEVARD,RICHMOND,MO,64085,RAY,(816) 470-5432,READM_30_COPD,Rate of readmission for chronic obstructive pulmonary disease (COPD) patients,Number of Cases Too Small,Not Available,Not Available,Not Available,Not Available,Not Applicable,Not Applicable,1,07/01/2021,06/30/2024
261327,RAY COUNTY MEMORIAL HOSPITAL,904 WOLLARD BOULEVARD,RICHMOND,MO,64085,RAY,(816) 470-5432,READM_30_HF,Heart failure (HF) 30-Day Readmission Rate,Number of Cases Too Small,Not Available,Not Available,Not Available,Not Available,Not Applicable,Not Applicable,1,07/01/2021,06/30/2024
261327,RAY COUNTY MEMORIAL HOSPITAL,904 WOLLARD BOULEVARD,RICHMOND,MO,64085,RAY,(816) 470-5432,READM_30_HIP_KNEE,Rate of readmission after hip/knee replacement,Not Available,Not Available,Not Available,Not Available,Not Available,Not Applicable,Not Applicable,5,07/01/2021,06/30/2024
261327,RAY COUNTY MEMORIAL HOSPITAL,904 WOLLARD BOULEVARD,RICHMOND,MO,64085,RAY,(816) 470-5432,READM_30_PN,Pneumonia (PN) 30-Day Readmission Rate,Number of Cases Too Small,Not Available,Not Available,Not Available,Not Available,Not Applicable,Not Applicable,1,07/01/2021,06/30/2024
261328,MOSAIC MEDICAL CENTER ALBANY,705 N COLLEGE STREET,ALBANY,MO,64402,GENTRY,(660) 726-3941,EDAC_30_AMI,Hospital return days for heart attack patients,Not Available,Not Available,Not Available,Not Available,Not Available,Not Available,Not Available,7,07/01/2021,06/30/2024
261328,MOSAIC MEDICAL CENTER ALBANY,705 N COLLEGE STREET,ALBANY,MO,64402,GENTRY,(660) 726-3941,EDAC_30_HF,Hospital return days for heart failure patients,Number of Cases Too Small,Not Available,Not Available,Not Available,Not Available,Not Available,Not Available,1,07/01/2021,06/30/2024
261328,MOSAIC MEDICAL CENTER ALBANY,705 N COLLEGE STREET,ALBANY,MO,64402,GENTRY,(660) 726-3941,EDAC_30_PN,Hospital return days for pneumonia patients,Average Days per 100 Discharges,42,-6.9,-28.7,21.7,41,8,,07/01/2021,06/30/2024
261328,MOSAIC MEDICAL CENTER ALBANY,705 N COLLEGE STREET,ALBANY,MO,64402,GENTRY,(660) 726-3941,Hybrid_HWR,Hybrid Hospital-Wide All-Cause Readmission Measure (HWR),No Different Than the National Rate,67,14.7,12.6,17.2,Not Applicable,Not Applicable,,07/01/2023,06/30/2024
261328,MOSAIC MEDICAL CENTER ALBANY,705 N COLLEGE STREET,ALBANY,MO,64402,GENTRY,(660) 726-3941,OP_32,"Rate of unplanned hospital visits after colonoscopy (per 1,000 colonoscopies)",Number of Cases Too Small,Not Available,Not Available,Not Available,Not Available,Not Applicable,Not Applicable,1,01/01/2022,12/31/2024
261328,MOSAIC MEDICAL CENTER ALBANY,705 N COLLEGE STREET,ALBANY,MO,64402,GENTRY,(660) 726-3941,OP_35_ADM,Rate of inpatient admissions for patients receiving outpatient chemotherapy,Number of Cases Too Small,Not Available,Not Available,Not Available,Not Available,Not Applicable,Not Applicable,1,01/01/2024,12/31/2024
261328,MOSAIC MEDICAL CENTER ALBANY,705 N COLLEGE STREET,ALBANY,MO,64402,GENTRY,(660) 726-3941,OP_35_ED,Rate of emergency department (ED) visits for patients receiving outpatient chemotherapy,Number of Cases Too Small,Not Available,Not Available,Not Available,Not Available,Not Applicable,Not Applicable,1,01/01/2024,12/31/2024
261328,MOSAIC MEDICAL CENTER ALBANY,705 N COLLEGE STREET,ALBANY,MO,64402,GENTRY,(660) 726-3941,OP_36,Ratio of unplanned hospital visits after hospital outpatient surgery,Not Available,Not Available,Not Available,Not Available,Not Available,Not Applicable,Not Applicable,5,01/01/2024,12/31/2024
261328,MOSAIC MEDICAL CENTER ALBANY,705 N COLLEGE STREET,ALBANY,MO,64402,GENTRY,(660) 726-3941,READM_30_AMI,Acute Myocardial Infarction (AMI) 30-Day Readmission Rate,Not Available,Not Available,Not Available,Not Available,Not Available,Not Applicable,Not Applicable,7,07/01/2021,06/30/2024
261328,MOSAIC MEDICAL CENTER ALBANY,705 N COLLEGE STREET,ALBANY,MO,64402,GENTRY,(660) 726-3941,READM_30_CABG,Rate of readmission for CABG,Not Available,Not Available,Not Available,Not Available,Not Available,Not Applicable,Not Applicable,5,07/01/2021,06/30/2024
261328,MOSAIC MEDICAL CENTER ALBANY,705 N COLLEGE STREET,ALBANY,MO,64402,GENTRY,(660) 726-3941,READM_30_COPD,Rate of readmission for chronic obstructive pulmonary disease (COPD) patients,Number of Cases Too Small,Not Available,Not Available,Not Available,Not Available,Not Applicable,Not Applicable,1,07/01/2021,06/30/2024
261328,MOSAIC MEDICAL CENTER ALBANY,705 N COLLEGE STREET,ALBANY,MO,64402,GENTRY,(660) 726-3941,READM_30_HF,Heart failure (HF) 30-Day Readmission Rate,Number of Cases Too Small,Not Available,Not Available,Not Available,Not Available,Not Applicable,Not Applicable,1,07/01/2021,06/30/2024
261328,MOSAIC MEDICAL CENTER ALBANY,705 N COLLEGE STREET,ALBANY,MO,64402,GENTRY,(660) 726-3941,READM_30_HIP_KNEE,Rate of readmission after hip/knee replacement,Not Available,Not Available,Not Available,Not Available,Not Available,Not Applicable,Not Applicable,5,07/01/2021,06/30/2024
261328,MOSAIC MEDICAL CENTER ALBANY,705 N COLLEGE STREET,ALBANY,MO,64402,GENTRY,(660) 726-3941,READM_30_PN,Pneumonia (PN) 30-Day Readmission Rate,No Different Than the National Rate,42,15.8,12.7,19.4,Not Applicable,Not Applicable,,07/01/2021,06/30/2024
261329,COX MONETT HOSPITAL,1000 E US HIGHWAY 60,MONETT,MO,65708,BARRY,(417) 354-1400,EDAC_30_AMI,Hospital return days for heart attack patients,Number of Cases Too Small,Not Available,Not Available,Not Available,Not Available,Not Available,Not Available,1,07/01/2021,06/30/2024
261329,COX MONETT HOSPITAL,1000 E US HIGHWAY 60,MONETT,MO,65708,BARRY,(417) 354-1400,EDAC_30_HF,Hospital return days for heart failure patients,More Days Than Average per 100 Discharges,39,52.4,21.9,91.1,35,10,,07/01/2021,06/30/2024
261329,COX MONETT HOSPITAL,1000 E US HIGHWAY 60,MONETT,MO,65708,BARRY,(417) 354-1400,EDAC_30_PN,Hospital return days for pneumonia patients,Average Days per 100 Discharges,53,20.6,-0.1,47,51,9,,07/01/2021,06/30/2024
261329,COX MONETT HOSPITAL,1000 E US HIGHWAY 60,MONETT,MO,65708,BARRY,(417) 354-1400,Hybrid_HWR,Hybrid Hospital-Wide All-Cause Readmission Measure (HWR),No Different Than the National Rate,153,15.1,13.1,17.4,Not Applicable,Not Applicable,,07/01/2023,06/30/2024
261329,COX MONETT HOSPITAL,1000 E US HIGHWAY 60,MONETT,MO,65708,BARRY,(417) 354-1400,OP_32,"Rate of unplanned hospital visits after colonoscopy (per 1,000 colonoscopies)",No Different Than the National Rate,216,13.8,10.2,18.6,Not Applicable,Not Applicable,,01/01/2022,12/31/2024
261329,COX MONETT HOSPITAL,1000 E US HIGHWAY 60,MONETT,MO,65708,BARRY,(417) 354-1400,OP_35_ADM,Rate of inpatient admissions for patients receiving outpatient chemotherapy,Number of Cases Too Small,Not Available,Not Available,Not Available,Not Available,Not Applicable,Not Applicable,1,01/01/2024,12/31/2024
261329,COX MONETT HOSPITAL,1000 E US HIGHWAY 60,MONETT,MO,65708,BARRY,(417) 354-1400,OP_35_ED,Rate of emergency department (ED) visits for patients receiving outpatient chemotherapy,Number of Cases Too Small,Not Available,Not Available,Not Available,Not Available,Not Applicable,Not Applicable,1,01/01/2024,12/31/2024
261329,COX MONETT HOSPITAL,1000 E US HIGHWAY 60,MONETT,MO,65708,BARRY,(417) 354-1400,OP_36,Ratio of unplanned hospital visits after hospital outpatient surgery,Number of cases too small,Not Available,Not Available,Not Available,Not Available,Not Applicable,Not Applicable,1,01/01/2024,12/31/2024
261329,COX MONETT HOSPITAL,1000 E US HIGHWAY 60,MONETT,MO,65708,BARRY,(417) 354-1400,READM_30_AMI,Acute Myocardial Infarction (AMI) 30-Day Readmission Rate,Number of Cases Too Small,Not Available,Not Available,Not Available,Not Available,Not Applicable,Not Applicable,1,07/01/2021,06/30/2024
261329,COX MONETT HOSPITAL,1000 E US HIGHWAY 60,MONETT,MO,65708,BARRY,(417) 354-1400,READM_30_CABG,Rate of readmission for CABG,Not Available,Not Available,Not Available,Not Available,Not Available,Not Applicable,Not Applicable,5,07/01/2021,06/30/2024
261329,COX MONETT HOSPITAL,1000 E US HIGHWAY 60,MONETT,MO,65708,BARRY,(417) 354-1400,READM_30_COPD,Rate of readmission for chronic obstructive pulmonary disease (COPD) patients,Number of Cases Too Small,Not Available,Not Available,Not Available,Not Available,Not Applicable,Not Applicable,1,07/01/2021,06/30/2024
261329,COX MONETT HOSPITAL,1000 E US HIGHWAY 60,MONETT,MO,65708,BARRY,(417) 354-1400,READM_30_HF,Heart failure (HF) 30-Day Readmission Rate,No Different Than the National Rate,39,19.4,15.9,23.5,Not Applicable,Not Applicable,,07/01/2021,06/30/2024
261329,COX MONETT HOSPITAL,1000 E US HIGHWAY 60,MONETT,MO,65708,BARRY,(417) 354-1400,READM_30_HIP_KNEE,Rate of readmission after hip/knee replacement,Not Available,Not Available,Not Available,Not Available,Not Available,Not Applicable,Not Applicable,5,07/01/2021,06/30/2024
261329,COX MONETT HOSPITAL,1000 E US HIGHWAY 60,MONETT,MO,65708,BARRY,(417) 354-1400,READM_30_PN,Pneumonia (PN) 30-Day Readmission Rate,No Different Than the National Rate,53,15.5,12.4,19.2,Not Applicable,Not Applicable,,07/01/2021,06/30/2024
261330,STE GENEVIEVE COUNTY MEMORIAL HOSPITAL,HWYS 61 & 32,SAINTE GENEVIEVE,MO,63670,STE. GENEVIEVE,(573) 883-2751,EDAC_30_AMI,Hospital return days for heart attack patients,Number of Cases Too Small,Not Available,Not Available,Not Available,Not Available,Not Available,Not Available,1,07/01/2021,06/30/2024
261330,STE GENEVIEVE COUNTY MEMORIAL HOSPITAL,HWYS 61 & 32,SAINTE GENEVIEVE,MO,63670,STE. GENEVIEVE,(573) 883-2751,EDAC_30_HF,Hospital return days for heart failure patients,Average Days per 100 Discharges,55,-18.2,-41,9.6,45,11,,07/01/2021,06/30/2024
261330,STE GENEVIEVE COUNTY MEMORIAL HOSPITAL,HWYS 61 & 32,SAINTE GENEVIEVE,MO,63670,STE. GENEVIEVE,(573) 883-2751,EDAC_30_PN,Hospital return days for pneumonia patients,Average Days per 100 Discharges,37,-27,-51.6,5.2,34,8,,07/01/2021,06/30/2024
261330,STE GENEVIEVE COUNTY MEMORIAL HOSPITAL,HWYS 61 & 32,SAINTE GENEVIEVE,MO,63670,STE. GENEVIEVE,(573) 883-2751,Hybrid_HWR,Hybrid Hospital-Wide All-Cause Readmission Measure (HWR),No Different Than the National Rate,92,14.5,12.6,16.6,Not Applicable,Not Applicable,,07/01/2023,06/30/2024
261330,STE GENEVIEVE COUNTY MEMORIAL HOSPITAL,HWYS 61 & 32,SAINTE GENEVIEVE,MO,63670,STE. GENEVIEVE,(573) 883-2751,OP_32,"Rate of unplanned hospital visits after colonoscopy (per 1,000 colonoscopies)",No Different Than the National Rate,350,12.9,9.5,17.2,Not Applicable,Not Applicable,,01/01/2022,12/31/2024
261330,STE GENEVIEVE COUNTY MEMORIAL HOSPITAL,HWYS 61 & 32,SAINTE GENEVIEVE,MO,63670,STE. GENEVIEVE,(573) 883-2751,OP_35_ADM,Rate of inpatient admissions for patients receiving outpatient chemotherapy,No Different Than the National Rate,56,10.9,7.4,15.9,Not Applicable,Not Applicable,,01/01/2024,12/31/2024
261330,STE GENEVIEVE COUNTY MEMORIAL HOSPITAL,HWYS 61 & 32,SAINTE GENEVIEVE,MO,63670,STE. GENEVIEVE,(573) 883-2751,OP_35_ED,Rate of emergency department (ED) visits for patients receiving outpatient chemotherapy,No Different Than the National Rate,56,5.8,3.8,8.9,Not Applicable,Not Applicable,,01/01/2024,12/31/2024
261330,STE GENEVIEVE COUNTY MEMORIAL HOSPITAL,HWYS 61 & 32,SAINTE GENEVIEVE,MO,63670,STE. GENEVIEVE,(573) 883-2751,OP_36,Ratio of unplanned hospital visits after hospital outpatient surgery,No Different than expected,132,1,0.7,1.3,Not Applicable,Not Applicable,,01/01/2024,12/31/2024
261330,STE GENEVIEVE COUNTY MEMORIAL HOSPITAL,HWYS 61 & 32,SAINTE GENEVIEVE,MO,63670,STE. GENEVIEVE,(573) 883-2751,READM_30_AMI,Acute Myocardial Infarction (AMI) 30-Day Readmission Rate,Number of Cases Too Small,Not Available,Not Available,Not Available,Not Available,Not Applicable,Not Applicable,1,07/01/2021,06/30/2024
261330,STE GENEVIEVE COUNTY MEMORIAL HOSPITAL,HWYS 61 & 32,SAINTE GENEVIEVE,MO,63670,STE. GENEVIEVE,(573) 883-2751,READM_30_CABG,Rate of readmission for CABG,Not Available,Not Available,Not Available,Not Available,Not Available,Not Applicable,Not Applicable,5,07/01/2021,06/30/2024
261330,STE GENEVIEVE COUNTY MEMORIAL HOSPITAL,HWYS 61 & 32,SAINTE GENEVIEVE,MO,63670,STE. GENEVIEVE,(573) 883-2751,READM_30_COPD,Rate of readmission for chronic obstructive pulmonary disease (COPD) patients,Number of Cases Too Small,Not Available,Not Available,Not Available,Not Available,Not Applicable,Not Applicable,1,07/01/2021,06/30/2024
261330,STE GENEVIEVE COUNTY MEMORIAL HOSPITAL,HWYS 61 & 32,SAINTE GENEVIEVE,MO,63670,STE. GENEVIEVE,(573) 883-2751,READM_30_HF,Heart failure (HF) 30-Day Readmission Rate,No Different Than the National Rate,55,19.3,15.8,23.2,Not Applicable,Not Applicable,,07/01/2021,06/30/2024
261330,STE GENEVIEVE COUNTY MEMORIAL HOSPITAL,HWYS 61 & 32,SAINTE GENEVIEVE,MO,63670,STE. GENEVIEVE,(573) 883-2751,READM_30_HIP_KNEE,Rate of readmission after hip/knee replacement,Number of Cases Too Small,Not Available,Not Available,Not Available,Not Available,Not Applicable,Not Applicable,1,07/01/2021,06/30/2024
261330,STE GENEVIEVE COUNTY MEMORIAL HOSPITAL,HWYS 61 & 32,SAINTE GENEVIEVE,MO,63670,STE. GENEVIEVE,(573) 883-2751,READM_30_PN,Pneumonia (PN) 30-Day Readmission Rate,No Different Than the National Rate,37,15.7,12.7,19.2,Not Applicable,Not Applicable,,07/01/2021,06/30/2024
261331,FREEMAN NEOSHO HOSPITAL,113 WEST HICKORY STREET,NEOSHO,MO,64850,NEWTON,(417) 451-1234,EDAC_30_AMI,Hospital return days for heart attack patients,Number of Cases Too Small,Not Available,Not Available,Not Available,Not Available,Not Available,Not Available,1,07/01/2021,06/30/2024
261331,FREEMAN NEOSHO HOSPITAL,113 WEST HICKORY STREET,NEOSHO,MO,64850,NEWTON,(417) 451-1234,EDAC_30_HF,Hospital return days for heart failure patients,Average Days per 100 Discharges,40,26.6,-4.9,65.5,36,10,,07/01/2021,06/30/2024
261331,FREEMAN NEOSHO HOSPITAL,113 WEST HICKORY STREET,NEOSHO,MO,64850,NEWTON,(417) 451-1234,EDAC_30_PN,Hospital return days for pneumonia patients,Average Days per 100 Discharges,39,6.8,-14.2,35.9,37,9,,07/01/2021,06/30/2024
261331,FREEMAN NEOSHO HOSPITAL,113 WEST HICKORY STREET,NEOSHO,MO,64850,NEWTON,(417) 451-1234,Hybrid_HWR,Hybrid Hospital-Wide All-Cause Readmission Measure (HWR),No Different Than the National Rate,120,14.5,12.7,16.7,Not Applicable,Not Applicable,,07/01/2023,06/30/2024
261331,FREEMAN NEOSHO HOSPITAL,113 WEST HICKORY STREET,NEOSHO,MO,64850,NEWTON,(417) 451-1234,OP_32,"Rate of unplanned hospital visits after colonoscopy (per 1,000 colonoscopies)",No Different Than the National Rate,167,12.9,9.6,17.7,Not Applicable,Not Applicable,,01/01/2022,12/31/2024
261331,FREEMAN NEOSHO HOSPITAL,113 WEST HICKORY STREET,NEOSHO,MO,64850,NEWTON,(417) 451-1234,OP_35_ADM,Rate of inpatient admissions for patients receiving outpatient chemotherapy,Number of Cases Too Small,Not Available,Not Available,Not Available,Not Available,Not Applicable,Not Applicable,1,01/01/2024,12/31/2024
261331,FREEMAN NEOSHO HOSPITAL,113 WEST HICKORY STREET,NEOSHO,MO,64850,NEWTON,(417) 451-1234,OP_35_ED,Rate of emergency department (ED) visits for patients receiving outpatient chemotherapy,Number of Cases Too Small,Not Available,Not Available,Not Available,Not Available,Not Applicable,Not Applicable,1,01/01/2024,12/31/2024
261331,FREEMAN NEOSHO HOSPITAL,113 WEST HICKORY STREET,NEOSHO,MO,64850,NEWTON,(417) 451-1234,OP_36,Ratio of unplanned hospital visits after hospital outpatient surgery,Number of cases too small,Not Available,Not Available,Not Available,Not Available,Not Applicable,Not Applicable,1,01/01/2024,12/31/2024
261331,FREEMAN NEOSHO HOSPITAL,113 WEST HICKORY STREET,NEOSHO,MO,64850,NEWTON,(417) 451-1234,READM_30_AMI,Acute Myocardial Infarction (AMI) 30-Day Readmission Rate,Number of Cases Too Small,Not Available,Not Available,Not Available,Not Available,Not Applicable,Not Applicable,1,07/01/2021,06/30/2024
261331,FREEMAN NEOSHO HOSPITAL,113 WEST HICKORY STREET,NEOSHO,MO,64850,NEWTON,(417) 451-1234,READM_30_CABG,Rate of readmission for CABG,Not Available,Not Available,Not Available,Not Available,Not Available,Not Applicable,Not Applicable,5,07/01/2021,06/30/2024
261331,FREEMAN NEOSHO HOSPITAL,113 WEST HICKORY STREET,NEOSHO,MO,64850,NEWTON,(417) 451-1234,READM_30_COPD,Rate of readmission for chronic obstructive pulmonary disease (COPD) patients,Number of Cases Too Small,Not Available,Not Available,Not Available,Not Available,Not Applicable,Not Applicable,1,07/01/2021,06/30/2024
261331,FREEMAN NEOSHO HOSPITAL,113 WEST HICKORY STREET,NEOSHO,MO,64850,NEWTON,(417) 451-1234,READM_30_HF,Heart failure (HF) 30-Day Readmission Rate,No Different Than the National Rate,40,19.6,16.0,23.6,Not Applicable,Not Applicable,,07/01/2021,06/30/2024
261331,FREEMAN NEOSHO HOSPITAL,113 WEST HICKORY STREET,NEOSHO,MO,64850,NEWTON,(417) 451-1234,READM_30_HIP_KNEE,Rate of readmission after hip/knee replacement,Not Available,Not Available,Not Available,Not Available,Not Available,Not Applicable,Not Applicable,5,07/01/2021,06/30/2024
261331,FREEMAN NEOSHO HOSPITAL,113 WEST HICKORY STREET,NEOSHO,MO,64850,NEWTON,(417) 451-1234,READM_30_PN,Pneumonia (PN) 30-Day Readmission Rate,No Different Than the National Rate,39,16,12.9,19.7,Not Applicable,Not Applicable,,07/01/2021,06/30/2024
261332,CARROLL COUNTY MEMORIAL HOSPITAL,1502 NORTH JEFFERSON,CARROLLTON,MO,64633,CARROLL,(660) 542-1695,EDAC_30_AMI,Hospital return days for heart attack patients,Not Available,Not Available,Not Available,Not Available,Not Available,Not Available,Not Available,7,07/01/2021,06/30/2024
261332,CARROLL COUNTY MEMORIAL HOSPITAL,1502 NORTH JEFFERSON,CARROLLTON,MO,64633,CARROLL,(660) 542-1695,EDAC_30_HF,Hospital return days for heart failure patients,Number of Cases Too Small,Not Available,Not Available,Not Available,Not Available,Not Available,Not Available,1,07/01/2021,06/30/2024
261332,CARROLL COUNTY MEMORIAL HOSPITAL,1502 NORTH JEFFERSON,CARROLLTON,MO,64633,CARROLL,(660) 542-1695,EDAC_30_PN,Hospital return days for pneumonia patients,Average Days per 100 Discharges,40,4.1,-20.9,35.7,36,11,,07/01/2021,06/30/2024
261332,CARROLL COUNTY MEMORIAL HOSPITAL,1502 NORTH JEFFERSON,CARROLLTON,MO,64633,CARROLL,(660) 542-1695,Hybrid_HWR,Hybrid Hospital-Wide All-Cause Readmission Measure (HWR),No Different Than the National Rate,53,14.9,12.7,17.3,Not Applicable,Not Applicable,,07/01/2023,06/30/2024
261332,CARROLL COUNTY MEMORIAL HOSPITAL,1502 NORTH JEFFERSON,CARROLLTON,MO,64633,CARROLL,(660) 542-1695,OP_32,"Rate of unplanned hospital visits after colonoscopy (per 1,000 colonoscopies)",No Different Than the National Rate,176,13.6,10,18.3,Not Applicable,Not Applicable,,01/01/2022,12/31/2024
261332,CARROLL COUNTY MEMORIAL HOSPITAL,1502 NORTH JEFFERSON,CARROLLTON,MO,64633,CARROLL,(660) 542-1695,OP_35_ADM,Rate of inpatient admissions for patients receiving outpatient chemotherapy,Number of Cases Too Small,Not Available,Not Available,Not Available,Not Available,Not Applicable,Not Applicable,1,01/01/2024,12/31/2024
261332,CARROLL COUNTY MEMORIAL HOSPITAL,1502 NORTH JEFFERSON,CARROLLTON,MO,64633,CARROLL,(660) 542-1695,OP_35_ED,Rate of emergency department (ED) visits for patients receiving outpatient chemotherapy,Number of Cases Too Small,Not Available,Not Available,Not Available,Not Available,Not Applicable,Not Applicable,1,01/01/2024,12/31/2024
261332,CARROLL COUNTY MEMORIAL HOSPITAL,1502 NORTH JEFFERSON,CARROLLTON,MO,64633,CARROLL,(660) 542-1695,OP_36,Ratio of unplanned hospital visits after hospital outpatient surgery,No Different than expected,51,1,0.7,1.5,Not Applicable,Not Applicable,,01/01/2024,12/31/2024
261332,CARROLL COUNTY MEMORIAL HOSPITAL,1502 NORTH JEFFERSON,CARROLLTON,MO,64633,CARROLL,(660) 542-1695,READM_30_AMI,Acute Myocardial Infarction (AMI) 30-Day Readmission Rate,Not Available,Not Available,Not Available,Not Available,Not Available,Not Applicable,Not Applicable,7,07/01/2021,06/30/2024
261332,CARROLL COUNTY MEMORIAL HOSPITAL,1502 NORTH JEFFERSON,CARROLLTON,MO,64633,CARROLL,(660) 542-1695,READM_30_CABG,Rate of readmission for CABG,Not Available,Not Available,Not Available,Not Available,Not Available,Not Applicable,Not Applicable,5,07/01/2021,06/30/2024
261332,CARROLL COUNTY MEMORIAL HOSPITAL,1502 NORTH JEFFERSON,CARROLLTON,MO,64633,CARROLL,(660) 542-1695,READM_30_COPD,Rate of readmission for chronic obstructive pulmonary disease (COPD) patients,Number of Cases Too Small,Not Available,Not Available,Not Available,Not Available,Not Applicable,Not Applicable,1,07/01/2021,06/30/2024
261332,CARROLL COUNTY MEMORIAL HOSPITAL,1502 NORTH JEFFERSON,CARROLLTON,MO,64633,CARROLL,(660) 542-1695,READM_30_HF,Heart failure (HF) 30-Day Readmission Rate,Number of Cases Too Small,Not Available,Not Available,Not Available,Not Available,Not Applicable,Not Applicable,1,07/01/2021,06/30/2024
261332,CARROLL COUNTY MEMORIAL HOSPITAL,1502 NORTH JEFFERSON,CARROLLTON,MO,64633,CARROLL,(660) 542-1695,READM_30_HIP_KNEE,Rate of readmission after hip/knee replacement,Number of Cases Too Small,Not Available,Not Available,Not Available,Not Available,Not Applicable,Not Applicable,1,07/01/2021,06/30/2024
261332,CARROLL COUNTY MEMORIAL HOSPITAL,1502 NORTH JEFFERSON,CARROLLTON,MO,64633,CARROLL,(660) 542-1695,READM_30_PN,Pneumonia (PN) 30-Day Readmission Rate,No Different Than the National Rate,40,15.9,12.7,19.6,Not Applicable,Not Applicable,,07/01/2021,06/30/2024
261333,PIKE COUNTY MEMORIAL HOSPITAL,2305 WEST GEORGIA STREET,LOUISIANA,MO,63353,PIKE,(573) 754-5531,EDAC_30_AMI,Hospital return days for heart attack patients,Not Available,Not Available,Not Available,Not Available,Not Available,Not Available,Not Available,5,07/01/2021,06/30/2024
261333,PIKE COUNTY MEMORIAL HOSPITAL,2305 WEST GEORGIA STREET,LOUISIANA,MO,63353,PIKE,(573) 754-5531,EDAC_30_HF,Hospital return days for heart failure patients,Number of Cases Too Small,Not Available,Not Available,Not Available,Not Available,Not Available,Not Available,1,07/01/2021,06/30/2024
261333,PIKE COUNTY MEMORIAL HOSPITAL,2305 WEST GEORGIA STREET,LOUISIANA,MO,63353,PIKE,(573) 754-5531,EDAC_30_PN,Hospital return days for pneumonia patients,Average Days per 100 Discharges,43,0.6,-22.3,31,40,13,,07/01/2021,06/30/2024
261333,PIKE COUNTY MEMORIAL HOSPITAL,2305 WEST GEORGIA STREET,LOUISIANA,MO,63353,PIKE,(573) 754-5531,Hybrid_HWR,Hybrid Hospital-Wide All-Cause Readmission Measure (HWR),No Different Than the National Rate,75,15.2,13.3,17.6,Not Applicable,Not Applicable,,07/01/2023,06/30/2024
261333,PIKE COUNTY MEMORIAL HOSPITAL,2305 WEST GEORGIA STREET,LOUISIANA,MO,63353,PIKE,(573) 754-5531,OP_32,"Rate of unplanned hospital visits after colonoscopy (per 1,000 colonoscopies)",No Different Than the National Rate,88,12.6,9.3,17.3,Not Applicable,Not Applicable,,01/01/2022,12/31/2024
261333,PIKE COUNTY MEMORIAL HOSPITAL,2305 WEST GEORGIA STREET,LOUISIANA,MO,63353,PIKE,(573) 754-5531,OP_35_ADM,Rate of inpatient admissions for patients receiving outpatient chemotherapy,Number of Cases Too Small,Not Available,Not Available,Not Available,Not Available,Not Applicable,Not Applicable,1,01/01/2024,12/31/2024
261333,PIKE COUNTY MEMORIAL HOSPITAL,2305 WEST GEORGIA STREET,LOUISIANA,MO,63353,PIKE,(573) 754-5531,OP_35_ED,Rate of emergency department (ED) visits for patients receiving outpatient chemotherapy,Number of Cases Too Small,Not Available,Not Available,Not Available,Not Available,Not Applicable,Not Applicable,1,01/01/2024,12/31/2024
261333,PIKE COUNTY MEMORIAL HOSPITAL,2305 WEST GEORGIA STREET,LOUISIANA,MO,63353,PIKE,(573) 754-5531,OP_36,Ratio of unplanned hospital visits after hospital outpatient surgery,Number of cases too small,Not Available,Not Available,Not Available,Not Available,Not Applicable,Not Applicable,1,01/01/2024,12/31/2024
261333,PIKE COUNTY MEMORIAL HOSPITAL,2305 WEST GEORGIA STREET,LOUISIANA,MO,63353,PIKE,(573) 754-5531,READM_30_AMI,Acute Myocardial Infarction (AMI) 30-Day Readmission Rate,Not Available,Not Available,Not Available,Not Available,Not Available,Not Applicable,Not Applicable,5,07/01/2021,06/30/2024
261333,PIKE COUNTY MEMORIAL HOSPITAL,2305 WEST GEORGIA STREET,LOUISIANA,MO,63353,PIKE,(573) 754-5531,READM_30_CABG,Rate of readmission for CABG,Not Available,Not Available,Not Available,Not Available,Not Available,Not Applicable,Not Applicable,5,07/01/2021,06/30/2024
261333,PIKE COUNTY MEMORIAL HOSPITAL,2305 WEST GEORGIA STREET,LOUISIANA,MO,63353,PIKE,(573) 754-5531,READM_30_COPD,Rate of readmission for chronic obstructive pulmonary disease (COPD) patients,Number of Cases Too Small,Not Available,Not Available,Not Available,Not Available,Not Applicable,Not Applicable,1,07/01/2021,06/30/2024
261333,PIKE COUNTY MEMORIAL HOSPITAL,2305 WEST GEORGIA STREET,LOUISIANA,MO,63353,PIKE,(573) 754-5531,READM_30_HF,Heart failure (HF) 30-Day Readmission Rate,Number of Cases Too Small,Not Available,Not Available,Not Available,Not Available,Not Applicable,Not Applicable,1,07/01/2021,06/30/2024
261333,PIKE COUNTY MEMORIAL HOSPITAL,2305 WEST GEORGIA STREET,LOUISIANA,MO,63353,PIKE,(573) 754-5531,READM_30_HIP_KNEE,Rate of readmission after hip/knee replacement,Not Available,Not Available,Not Available,Not Available,Not Available,Not Applicable,Not Applicable,5,07/01/2021,06/30/2024
261333,PIKE COUNTY MEMORIAL HOSPITAL,2305 WEST GEORGIA STREET,LOUISIANA,MO,63353,PIKE,(573) 754-5531,READM_30_PN,Pneumonia (PN) 30-Day Readmission Rate,No Different Than the National Rate,43,16,12.8,19.7,Not Applicable,Not Applicable,,07/01/2021,06/30/2024
261335,MERCY ST FRANCIS HOSPITAL,"100 WEST HIGHWAY 60, PO BOX 82",MOUNTAIN VIEW,MO,65548,HOWELL,(417) 934-7000,EDAC_30_AMI,Hospital return days for heart attack patients,Not Available,Not Available,Not Available,Not Available,Not Available,Not Available,Not Available,5,07/01/2021,06/30/2024
261335,MERCY ST FRANCIS HOSPITAL,"100 WEST HIGHWAY 60, PO BOX 82",MOUNTAIN VIEW,MO,65548,HOWELL,(417) 934-7000,EDAC_30_HF,Hospital return days for heart failure patients,Number of Cases Too Small,Not Available,Not Available,Not Available,Not Available,Not Available,Not Available,1,07/01/2021,06/30/2024
261335,MERCY ST FRANCIS HOSPITAL,"100 WEST HIGHWAY 60, PO BOX 82",MOUNTAIN VIEW,MO,65548,HOWELL,(417) 934-7000,EDAC_30_PN,Hospital return days for pneumonia patients,Number of Cases Too Small,Not Available,Not Available,Not Available,Not Available,Not Available,Not Available,1,07/01/2021,06/30/2024
261335,MERCY ST FRANCIS HOSPITAL,"100 WEST HIGHWAY 60, PO BOX 82",MOUNTAIN VIEW,MO,65548,HOWELL,(417) 934-7000,Hybrid_HWR,Hybrid Hospital-Wide All-Cause Readmission Measure (HWR),No Different Than the National Rate,39,14.7,12.6,17.2,Not Applicable,Not Applicable,,07/01/2023,06/30/2024
261335,MERCY ST FRANCIS HOSPITAL,"100 WEST HIGHWAY 60, PO BOX 82",MOUNTAIN VIEW,MO,65548,HOWELL,(417) 934-7000,OP_32,"Rate of unplanned hospital visits after colonoscopy (per 1,000 colonoscopies)",Number of Cases Too Small,Not Available,Not Available,Not Available,Not Available,Not Applicable,Not Applicable,1,01/01/2022,12/31/2024
261335,MERCY ST FRANCIS HOSPITAL,"100 WEST HIGHWAY 60, PO BOX 82",MOUNTAIN VIEW,MO,65548,HOWELL,(417) 934-7000,OP_35_ADM,Rate of inpatient admissions for patients receiving outpatient chemotherapy,Not Available,Not Available,Not Available,Not Available,Not Available,Not Applicable,Not Applicable,5,01/01/2024,12/31/2024
261335,MERCY ST FRANCIS HOSPITAL,"100 WEST HIGHWAY 60, PO BOX 82",MOUNTAIN VIEW,MO,65548,HOWELL,(417) 934-7000,OP_35_ED,Rate of emergency department (ED) visits for patients receiving outpatient chemotherapy,Not Available,Not Available,Not Available,Not Available,Not Available,Not Applicable,Not Applicable,5,01/01/2024,12/31/2024
261335,MERCY ST FRANCIS HOSPITAL,"100 WEST HIGHWAY 60, PO BOX 82",MOUNTAIN VIEW,MO,65548,HOWELL,(417) 934-7000,OP_36,Ratio of unplanned hospital visits after hospital outpatient surgery,Number of cases too small,Not Available,Not Available,Not Available,Not Available,Not Applicable,Not Applicable,1,01/01/2024,12/31/2024
261335,MERCY ST FRANCIS HOSPITAL,"100 WEST HIGHWAY 60, PO BOX 82",MOUNTAIN VIEW,MO,65548,HOWELL,(417) 934-7000,READM_30_AMI,Acute Myocardial Infarction (AMI) 30-Day Readmission Rate,Not Available,Not Available,Not Available,Not Available,Not Available,Not Applicable,Not Applicable,5,07/01/2021,06/30/2024
261335,MERCY ST FRANCIS HOSPITAL,"100 WEST HIGHWAY 60, PO BOX 82",MOUNTAIN VIEW,MO,65548,HOWELL,(417) 934-7000,READM_30_CABG,Rate of readmission for CABG,Not Available,Not Available,Not Available,Not Available,Not Available,Not Applicable,Not Applicable,5,07/01/2021,06/30/2024
261335,MERCY ST FRANCIS HOSPITAL,"100 WEST HIGHWAY 60, PO BOX 82",MOUNTAIN VIEW,MO,65548,HOWELL,(417) 934-7000,READM_30_COPD,Rate of readmission for chronic obstructive pulmonary disease (COPD) patients,Number of Cases Too Small,Not Available,Not Available,Not Available,Not Available,Not Applicable,Not Applicable,1,07/01/2021,06/30/2024
261335,MERCY ST FRANCIS HOSPITAL,"100 WEST HIGHWAY 60, PO BOX 82",MOUNTAIN VIEW,MO,65548,HOWELL,(417) 934-7000,READM_30_HF,Heart failure (HF) 30-Day Readmission Rate,Number of Cases Too Small,Not Available,Not Available,Not Available,Not Available,Not Applicable,Not Applicable,1,07/01/2021,06/30/2024
261335,MERCY ST FRANCIS HOSPITAL,"100 WEST HIGHWAY 60, PO BOX 82",MOUNTAIN VIEW,MO,65548,HOWELL,(417) 934-7000,READM_30_HIP_KNEE,Rate of readmission after hip/knee replacement,Not Available,Not Available,Not Available,Not Available,Not Available,Not Applicable,Not Applicable,5,07/01/2021,06/30/2024
261335,MERCY ST FRANCIS HOSPITAL,"100 WEST HIGHWAY 60, PO BOX 82",MOUNTAIN VIEW,MO,65548,HOWELL,(417) 934-7000,READM_30_PN,Pneumonia (PN) 30-Day Readmission Rate,Number of Cases Too Small,Not Available,Not Available,Not Available,Not Available,Not Applicable,Not Applicable,1,07/01/2021,06/30/2024
261336,IRON COUNTY MEDICAL CENTER,301 NORTH HIGHWAY 21,PILOT KNOB,MO,63663,IRON,(573) 546-1260,EDAC_30_AMI,Hospital return days for heart attack patients,Number of Cases Too Small,Not Available,Not Available,Not Available,Not Available,Not Available,Not Available,1,07/01/2021,06/30/2024
261336,IRON COUNTY MEDICAL CENTER,301 NORTH HIGHWAY 21,PILOT KNOB,MO,63663,IRON,(573) 546-1260,EDAC_30_HF,Hospital return days for heart failure patients,Number of Cases Too Small,Not Available,Not Available,Not Available,Not Available,Not Available,Not Available,1,07/01/2021,06/30/2024
261336,IRON COUNTY MEDICAL CENTER,301 NORTH HIGHWAY 21,PILOT KNOB,MO,63663,IRON,(573) 546-1260,EDAC_30_PN,Hospital return days for pneumonia patients,More Days Than Average per 100 Discharges,52,29.3,3.3,60.5,45,20,,07/01/2021,06/30/2024
261336,IRON COUNTY MEDICAL CENTER,301 NORTH HIGHWAY 21,PILOT KNOB,MO,63663,IRON,(573) 546-1260,Hybrid_HWR,Hybrid Hospital-Wide All-Cause Readmission Measure (HWR),No Different Than the National Rate,45,15.1,13.0,17.5,Not Applicable,Not Applicable,,07/01/2023,06/30/2024
261336,IRON COUNTY MEDICAL CENTER,301 NORTH HIGHWAY 21,PILOT KNOB,MO,63663,IRON,(573) 546-1260,OP_32,"Rate of unplanned hospital visits after colonoscopy (per 1,000 colonoscopies)",Not Available,Not Available,Not Available,Not Available,Not Available,Not Applicable,Not Applicable,5,01/01/2022,12/31/2024
261336,IRON COUNTY MEDICAL CENTER,301 NORTH HIGHWAY 21,PILOT KNOB,MO,63663,IRON,(573) 546-1260,OP_35_ADM,Rate of inpatient admissions for patients receiving outpatient chemotherapy,Number of Cases Too Small,Not Available,Not Available,Not Available,Not Available,Not Applicable,Not Applicable,1,01/01/2024,12/31/2024
261336,IRON COUNTY MEDICAL CENTER,301 NORTH HIGHWAY 21,PILOT KNOB,MO,63663,IRON,(573) 546-1260,OP_35_ED,Rate of emergency department (ED) visits for patients receiving outpatient chemotherapy,Number of Cases Too Small,Not Available,Not Available,Not Available,Not Available,Not Applicable,Not Applicable,1,01/01/2024,12/31/2024
261336,IRON COUNTY MEDICAL CENTER,301 NORTH HIGHWAY 21,PILOT KNOB,MO,63663,IRON,(573) 546-1260,OP_36,Ratio of unplanned hospital visits after hospital outpatient surgery,Not Available,Not Available,Not Available,Not Available,Not Available,Not Applicable,Not Applicable,5,01/01/2024,12/31/2024
261336,IRON COUNTY MEDICAL CENTER,301 NORTH HIGHWAY 21,PILOT KNOB,MO,63663,IRON,(573) 546-1260,READM_30_AMI,Acute Myocardial Infarction (AMI) 30-Day Readmission Rate,Number of Cases Too Small,Not Available,Not Available,Not Available,Not Available,Not Applicable,Not Applicable,1,07/01/2021,06/30/2024
261336,IRON COUNTY MEDICAL CENTER,301 NORTH HIGHWAY 21,PILOT KNOB,MO,63663,IRON,(573) 546-1260,READM_30_CABG,Rate of readmission for CABG,Not Available,Not Available,Not Available,Not Available,Not Available,Not Applicable,Not Applicable,5,07/01/2021,06/30/2024
261336,IRON COUNTY MEDICAL CENTER,301 NORTH HIGHWAY 21,PILOT KNOB,MO,63663,IRON,(573) 546-1260,READM_30_COPD,Rate of readmission for chronic obstructive pulmonary disease (COPD) patients,Number of Cases Too Small,Not Available,Not Available,Not Available,Not Available,Not Applicable,Not Applicable,1,07/01/2021,06/30/2024
261336,IRON COUNTY MEDICAL CENTER,301 NORTH HIGHWAY 21,PILOT KNOB,MO,63663,IRON,(573) 546-1260,READM_30_HF,Heart failure (HF) 30-Day Readmission Rate,Number of Cases Too Small,Not Available,Not Available,Not Available,Not Available,Not Applicable,Not Applicable,1,07/01/2021,06/30/2024
261336,IRON COUNTY MEDICAL CENTER,301 NORTH HIGHWAY 21,PILOT KNOB,MO,63663,IRON,(573) 546-1260,READM_30_HIP_KNEE,Rate of readmission after hip/knee replacement,Not Available,Not Available,Not Available,Not Available,Not Available,Not Applicable,Not Applicable,5,07/01/2021,06/30/2024
261336,IRON COUNTY MEDICAL CENTER,301 NORTH HIGHWAY 21,PILOT KNOB,MO,63663,IRON,(573) 546-1260,READM_30_PN,Pneumonia (PN) 30-Day Readmission Rate,No Different Than the National Rate,52,16.1,13.1,19.6,Not Applicable,Not Applicable,,07/01/2021,06/30/2024
261337,MISSOURI BAPTIST SULLIVAN HOSPITAL,751 SAPPINGTON BRIDGE RD,SULLIVAN,MO,63080,FRANKLIN,(573) 468-4186,EDAC_30_AMI,Hospital return days for heart attack patients,Number of Cases Too Small,Not Available,Not Available,Not Available,Not Available,Not Available,Not Available,1,07/01/2021,06/30/2024
261337,MISSOURI BAPTIST SULLIVAN HOSPITAL,751 SAPPINGTON BRIDGE RD,SULLIVAN,MO,63080,FRANKLIN,(573) 468-4186,EDAC_30_HF,Hospital return days for heart failure patients,Average Days per 100 Discharges,68,9.8,-14.7,39.3,56,20,,07/01/2021,06/30/2024
261337,MISSOURI BAPTIST SULLIVAN HOSPITAL,751 SAPPINGTON BRIDGE RD,SULLIVAN,MO,63080,FRANKLIN,(573) 468-4186,EDAC_30_PN,Hospital return days for pneumonia patients,More Days Than Average per 100 Discharges,87,100.9,74.3,131.1,82,26,,07/01/2021,06/30/2024
261337,MISSOURI BAPTIST SULLIVAN HOSPITAL,751 SAPPINGTON BRIDGE RD,SULLIVAN,MO,63080,FRANKLIN,(573) 468-4186,Hybrid_HWR,Hybrid Hospital-Wide All-Cause Readmission Measure (HWR),No Different Than the National Rate,218,16.5,14.5,18.6,Not Applicable,Not Applicable,,07/01/2023,06/30/2024
261337,MISSOURI BAPTIST SULLIVAN HOSPITAL,751 SAPPINGTON BRIDGE RD,SULLIVAN,MO,63080,FRANKLIN,(573) 468-4186,OP_32,"Rate of unplanned hospital visits after colonoscopy (per 1,000 colonoscopies)",No Different Than the National Rate,168,12.5,9.3,17.2,Not Applicable,Not Applicable,,01/01/2022,12/31/2024
261337,MISSOURI BAPTIST SULLIVAN HOSPITAL,751 SAPPINGTON BRIDGE RD,SULLIVAN,MO,63080,FRANKLIN,(573) 468-4186,OP_35_ADM,Rate of inpatient admissions for patients receiving outpatient chemotherapy,Number of Cases Too Small,Not Available,Not Available,Not Available,Not Available,Not Applicable,Not Applicable,1,01/01/2024,12/31/2024
261337,MISSOURI BAPTIST SULLIVAN HOSPITAL,751 SAPPINGTON BRIDGE RD,SULLIVAN,MO,63080,FRANKLIN,(573) 468-4186,OP_35_ED,Rate of emergency department (ED) visits for patients receiving outpatient chemotherapy,Number of Cases Too Small,Not Available,Not Available,Not Available,Not Available,Not Applicable,Not Applicable,1,01/01/2024,12/31/2024
261337,MISSOURI BAPTIST SULLIVAN HOSPITAL,751 SAPPINGTON BRIDGE RD,SULLIVAN,MO,63080,FRANKLIN,(573) 468-4186,OP_36,Ratio of unplanned hospital visits after hospital outpatient surgery,Number of cases too small,Not Available,Not Available,Not Available,Not Available,Not Applicable,Not Applicable,1,01/01/2024,12/31/2024
261337,MISSOURI BAPTIST SULLIVAN HOSPITAL,751 SAPPINGTON BRIDGE RD,SULLIVAN,MO,63080,FRANKLIN,(573) 468-4186,READM_30_AMI,Acute Myocardial Infarction (AMI) 30-Day Readmission Rate,Number of Cases Too Small,Not Available,Not Available,Not Available,Not Available,Not Applicable,Not Applicable,1,07/01/2021,06/30/2024
261337,MISSOURI BAPTIST SULLIVAN HOSPITAL,751 SAPPINGTON BRIDGE RD,SULLIVAN,MO,63080,FRANKLIN,(573) 468-4186,READM_30_CABG,Rate of readmission for CABG,Not Available,Not Available,Not Available,Not Available,Not Available,Not Applicable,Not Applicable,5,07/01/2021,06/30/2024
261337,MISSOURI BAPTIST SULLIVAN HOSPITAL,751 SAPPINGTON BRIDGE RD,SULLIVAN,MO,63080,FRANKLIN,(573) 468-4186,READM_30_COPD,Rate of readmission for chronic obstructive pulmonary disease (COPD) patients,Number of Cases Too Small,Not Available,Not Available,Not Available,Not Available,Not Applicable,Not Applicable,1,07/01/2021,06/30/2024
261337,MISSOURI BAPTIST SULLIVAN HOSPITAL,751 SAPPINGTON BRIDGE RD,SULLIVAN,MO,63080,FRANKLIN,(573) 468-4186,READM_30_HF,Heart failure (HF) 30-Day Readmission Rate,No Different Than the National Rate,68,20.1,16.9,24.0,Not Applicable,Not Applicable,,07/01/2021,06/30/2024
261337,MISSOURI BAPTIST SULLIVAN HOSPITAL,751 SAPPINGTON BRIDGE RD,SULLIVAN,MO,63080,FRANKLIN,(573) 468-4186,READM_30_HIP_KNEE,Rate of readmission after hip/knee replacement,Number of Cases Too Small,Not Available,Not Available,Not Available,Not Available,Not Applicable,Not Applicable,1,07/01/2021,06/30/2024
261337,MISSOURI BAPTIST SULLIVAN HOSPITAL,751 SAPPINGTON BRIDGE RD,SULLIVAN,MO,63080,FRANKLIN,(573) 468-4186,READM_30_PN,Pneumonia (PN) 30-Day Readmission Rate,No Different Than the National Rate,87,17.3,14.1,21.1,Not Applicable,Not Applicable,,07/01/2021,06/30/2024
261338,MERCY HOSPITAL CARTHAGE,3125 DR RUSSELL SMITH WAY,CARTHAGE,MO,64836,JASPER,(417) 358-8121,EDAC_30_AMI,Hospital return days for heart attack patients,Not Available,Not Available,Not Available,Not Available,Not Available,Not Available,Not Available,5,07/01/2021,06/30/2024
261338,MERCY HOSPITAL CARTHAGE,3125 DR RUSSELL SMITH WAY,CARTHAGE,MO,64836,JASPER,(417) 358-8121,EDAC_30_HF,Hospital return days for heart failure patients,Average Days per 100 Discharges,28,-13.3,-40.8,24.3,26,5,,07/01/2021,06/30/2024
261338,MERCY HOSPITAL CARTHAGE,3125 DR RUSSELL SMITH WAY,CARTHAGE,MO,64836,JASPER,(417) 358-8121,EDAC_30_PN,Hospital return days for pneumonia patients,Fewer Days Than Average per 100 Discharges,60,-35.5,-51,-13.5,59,10,,07/01/2021,06/30/2024
261338,MERCY HOSPITAL CARTHAGE,3125 DR RUSSELL SMITH WAY,CARTHAGE,MO,64836,JASPER,(417) 358-8121,Hybrid_HWR,Hybrid Hospital-Wide All-Cause Readmission Measure (HWR),No Different Than the National Rate,173,15.1,13.4,17.1,Not Applicable,Not Applicable,,07/01/2023,06/30/2024
261338,MERCY HOSPITAL CARTHAGE,3125 DR RUSSELL SMITH WAY,CARTHAGE,MO,64836,JASPER,(417) 358-8121,OP_32,"Rate of unplanned hospital visits after colonoscopy (per 1,000 colonoscopies)",No Different Than the National Rate,401,13.8,10.3,18.4,Not Applicable,Not Applicable,,01/01/2022,12/31/2024
261338,MERCY HOSPITAL CARTHAGE,3125 DR RUSSELL SMITH WAY,CARTHAGE,MO,64836,JASPER,(417) 358-8121,OP_35_ADM,Rate of inpatient admissions for patients receiving outpatient chemotherapy,Number of Cases Too Small,Not Available,Not Available,Not Available,Not Available,Not Applicable,Not Applicable,1,01/01/2024,12/31/2024
261338,MERCY HOSPITAL CARTHAGE,3125 DR RUSSELL SMITH WAY,CARTHAGE,MO,64836,JASPER,(417) 358-8121,OP_35_ED,Rate of emergency department (ED) visits for patients receiving outpatient chemotherapy,Number of Cases Too Small,Not Available,Not Available,Not Available,Not Available,Not Applicable,Not Applicable,1,01/01/2024,12/31/2024
261338,MERCY HOSPITAL CARTHAGE,3125 DR RUSSELL SMITH WAY,CARTHAGE,MO,64836,JASPER,(417) 358-8121,OP_36,Ratio of unplanned hospital visits after hospital outpatient surgery,No Different than expected,33,1,0.7,1.5,Not Applicable,Not Applicable,,01/01/2024,12/31/2024
261338,MERCY HOSPITAL CARTHAGE,3125 DR RUSSELL SMITH WAY,CARTHAGE,MO,64836,JASPER,(417) 358-8121,READM_30_AMI,Acute Myocardial Infarction (AMI) 30-Day Readmission Rate,Not Available,Not Available,Not Available,Not Available,Not Available,Not Applicable,Not Applicable,5,07/01/2021,06/30/2024
261338,MERCY HOSPITAL CARTHAGE,3125 DR RUSSELL SMITH WAY,CARTHAGE,MO,64836,JASPER,(417) 358-8121,READM_30_CABG,Rate of readmission for CABG,Not Available,Not Available,Not Available,Not Available,Not Available,Not Applicable,Not Applicable,5,07/01/2021,06/30/2024
261338,MERCY HOSPITAL CARTHAGE,3125 DR RUSSELL SMITH WAY,CARTHAGE,MO,64836,JASPER,(417) 358-8121,READM_30_COPD,Rate of readmission for chronic obstructive pulmonary disease (COPD) patients,Number of Cases Too Small,Not Available,Not Available,Not Available,Not Available,Not Applicable,Not Applicable,1,07/01/2021,06/30/2024
261338,MERCY HOSPITAL CARTHAGE,3125 DR RUSSELL SMITH WAY,CARTHAGE,MO,64836,JASPER,(417) 358-8121,READM_30_HF,Heart failure (HF) 30-Day Readmission Rate,No Different Than the National Rate,28,19.6,16.0,24.0,Not Applicable,Not Applicable,,07/01/2021,06/30/2024
261338,MERCY HOSPITAL CARTHAGE,3125 DR RUSSELL SMITH WAY,CARTHAGE,MO,64836,JASPER,(417) 358-8121,READM_30_HIP_KNEE,Rate of readmission after hip/knee replacement,No Different Than the National Rate,31,5.6,3.3,8.9,Not Applicable,Not Applicable,,07/01/2021,06/30/2024
261338,MERCY HOSPITAL CARTHAGE,3125 DR RUSSELL SMITH WAY,CARTHAGE,MO,64836,JASPER,(417) 358-8121,READM_30_PN,Pneumonia (PN) 30-Day Readmission Rate,No Different Than the National Rate,60,15.4,12.3,19.1,Not Applicable,Not Applicable,,07/01/2021,06/30/2024
261340,MOSAIC MEDICAL CENTER - MARYVILLE,2016 SOUTH MAIN ST,MARYVILLE,MO,64468,NODAWAY,(660) 562-2600,EDAC_30_AMI,Hospital return days for heart attack patients,Not Available,Not Available,Not Available,Not Available,Not Available,Not Available,Not Available,5,07/01/2021,06/30/2024
261340,MOSAIC MEDICAL CENTER - MARYVILLE,2016 SOUTH MAIN ST,MARYVILLE,MO,64468,NODAWAY,(660) 562-2600,EDAC_30_HF,Hospital return days for heart failure patients,Not Available,Not Available,Not Available,Not Available,Not Available,Not Available,Not Available,5,07/01/2021,06/30/2024
261340,MOSAIC MEDICAL CENTER - MARYVILLE,2016 SOUTH MAIN ST,MARYVILLE,MO,64468,NODAWAY,(660) 562-2600,EDAC_30_PN,Hospital return days for pneumonia patients,Not Available,Not Available,Not Available,Not Available,Not Available,Not Available,Not Available,5,07/01/2021,06/30/2024
261340,MOSAIC MEDICAL CENTER - MARYVILLE,2016 SOUTH MAIN ST,MARYVILLE,MO,64468,NODAWAY,(660) 562-2600,Hybrid_HWR,Hybrid Hospital-Wide All-Cause Readmission Measure (HWR),Not Available,Not Available,Not Available,Not Available,Not Available,Not Applicable,Not Applicable,5,07/01/2023,06/30/2024
261340,MOSAIC MEDICAL CENTER - MARYVILLE,2016 SOUTH MAIN ST,MARYVILLE,MO,64468,NODAWAY,(660) 562-2600,OP_32,"Rate of unplanned hospital visits after colonoscopy (per 1,000 colonoscopies)",No Different Than the National Rate,372,13.8,10.3,18.5,Not Applicable,Not Applicable,,01/01/2022,12/31/2024
261340,MOSAIC MEDICAL CENTER - MARYVILLE,2016 SOUTH MAIN ST,MARYVILLE,MO,64468,NODAWAY,(660) 562-2600,OP_35_ADM,Rate of inpatient admissions for patients receiving outpatient chemotherapy,No Different Than the National Rate,79,11.1,8,15.6,Not Applicable,Not Applicable,,01/01/2024,12/31/2024
261340,MOSAIC MEDICAL CENTER - MARYVILLE,2016 SOUTH MAIN ST,MARYVILLE,MO,64468,NODAWAY,(660) 562-2600,OP_35_ED,Rate of emergency department (ED) visits for patients receiving outpatient chemotherapy,No Different Than the National Rate,79,5.7,3.8,8.6,Not Applicable,Not Applicable,,01/01/2024,12/31/2024
261340,MOSAIC MEDICAL CENTER - MARYVILLE,2016 SOUTH MAIN ST,MARYVILLE,MO,64468,NODAWAY,(660) 562-2600,OP_36,Ratio of unplanned hospital visits after hospital outpatient surgery,No Different than expected,96,1.1,0.7,1.5,Not Applicable,Not Applicable,,01/01/2024,12/31/2024
261340,MOSAIC MEDICAL CENTER - MARYVILLE,2016 SOUTH MAIN ST,MARYVILLE,MO,64468,NODAWAY,(660) 562-2600,READM_30_AMI,Acute Myocardial Infarction (AMI) 30-Day Readmission Rate,Not Available,Not Available,Not Available,Not Available,Not Available,Not Applicable,Not Applicable,5,07/01/2021,06/30/2024
261340,MOSAIC MEDICAL CENTER - MARYVILLE,2016 SOUTH MAIN ST,MARYVILLE,MO,64468,NODAWAY,(660) 562-2600,READM_30_CABG,Rate of readmission for CABG,Not Available,Not Available,Not Available,Not Available,Not Available,Not Applicable,Not Applicable,5,07/01/2021,06/30/2024
261340,MOSAIC MEDICAL CENTER - MARYVILLE,2016 SOUTH MAIN ST,MARYVILLE,MO,64468,NODAWAY,(660) 562-2600,READM_30_COPD,Rate of readmission for chronic obstructive pulmonary disease (COPD) patients,Not Available,Not Available,Not Available,Not Available,Not Available,Not Applicable,Not Applicable,5,07/01/2021,06/30/2024
261340,MOSAIC MEDICAL CENTER - MARYVILLE,2016 SOUTH MAIN ST,MARYVILLE,MO,64468,NODAWAY,(660) 562-2600,READM_30_HF,Heart failure (HF) 30-Day Readmission Rate,Not Available,Not Available,Not Available,Not Available,Not Available,Not Applicable,Not Applicable,5,07/01/2021,06/30/2024
261340,MOSAIC MEDICAL CENTER - MARYVILLE,2016 SOUTH MAIN ST,MARYVILLE,MO,64468,NODAWAY,(660) 562-2600,READM_30_HIP_KNEE,Rate of readmission after hip/knee replacement,Not Available,Not Available,Not Available,Not Available,Not Available,Not Applicable,Not Applicable,5,07/01/2021,06/30/2024
261340,MOSAIC MEDICAL CENTER - MARYVILLE,2016 SOUTH MAIN ST,MARYVILLE,MO,64468,NODAWAY,(660) 562-2600,READM_30_PN,Pneumonia (PN) 30-Day Readmission Rate,Not Available,Not Available,Not Available,Not Available,Not Available,Not Applicable,Not Applicable,5,07/01/2021,06/30/2024
263301,ST LOUIS CHILDRENS HOSPITAL,ONE CHILDRENS PLACE,SAINT LOUIS,MO,63110,ST. LOUIS CITY,(314) 454-6000,EDAC_30_AMI,Hospital return days for heart attack patients,Not Available,Not Available,Not Available,Not Available,Not Available,Not Available,Not Available,19,07/01/2021,06/30/2024
263301,ST LOUIS CHILDRENS HOSPITAL,ONE CHILDRENS PLACE,SAINT LOUIS,MO,63110,ST. LOUIS CITY,(314) 454-6000,EDAC_30_HF,Hospital return days for heart failure patients,Not Available,Not Available,Not Available,Not Available,Not Available,Not Available,Not Available,19,07/01/2021,06/30/2024
263301,ST LOUIS CHILDRENS HOSPITAL,ONE CHILDRENS PLACE,SAINT LOUIS,MO,63110,ST. LOUIS CITY,(314) 454-6000,EDAC_30_PN,Hospital return days for pneumonia patients,Not Available,Not Available,Not Available,Not Available,Not Available,Not Available,Not Available,19,07/01/2021,06/30/2024
263301,ST LOUIS CHILDRENS HOSPITAL,ONE CHILDRENS PLACE,SAINT LOUIS,MO,63110,ST. LOUIS CITY,(314) 454-6000,Hybrid_HWR,Hybrid Hospital-Wide All-Cause Readmission Measure (HWR),Not Available,Not Available,Not Available,Not Available,Not Available,Not Applicable,Not Applicable,19,07/01/2023,06/30/2024
263301,ST LOUIS CHILDRENS HOSPITAL,ONE CHILDRENS PLACE,SAINT LOUIS,MO,63110,ST. LOUIS CITY,(314) 454-6000,OP_32,"Rate of unplanned hospital visits after colonoscopy (per 1,000 colonoscopies)",Not Available,Not Available,Not Available,Not Available,Not Available,Not Applicable,Not Applicable,19,01/01/2022,12/31/2024
263301,ST LOUIS CHILDRENS HOSPITAL,ONE CHILDRENS PLACE,SAINT LOUIS,MO,63110,ST. LOUIS CITY,(314) 454-6000,OP_35_ADM,Rate of inpatient admissions for patients receiving outpatient chemotherapy,Not Available,Not Available,Not Available,Not Available,Not Available,Not Applicable,Not Applicable,19,01/01/2024,12/31/2024
263301,ST LOUIS CHILDRENS HOSPITAL,ONE CHILDRENS PLACE,SAINT LOUIS,MO,63110,ST. LOUIS CITY,(314) 454-6000,OP_35_ED,Rate of emergency department (ED) visits for patients receiving outpatient chemotherapy,Not Available,Not Available,Not Available,Not Available,Not Available,Not Applicable,Not Applicable,19,01/01/2024,12/31/2024
263301,ST LOUIS CHILDRENS HOSPITAL,ONE CHILDRENS PLACE,SAINT LOUIS,MO,63110,ST. LOUIS CITY,(314) 454-6000,OP_36,Ratio of unplanned hospital visits after hospital outpatient surgery,Not Available,Not Available,Not Available,Not Available,Not Available,Not Applicable,Not Applicable,19,01/01/2024,12/31/2024
263301,ST LOUIS CHILDRENS HOSPITAL,ONE CHILDRENS PLACE,SAINT LOUIS,MO,63110,ST. LOUIS CITY,(314) 454-6000,READM_30_AMI,Acute Myocardial Infarction (AMI) 30-Day Readmission Rate,Not Available,Not Available,Not Available,Not Available,Not Available,Not Applicable,Not Applicable,19,07/01/2021,06/30/2024
263301,ST LOUIS CHILDRENS HOSPITAL,ONE CHILDRENS PLACE,SAINT LOUIS,MO,63110,ST. LOUIS CITY,(314) 454-6000,READM_30_CABG,Rate of readmission for CABG,Not Available,Not Available,Not Available,Not Available,Not Available,Not Applicable,Not Applicable,19,07/01/2021,06/30/2024
263301,ST LOUIS CHILDRENS HOSPITAL,ONE CHILDRENS PLACE,SAINT LOUIS,MO,63110,ST. LOUIS CITY,(314) 454-6000,READM_30_COPD,Rate of readmission for chronic obstructive pulmonary disease (COPD) patients,Not Available,Not Available,Not Available,Not Available,Not Available,Not Applicable,Not Applicable,19,07/01/2021,06/30/2024
263301,ST LOUIS CHILDRENS HOSPITAL,ONE CHILDRENS PLACE,SAINT LOUIS,MO,63110,ST. LOUIS CITY,(314) 454-6000,READM_30_HF,Heart failure (HF) 30-Day Readmission Rate,Not Available,Not Available,Not Available,Not Available,Not Available,Not Applicable,Not Applicable,19,07/01/2021,06/30/2024
263301,ST LOUIS CHILDRENS HOSPITAL,ONE CHILDRENS PLACE,SAINT LOUIS,MO,63110,ST. LOUIS CITY,(314) 454-6000,READM_30_HIP_KNEE,Rate of readmission after hip/knee replacement,Not Available,Not Available,Not Available,Not Available,Not Available,Not Applicable,Not Applicable,19,07/01/2021,06/30/2024
263301,ST LOUIS CHILDRENS HOSPITAL,ONE CHILDRENS PLACE,SAINT LOUIS,MO,63110,ST. LOUIS CITY,(314) 454-6000,READM_30_PN,Pneumonia (PN) 30-Day Readmission Rate,Not Available,Not Available,Not Available,Not Available,Not Available,Not Applicable,Not Applicable,19,07/01/2021,06/30/2024
263302,THE CHILDREN'S MERCY HOSPITAL,2401 GILLHAM ROAD,KANSAS CITY,MO,64108,JACKSON,(816) 234-3000,EDAC_30_AMI,Hospital return days for heart attack patients,Not Available,Not Available,Not Available,Not Available,Not Available,Not Available,Not Available,19,07/01/2021,06/30/2024
263302,THE CHILDREN'S MERCY HOSPITAL,2401 GILLHAM ROAD,KANSAS CITY,MO,64108,JACKSON,(816) 234-3000,EDAC_30_HF,Hospital return days for heart failure patients,Not Available,Not Available,Not Available,Not Available,Not Available,Not Available,Not Available,19,07/01/2021,06/30/2024
263302,THE CHILDREN'S MERCY HOSPITAL,2401 GILLHAM ROAD,KANSAS CITY,MO,64108,JACKSON,(816) 234-3000,EDAC_30_PN,Hospital return days for pneumonia patients,Not Available,Not Available,Not Available,Not Available,Not Available,Not Available,Not Available,19,07/01/2021,06/30/2024
263302,THE CHILDREN'S MERCY HOSPITAL,2401 GILLHAM ROAD,KANSAS CITY,MO,64108,JACKSON,(816) 234-3000,Hybrid_HWR,Hybrid Hospital-Wide All-Cause Readmission Measure (HWR),Not Available,Not Available,Not Available,Not Available,Not Available,Not Applicable,Not Applicable,19,07/01/2023,06/30/2024
263302,THE CHILDREN'S MERCY HOSPITAL,2401 GILLHAM ROAD,KANSAS CITY,MO,64108,JACKSON,(816) 234-3000,OP_32,"Rate of unplanned hospital visits after colonoscopy (per 1,000 colonoscopies)",Not Available,Not Available,Not Available,Not Available,Not Available,Not Applicable,Not Applicable,19,01/01/2022,12/31/2024
263302,THE CHILDREN'S MERCY HOSPITAL,2401 GILLHAM ROAD,KANSAS CITY,MO,64108,JACKSON,(816) 234-3000,OP_35_ADM,Rate of inpatient admissions for patients receiving outpatient chemotherapy,Not Available,Not Available,Not Available,Not Available,Not Available,Not Applicable,Not Applicable,19,01/01/2024,12/31/2024
263302,THE CHILDREN'S MERCY HOSPITAL,2401 GILLHAM ROAD,KANSAS CITY,MO,64108,JACKSON,(816) 234-3000,OP_35_ED,Rate of emergency department (ED) visits for patients receiving outpatient chemotherapy,Not Available,Not Available,Not Available,Not Available,Not Available,Not Applicable,Not Applicable,19,01/01/2024,12/31/2024
263302,THE CHILDREN'S MERCY HOSPITAL,2401 GILLHAM ROAD,KANSAS CITY,MO,64108,JACKSON,(816) 234-3000,OP_36,Ratio of unplanned hospital visits after hospital outpatient surgery,Not Available,Not Available,Not Available,Not Available,Not Available,Not Applicable,Not Applicable,19,01/01/2024,12/31/2024
263302,THE CHILDREN'S MERCY HOSPITAL,2401 GILLHAM ROAD,KANSAS CITY,MO,64108,JACKSON,(816) 234-3000,READM_30_AMI,Acute Myocardial Infarction (AMI) 30-Day Readmission Rate,Not Available,Not Available,Not Available,Not Available,Not Available,Not Applicable,Not Applicable,19,07/01/2021,06/30/2024
263302,THE CHILDREN'S MERCY HOSPITAL,2401 GILLHAM ROAD,KANSAS CITY,MO,64108,JACKSON,(816) 234-3000,READM_30_CABG,Rate of readmission for CABG,Not Available,Not Available,Not Available,Not Available,Not Available,Not Applicable,Not Applicable,19,07/01/2021,06/30/2024
263302,THE CHILDREN'S MERCY HOSPITAL,2401 GILLHAM ROAD,KANSAS CITY,MO,64108,JACKSON,(816) 234-3000,READM_30_COPD,Rate of readmission for chronic obstructive pulmonary disease (COPD) patients,Not Available,Not Available,Not Available,Not Available,Not Available,Not Applicable,Not Applicable,19,07/01/2021,06/30/2024
263302,THE CHILDREN'S MERCY HOSPITAL,2401 GILLHAM ROAD,KANSAS CITY,MO,64108,JACKSON,(816) 234-3000,READM_30_HF,Heart failure (HF) 30-Day Readmission Rate,Not Available,Not Available,Not Available,Not Available,Not Available,Not Applicable,Not Applicable,19,07/01/2021,06/30/2024
263302,THE CHILDREN'S MERCY HOSPITAL,2401 GILLHAM ROAD,KANSAS CITY,MO,64108,JACKSON,(816) 234-3000,READM_30_HIP_KNEE,Rate of readmission after hip/knee replacement,Not Available,Not Available,Not Available,Not Available,Not Available,Not Applicable,Not Applicable,19,07/01/2021,06/30/2024
263302,THE CHILDREN'S MERCY HOSPITAL,2401 GILLHAM ROAD,KANSAS CITY,MO,64108,JACKSON,(816) 234-3000,READM_30_PN,Pneumonia (PN) 30-Day Readmission Rate,Not Available,Not Available,Not Available,Not Available,Not Available,Not Applicable,Not Applicable,19,07/01/2021,06/30/2024
263303,RANKEN JORDAN PEDIATRIC BRIDGE HOSPITAL,11365 DORSETT ROAD,MARYLAND HEIGHTS,MO,63043,ST. LOUIS,(314) 872-6400,EDAC_30_AMI,Hospital return days for heart attack patients,Not Available,Not Available,Not Available,Not Available,Not Available,Not Available,Not Available,19,07/01/2021,06/30/2024
263303,RANKEN JORDAN PEDIATRIC BRIDGE HOSPITAL,11365 DORSETT ROAD,MARYLAND HEIGHTS,MO,63043,ST. LOUIS,(314) 872-6400,EDAC_30_HF,Hospital return days for heart failure patients,Not Available,Not Available,Not Available,Not Available,Not Available,Not Available,Not Available,19,07/01/2021,06/30/2024
263303,RANKEN JORDAN PEDIATRIC BRIDGE HOSPITAL,11365 DORSETT ROAD,MARYLAND HEIGHTS,MO,63043,ST. LOUIS,(314) 872-6400,EDAC_30_PN,Hospital return days for pneumonia patients,Not Available,Not Available,Not Available,Not Available,Not Available,Not Available,Not Available,19,07/01/2021,06/30/2024
263303,RANKEN JORDAN PEDIATRIC BRIDGE HOSPITAL,11365 DORSETT ROAD,MARYLAND HEIGHTS,MO,63043,ST. LOUIS,(314) 872-6400,Hybrid_HWR,Hybrid Hospital-Wide All-Cause Readmission Measure (HWR),Not Available,Not Available,Not Available,Not Available,Not Available,Not Applicable,Not Applicable,19,07/01/2023,06/30/2024
263303,RANKEN JORDAN PEDIATRIC BRIDGE HOSPITAL,11365 DORSETT ROAD,MARYLAND HEIGHTS,MO,63043,ST. LOUIS,(314) 872-6400,OP_32,"Rate of unplanned hospital visits after colonoscopy (per 1,000 colonoscopies)",Not Available,Not Available,Not Available,Not Available,Not Available,Not Applicable,Not Applicable,19,01/01/2022,12/31/2024
263303,RANKEN JORDAN PEDIATRIC BRIDGE HOSPITAL,11365 DORSETT ROAD,MARYLAND HEIGHTS,MO,63043,ST. LOUIS,(314) 872-6400,OP_35_ADM,Rate of inpatient admissions for patients receiving outpatient chemotherapy,Not Available,Not Available,Not Available,Not Available,Not Available,Not Applicable,Not Applicable,19,01/01/2024,12/31/2024
263303,RANKEN JORDAN PEDIATRIC BRIDGE HOSPITAL,11365 DORSETT ROAD,MARYLAND HEIGHTS,MO,63043,ST. LOUIS,(314) 872-6400,OP_35_ED,Rate of emergency department (ED) visits for patients receiving outpatient chemotherapy,Not Available,Not Available,Not Available,Not Available,Not Available,Not Applicable,Not Applicable,19,01/01/2024,12/31/2024
263303,RANKEN JORDAN PEDIATRIC BRIDGE HOSPITAL,11365 DORSETT ROAD,MARYLAND HEIGHTS,MO,63043,ST. LOUIS,(314) 872-6400,OP_36,Ratio of unplanned hospital visits after hospital outpatient surgery,Not Available,Not Available,Not Available,Not Available,Not Available,Not Applicable,Not Applicable,19,01/01/2024,12/31/2024
263303,RANKEN JORDAN PEDIATRIC BRIDGE HOSPITAL,11365 DORSETT ROAD,MARYLAND HEIGHTS,MO,63043,ST. LOUIS,(314) 872-6400,READM_30_AMI,Acute Myocardial Infarction (AMI) 30-Day Readmission Rate,Not Available,Not Available,Not Available,Not Available,Not Available,Not Applicable,Not Applicable,19,07/01/2021,06/30/2024
263303,RANKEN JORDAN PEDIATRIC BRIDGE HOSPITAL,11365 DORSETT ROAD,MARYLAND HEIGHTS,MO,63043,ST. LOUIS,(314) 872-6400,READM_30_CABG,Rate of readmission for CABG,Not Available,Not Available,Not Available,Not Available,Not Available,Not Applicable,Not Applicable,19,07/01/2021,06/30/2024
263303,RANKEN JORDAN PEDIATRIC BRIDGE HOSPITAL,11365 DORSETT ROAD,MARYLAND HEIGHTS,MO,63043,ST. LOUIS,(314) 872-6400,READM_30_COPD,Rate of readmission for chronic obstructive pulmonary disease (COPD) patients,Not Available,Not Available,Not Available,Not Available,Not Available,Not Applicable,Not Applicable,19,07/01/2021,06/30/2024
263303,RANKEN JORDAN PEDIATRIC BRIDGE HOSPITAL,11365 DORSETT ROAD,MARYLAND HEIGHTS,MO,63043,ST. LOUIS,(314) 872-6400,READM_30_HF,Heart failure (HF) 30-Day Readmission Rate,Not Available,Not Available,Not Available,Not Available,Not Available,Not Applicable,Not Applicable,19,07/01/2021,06/30/2024
263303,RANKEN JORDAN PEDIATRIC BRIDGE HOSPITAL,11365 DORSETT ROAD,MARYLAND HEIGHTS,MO,63043,ST. LOUIS,(314) 872-6400,READM_30_HIP_KNEE,Rate of readmission after hip/knee replacement,Not Available,Not Available,Not Available,Not Available,Not Available,Not Applicable,Not Applicable,19,07/01/2021,06/30/2024
263303,RANKEN JORDAN PEDIATRIC BRIDGE HOSPITAL,11365 DORSETT ROAD,MARYLAND HEIGHTS,MO,63043,ST. LOUIS,(314) 872-6400,READM_30_PN,Pneumonia (PN) 30-Day Readmission Rate,Not Available,Not Available,Not Available,Not Available,Not Available,Not Applicable,Not Applicable,19,07/01/2021,06/30/2024
263304,SHRINERS HOSPITALS FOR CHILDREN,4400 CLAYTON AVE,SAINT LOUIS,MO,63110,ST. LOUIS CITY,(314) 432-3600,EDAC_30_AMI,Hospital return days for heart attack patients,Not Available,Not Available,Not Available,Not Available,Not Available,Not Available,Not Available,19,07/01/2021,06/30/2024
263304,SHRINERS HOSPITALS FOR CHILDREN,4400 CLAYTON AVE,SAINT LOUIS,MO,63110,ST. LOUIS CITY,(314) 432-3600,EDAC_30_HF,Hospital return days for heart failure patients,Not Available,Not Available,Not Available,Not Available,Not Available,Not Available,Not Available,19,07/01/2021,06/30/2024
263304,SHRINERS HOSPITALS FOR CHILDREN,4400 CLAYTON AVE,SAINT LOUIS,MO,63110,ST. LOUIS CITY,(314) 432-3600,EDAC_30_PN,Hospital return days for pneumonia patients,Not Available,Not Available,Not Available,Not Available,Not Available,Not Available,Not Available,19,07/01/2021,06/30/2024
263304,SHRINERS HOSPITALS FOR CHILDREN,4400 CLAYTON AVE,SAINT LOUIS,MO,63110,ST. LOUIS CITY,(314) 432-3600,Hybrid_HWR,Hybrid Hospital-Wide All-Cause Readmission Measure (HWR),Not Available,Not Available,Not Available,Not Available,Not Available,Not Applicable,Not Applicable,19,07/01/2023,06/30/2024
263304,SHRINERS HOSPITALS FOR CHILDREN,4400 CLAYTON AVE,SAINT LOUIS,MO,63110,ST. LOUIS CITY,(314) 432-3600,OP_32,"Rate of unplanned hospital visits after colonoscopy (per 1,000 colonoscopies)",Not Available,Not Available,Not Available,Not Available,Not Available,Not Applicable,Not Applicable,19,01/01/2022,12/31/2024
263304,SHRINERS HOSPITALS FOR CHILDREN,4400 CLAYTON AVE,SAINT LOUIS,MO,63110,ST. LOUIS CITY,(314) 432-3600,OP_35_ADM,Rate of inpatient admissions for patients receiving outpatient chemotherapy,Not Available,Not Available,Not Available,Not Available,Not Available,Not Applicable,Not Applicable,19,01/01/2024,12/31/2024
263304,SHRINERS HOSPITALS FOR CHILDREN,4400 CLAYTON AVE,SAINT LOUIS,MO,63110,ST. LOUIS CITY,(314) 432-3600,OP_35_ED,Rate of emergency department (ED) visits for patients receiving outpatient chemotherapy,Not Available,Not Available,Not Available,Not Available,Not Available,Not Applicable,Not Applicable,19,01/01/2024,12/31/2024
263304,SHRINERS HOSPITALS FOR CHILDREN,4400 CLAYTON AVE,SAINT LOUIS,MO,63110,ST. LOUIS CITY,(314) 432-3600,OP_36,Ratio of unplanned hospital visits after hospital outpatient surgery,Not Available,Not Available,Not Available,Not Available,Not Available,Not Applicable,Not Applicable,19,01/01/2024,12/31/2024
263304,SHRINERS HOSPITALS FOR CHILDREN,4400 CLAYTON AVE,SAINT LOUIS,MO,63110,ST. LOUIS CITY,(314) 432-3600,READM_30_AMI,Acute Myocardial Infarction (AMI) 30-Day Readmission Rate,Not Available,Not Available,Not Available,Not Available,Not Available,Not Applicable,Not Applicable,19,07/01/2021,06/30/2024
263304,SHRINERS HOSPITALS FOR CHILDREN,4400 CLAYTON AVE,SAINT LOUIS,MO,63110,ST. LOUIS CITY,(314) 432-3600,READM_30_CABG,Rate of readmission for CABG,Not Available,Not Available,Not Available,Not Available,Not Available,Not Applicable,Not Applicable,19,07/01/2021,06/30/2024
263304,SHRINERS HOSPITALS FOR CHILDREN,4400 CLAYTON AVE,SAINT LOUIS,MO,63110,ST. LOUIS CITY,(314) 432-3600,READM_30_COPD,Rate of readmission for chronic obstructive pulmonary disease (COPD) patients,Not Available,Not Available,Not Available,Not Available,Not Available,Not Applicable,Not Applicable,19,07/01/2021,06/30/2024
263304,SHRINERS HOSPITALS FOR CHILDREN,4400 CLAYTON AVE,SAINT LOUIS,MO,63110,ST. LOUIS CITY,(314) 432-3600,READM_30_HF,Heart failure (HF) 30-Day Readmission Rate,Not Available,Not Available,Not Available,Not Available,Not Available,Not Applicable,Not Applicable,19,07/01/2021,06/30/2024
263304,SHRINERS HOSPITALS FOR CHILDREN,4400 CLAYTON AVE,SAINT LOUIS,MO,63110,ST. LOUIS CITY,(314) 432-3600,READM_30_HIP_KNEE,Rate of readmission after hip/knee replacement,Not Available,Not Available,Not Available,Not Available,Not Available,Not Applicable,Not Applicable,19,07/01/2021,06/30/2024
263304,SHRINERS HOSPITALS FOR CHILDREN,4400 CLAYTON AVE,SAINT LOUIS,MO,63110,ST. LOUIS CITY,(314) 432-3600,READM_30_PN,Pneumonia (PN) 30-Day Readmission Rate,Not Available,Not Available,Not Available,Not Available,Not Available,Not Applicable,Not Applicable,19,07/01/2021,06/30/2024
